ciudad,nombre,prioridad,lat,lng,lugar_busqueda,tipo,precio,descripcion,url,reserva,mejor_momento
Lisboa,Mosteiro dos Jerónimos,Solo mapeado,38.698008,-9.205744,"Mosteiro dos Jerónimos, Lisboa, Portugal",Monumento,Gratis,La obra maestra del estilo manuelino (arquitectura única del s. XVI que fusiona gótico con motivos náuticos y orientales); claustro de dos plantas que es uno de los más bellos de Europa; sepulcros de Vasco da Gama y Luís de Camões; iglesia GRATIS — €18 adulto (claustros y exposición) / iglesia GRATIS — reservar online obligatorio desde junio 2026; llegar en apertura para el claustro sin masas,,Obligatoria,
Lisboa,Torre de Belém,Solo mapeado,38.691586,-9.215929,"Torre de Belém, Lisboa, Portugal",Monumento,€15,La torre del s. XVI que vigilaba la entrada del Tajo; símbolo de Lisboa; arquitectura manuelina en la orilla del río; reabrió mayo 2026 con entrada controlada — reservar online con anticipación; tope de 60 personas por franja de 30min,,Recomendada,
Lisboa,Padrão dos Descobrimentos,Solo mapeado,38.694466,-9.206026,"Padrão dos Descobrimentos, Lisboa, Portugal",Monumento,€10,"El monumento de 1960 en forma de proa de barco conmemorando los navegantes portugueses; subida a la plataforma con vistas a Belém, el Tajo y el Jerónimos",,No necesaria,
Lisboa,Castelo de São Jorge,Solo mapeado,38.714263,-9.132760,"Castelo de São Jorge, Lisboa, Portugal",Monumento,€15,El castillo morisco-medieval en la cima de la colina de Alfama; vistas panorámicas de Lisboa; exposición arqueológica con hallazgos del s. I-XI — reservar online en BOL,,Recomendada,
Lisboa,Arco da Rua Augusta,Solo mapeado,38.708443,-9.136816,"Arco da Rua Augusta, Lisboa, Portugal",Monumento,€2.50,El arco neoclásico del s. XIX que da acceso a la Praça do Comércio; subida a la plataforma con vistas de los tejados de la Baixa,,No necesaria,
Lisboa,Convento do Carmo,Solo mapeado,38.712177,-9.140160,"Convento do Carmo, Lisboa, Portugal",Monumento,€5,Las ruinas de la nave del s. XV abiertas al cielo tras el terremoto de 1755; esqueletos y momias en el interior; uno de los lugares más únicos de la ciudad,,No necesaria,
Lisboa,Igreja de São Roque,Solo mapeado,38.713620,-9.143427,"Igreja de São Roque, Lisboa, Portugal",Iglesia,Gratis,"La iglesia jesuita del s. XVI con el interior barroco más dorado y elaborado de Lisboa; la Capilla de São João Baptista es un prodigio de lapislázuli, ágata y mármol — desconocida por la mayoría de turistas; está en el Bairro Alto",,No necesaria,
Lisboa,Sé de Lisboa,Solo mapeado,38.709818,-9.132800,"Sé de Lisboa, Lisboa, Portugal",Iglesia,Gratis,La catedral románica más antigua de la ciudad (s. XII); exterior imponente en la colina de Alfama; claustro y tesouro opcionales,,No necesaria,
Lisboa,Miradouro da Graça,Solo mapeado,38.716523,-9.131543,"Miradouro da Graça, Lisboa, Portugal",Mirador,Gratis,El segundo mejor mirador; terraza con vista directa al Castelo y los tejados de Alfama; banco con vista perfecta,,No necesaria,
Lisboa,Miradouro das Portas do Sol,Solo mapeado,38.712346,-9.130366,"Miradouro das Portas do Sol, Lisboa, Portugal",Mirador,Gratis,"El mirador más fotogénico de Alfama; cúpulas naranjas, azulejos y el Tejo de fondo; café con terraza",,No necesaria,
Lisboa,Miradouro de Santa Luzia,Solo mapeado,38.711741,-9.130216,"Miradouro de Santa Luzia, Lisboa, Portugal",Mirador,Gratis,El mirador de los azulejos; paneles de azulejo históricos en la pared lateral que narran episodios de la historia de Lisboa; jardín con flores,,No necesaria,
Lisboa,Miradouro de Santa Catarina,Solo mapeado,38.709450,-9.147724,"Miradouro de Santa Catarina, Lisboa, Portugal",Mirador,Gratis,"El mirador del Bairro Alto; estatua del Adamastor gigante; ambiente más bohemio y con músicos callejeros; vistas al 25 de Abril — más local, menos turístico que los de Alfama",,No necesaria,
Lisboa,Miradouro Parque Eduardo VII,Solo mapeado,38.728212,-9.153014,"Parque Eduardo VII, Lisboa, Portugal",Mirador,Gratis,Vista del eje central de Lisboa desde arriba; el río al fondo; fácil acceso desde el metro,,No necesaria,
Lisboa,Elevador de Santa Justa,Solo mapeado,38.712117,-9.139375,"Elevador de Santa Justa, Lisboa, Portugal",Transporte,€6,El ascensor de hierro del s. XX que conecta la Baixa con el Chiado; más visual que útil como transporte; vistas desde la plataforma superior — verificar estado operativo (se reportó como cerrado en 2025-2026); la alternativa: subir a pie por Rua do Carmo desde el Chiado,,,
Lisboa,MAAT,Solo mapeado,38.695934,-9.193624,"MAAT, Lisboa, Portugal",Museo,€11,Museo contemporáneo de arquitectura única en la ribera de Belém; edificio de azulejo blanco ondulado de Amanda Levete; exposiciones de arte y tecnología — el edificio exterior es gratis y espectacular,,,
Lisboa,Fundação Calouste Gulbenkian,Solo mapeado,38.737290,-9.154801,"Fundação Calouste Gulbenkian, Lisboa, Portugal",Museo,,"La colección privada más importante de Portugal y de Europa; arte islámico, greco-romano, impressionismo, artes decorativas de 3000 años de historia; jardines extraordinarios (verificar precio 2026; cerrado desde marzo 2025, reapertura prevista julio 2026)",,,
Lisboa,Museu Nacional do Azulejo,Solo mapeado,38.724724,-9.113914,"Museu Nacional do Azulejo, Lisboa, Portugal",Museo,,La colección de azulejos más importante del mundo; desde los primeiros azulejos del s. XV hasta los actuales; instalado en un convento del s. XVI — verificar si está abierto en septiembre 2026 (cerrado para renovación),,,
Lisboa,Museu Nacional de Arte Antiga,Solo mapeado,38.704785,-9.161466,"Museu Nacional de Arte Antiga, Lisboa, Portugal",Museo,€10,"La pinacoteca más importante de Portugal; colección de pintura portuguesa e flamenca del s. XV-XVIII; ""As Tentações de Santo Antão"" de Bosch",,,
Lisboa,Museu dos Coches,Solo mapeado,38.696864,-9.197987,"Museu Nacional dos Coches, Lisboa, Portugal",Museo,€10,La mayor colección de carruajes históricos del mundo; coches reales del s. XVII-XIX; espectacular museo nuevo en Belém,,,
Lisboa,Museu do Fado,Solo mapeado,38.711025,-9.127660,"Museu do Fado, Lisboa, Portugal",Museo,€8,"La historia y el sonido del fado, el género musical nacido en Alfama; instrumentos, fotografías, grabaciones y performances",,,
Lisboa,Museu Nacional de Arqueologia,Solo mapeado,38.697366,-9.207079,"Museu Nacional de Arqueologia, Lisboa, Portugal",Museo,,(Belém) - Artefactos portugueses desde la Prehistoria hasta la Época Romana; en el mismo edificio que los Jerónimos,,,
Lisboa,Alfama,Solo mapeado,38.711756,-9.132011,"Alfama, Lisboa, Portugal",Barrio,Gratis,"El barrio más auténtico de Lisboa; laberinto de callejuelas moriscas del s. VIII, ropa tendida entre casas, gatos durmiendo en escalones; mejor muy temprano o tarde (después de las 18h) para vivir el barrio sin masas — ""Alfama a las 7am es otra ciudad; los locales pasean, los gatos duermen en la puerta, las viejitas charlan en las ventanas"" (r/LisbonPortugalTravel)",,No necesaria,Antes de las 8am
Lisboa,Baixa / Chiado,Solo mapeado,38.710330,-9.140519,"Chiado, Lisboa, Portugal",Barrio,Gratis,"El centro monumental reconstruido tras el terremoto de 1755; Praça do Comércio al río, Rossio en el centro, el Chiado como zona de cafés y boutiques; la columna vertebral turística de Lisboa",,No necesaria,
Lisboa,Mouraria,Solo mapeado,38.714991,-9.134842,"Mouraria, Lisboa, Portugal",Barrio,Gratis,"El barrio morisco original, más auténtico que Alfama con la mitad de turistas; multicultural, con restaurantes de todo el mundo, la escena de fado más genuina",,No necesaria,
Lisboa,Bairro Alto,Solo mapeado,38.713392,-9.145552,"Bairro Alto, Lisboa, Portugal",Barrio,Gratis,"El barrio de los bares; cientos de bares en calles estrechas, animado de noche; de día es silencioso y con algunas de las mejores tiendas vintage; junto a la Igreja de São Roque",,No necesaria,
Lisboa,Príncipe Real,Solo mapeado,38.716576,-9.148204,"Príncipe Real, Lisboa, Portugal",Barrio,Gratis,"El barrio más elegante de Lisboa; plazas arboladas, cafés artesanales de especialidad, tiendas de diseño independiente, el mejor mercado orgánico (Sábado)",,No necesaria,
Lisboa,Belém,Solo mapeado,38.699193,-9.209627,"Belém, Lisboa, Portugal",Barrio,Gratis,"La zona monumental junto al río; Jerónimos, Torre de Belém, MAAT, los Pastéis originales; medio día para verlo todo",,No necesaria,
Lisboa,Cais do Sodré,Solo mapeado,38.705681,-9.143548,"Cais do Sodré, Lisboa, Portugal",Barrio,Gratis,La zona nocturna de Lisboa; Mercado da Ribeira (Time Out Market) + la Pink Street (Rua Nova do Carvalho) con bares pintados de rosa; el Martim Moniz del turismo gentrificado,,No necesaria,
Lisboa,Campo de Ourique,Solo mapeado,38.715326,-9.167935,"Campo de Ourique, Lisboa, Portugal",Barrio,Gratis,"El barrio residencial más querido por los locales; sin turistas, con el Mercado de Campo de Ourique (alternativa más auténtica al Time Out), cafés de barrio y el tranvía 25E",,No necesaria,
Lisboa,LX Factory,Solo mapeado,38.702600,-9.178662,"LX Factory, Lisboa, Portugal",Barrio,Gratis,"Complejo de fábricas reconvertidas bajo el Puente 25 de Abril; tiendas independientes, restaurantes, galería; mejor el domingo cuando hay feria de segunda mano",,No necesaria,
Lisboa,Elevador da Bica,Solo mapeado,38.709758,-9.146205,"Elevador da Bica, Lisboa, Portugal",Transporte,€4.10,El funicular más fotogénico de Lisboa; baja desde el Bairro Alto hasta Cais do Sodré,,,
Lisboa,Elevador da Glória,Solo mapeado,38.715232,-9.143404,"Elevador da Glória, Lisboa, Portugal",Transporte,€4.10,El funicular del Bairro Alto desde Restauradores; vistas sobre los tejados,,,
Lisboa,Sintra,Solo mapeado,38.835545,-9.352237,"Sintra, Lisboa, Portugal",Day trip,~€14 Pena,"Los palacios de cuento de hadas entre pinos y niebla a 40min en tren; Palácio da Pena (amarillo y rojo, obligatorio), Castelo dos Mouros (ruinas medievales con vistas), Palácio Nacional de Sintra (en el pueblo) — ir entre semana (mar-jue); en fin de semana es caótico incluso en sept; comprar tickets online días antes; tren desde Rossio o Oriente",,,
Lisboa,Cascais,Solo mapeado,38.696892,-9.420450,"Cascais, Lisboa, Portugal",Day trip,€2.40,"El pueblo costero elegante a 40min en tren; playa, centro histórico, fortaleza; la línea de Cascais desde Cais do Sodré es uno de los recorridos en tren más bonitos de Europa",,,
Lisboa,Óbidos,Solo mapeado,38.704370,-9.162792,"Óbidos, Lisboa, Portugal",Day trip,Gratis,Pueblo medieval amurallado completo; el paseo sobre las murallas es gratis; a 1h en bus,,No necesaria,
Porto,Estação de São Bento,Solo mapeado,41.145510,-8.611012,"Estação de São Bento, Porto, Portugal",Monumento,Gratis,"La estación de tren más hermosa del mundo; 20.000 paneles de azulejo que narran escenas históricas de Portugal pintados por Jorge Colaço (1900-1916); visitar aunque no se tome ningún tren — ""entrar a São Bento es obligatorio y es gratis; es uno de los mejores 15 minutos de Porto"" (r/TravelPortugal)",,No necesaria,
Porto,Livraria Lello,Solo mapeado,41.146817,-8.614911,"Livraria Lello, Porto, Portugal",Monumento,€10,"La librería más bella del mundo; escalera central de madera tallada en rojo carmesí, techo de cristal emplomado, balcones de hierro forjado; inspiración parcial de Hogwarts según algunos autores — ir al abrir (9:30am) o",,No necesaria,Después de las 17h para evitar el pico 11am-15pm
Porto,Torre dos Clérigos,Solo mapeado,41.145655,-8.614627,"Torre dos Clérigos, Porto, Portugal",Monumento,€10,La torre barroca de 76m del s. XVIII; símbolo del skyline de Porto; vistas sobre los tejados de tejas naranjas y el Douro desde arriba — subida por escalera en espiral estrecha; las vistas desde el exterior del campanario son para los que no sufren vértigo,,No necesaria,
Porto,Palácio da Bolsa,Solo mapeado,41.141312,-8.616000,"Palácio da Bolsa, Porto, Portugal",Monumento,€10,"El Palacio de la Bolsa del s. XIX de la Asociación Comercial de Porto; la Sala Árabe (inspirada en la Alhambra, con inscripciones árabes que dicen ""Gloria a Alá"" en un edificio cristiano) es absolutamente impresionante",,No necesaria,
Porto,Igreja de São Francisco,Solo mapeado,41.140982,-8.615708,"Igreja de São Francisco, Porto, Portugal",Iglesia,,La iglesia gótica del s. XIV con el interior dorado más impactante de Portugal; 200kg de oro en talla barroca del s. XVIII; cripta y ossario (precio a confirmar en bilheteira),,,
Porto,Sé do Porto,Solo mapeado,41.142894,-8.611624,"Sé do Porto, Porto, Portugal",Iglesia,Gratis,La catedral románica del s. XII en la cima de la colina; claustro con azulejos del s. XVIII; altar barroco de plata; terraza con vistas,,No necesaria,
Porto,Ponte Dom Luís I,Solo mapeado,41.140170,-8.609458,"Ponte Luís I, Porto, Portugal",Monumento,Gratis,El puente de hierro doble de Eiffel sobre el Douro (1886); el nivel superior es peatonal con vistas incomparables a la Ribeira y las bodegas de Gaia; el nivel inferior tiene el tranvía y más tráfico — cruzar por el nivel superior para la vista,,No necesaria,
Porto,Alfândega do Porto,Solo mapeado,41.144179,-8.622269,"Alfândega do Porto, Porto, Portugal",Monumento,Gratis,El edificio aduanero neoclásico reconvertido en museo y centro de convenciones; fachada impresionante sobre el río,,No necesaria,
Porto,Igreja do Carmo,Solo mapeado,41.147456,-8.616255,"Igreja do Carmo, Porto, Portugal",Iglesia,Gratis,Las dos iglesias gemelas del s. XVIII separadas por la casa más estrecha de Porto (1.30m de ancho); azulejos azules en la fachada de do Carmo son icónicos (GRATIS ver exterior; visita interior sin costo fijo),,No necesaria,
Porto,Sandeman,Solo mapeado,41.137548,-8.612464,"Sandeman Cellars, Porto, Portugal",Bodega,€23,"La bodega más reconocible; el ""Don"" en capa negra es uno de los logos más famosos del mundo; visita estándar 50min + 3 vinos; experiencias más largas hasta €53+",,,
Porto,Graham's 1890 Lodge,Solo mapeado,41.137472,-8.624142,"Graham's Port Lodge, Porto, Portugal",Bodega,€30,La bodega más aclamada por críticos de vino; terraza con vistas al Douro; visita + tasting desde €30; premium €40-45,,,
Porto,Cais da Ribeira,Solo mapeado,41.140352,-8.613047,"Cais da Ribeira, Porto, Portugal",Paseo,Gratis,La orilla del Douro con los edificios coloridos de 6 pisos al fondo; una de las imágenes más icónicas de Portugal; mejor,,No necesaria,Después de las 18h
Porto,Ribeira,Solo mapeado,41.140700,-8.612595,"Ribeira, Porto, Portugal",Barrio,Gratis,"El corazón histórico de Porto; callejuelas medievales que bajan al río, azulejos en las fachadas, el paseo del Cais da Ribeira; Patrimonio UNESCO; las fotos sin multitudes",,No necesaria,Mejor temprano mañana
Porto,Bonfim,Solo mapeado,41.151070,-8.593957,"Bonfim, Porto, Portugal",Barrio,Gratis,"El barrio de moda de Porto; antiguas fábricas reconvertidas en restaurantes, tiendas de diseño, galerías; el Brooklyn de Porto; sin turistas masivos",,No necesaria,
Porto,Cedofeita,Solo mapeado,41.156076,-8.622714,"Cedofeita, Porto, Portugal",Barrio,Gratis,"El barrio de las librerías y las tiendas independientes de Porto; cafés artesanales, anticuarios, museos pequeños; el corazón cultural alternativo de la ciudad",,No necesaria,
Porto,Foz do Douro,Solo mapeado,41.150846,-8.669108,"Foz do Douro, Porto, Portugal",Barrio,Gratis,"La desembocadura del Douro en el océano Atlántico; costa rocosa, faro, el Jardim da Sereia; el paseo de los portenses los domingos; excelente para cenar mariscos",,No necesaria,
Porto,Matosinhos,Solo mapeado,41.180681,-8.682200,"Matosinhos, Porto, Portugal",Barrio,Gratis,"El pueblo pesquero a 15min en metro; la playa de surf, la Mercado Municipal, los mejores restaurantes de mariscos de Porto (a mejor precio que la Ribeira)",,No necesaria,
Porto,Vila Nova de Gaia,Solo mapeado,41.129226,-8.605740,"Vila Nova de Gaia, Porto, Portugal",Barrio,Gratis,El barrio de las bodegas al otro lado del Douro; miradores sobre Porto desde la ribera norte de Gaia; el teleférico de Gaia opcional,,No necesaria,
Porto,Jardim das Virtudes,Solo mapeado,41.145192,-8.619123,"Jardim das Virtudes, Porto, Portugal",Parque,Gratis,"El parque favorito de los estudiantes de Porto; terraza en pendiente con vistas al Douro y la Ribeira; llegada de universitarioss y guitarras — ""el lugar donde vas a entender cómo vive realmente Porto"" (r/TravelPortugal)",,No necesaria,Llegar antes de las 18h para conseguir sitio en la hierba; Al atardecer
Porto,Jardins do Palácio de Cristal,Solo mapeado,41.147034,-8.626276,"Jardins do Palácio de Cristal, Porto, Portugal",Parque,Gratis,Jardines del s. XIX con pabellón sobre la colina y vistas al Douro; pavos reales sueltos; tranquilo y sin turistas,,No necesaria,
Porto,Miradouro da Serra do Pilar,Solo mapeado,41.138312,-8.608659,"Miradouro da Serra do Pilar, Porto, Portugal",Mirador,Gratis,"El mirador desde el otro lado del Douro; circular, sobre el convento; la panorámica más completa de Porto (GRATIS desde el exterior; interior del convento a veces visitable)",,No necesaria,
Porto,Teleférico de Gaia,Solo mapeado,41.137325,-8.616209,"Teleférico de Gaia, Porto, Portugal",Transporte,€6,Cabina aérea que baja desde Serra do Pilar hasta el río en Gaia; vistas del Douro en cámara lenta,,,
Porto,Jardim do Morro,Solo mapeado,41.137615,-8.608707,"Jardim do Morro, Porto, Portugal",Parque,Gratis,El parque elevado al pie del teleférico con vistas a Porto,,No necesaria,
Porto,Museu Soares dos Reis,Solo mapeado,41.148277,-8.621397,"Museu Nacional Soares dos Reis, Porto, Portugal",Museo,€5,El museo de arte más importante del norte de Portugal; escultura portuguesa del s. XIX y pintura nacional; en el palacio de Carrancas,,,
Porto,Serralves,Solo mapeado,41.159132,-8.659406,"Museu de Arte Contemporânea de Serralves, Porto, Portugal",Museo,€20,Arte contemporáneo en parque diseñado por Álvaro Siza; la arquitectura blanca y minimalista es tan importante como las obras; el parque solo ya vale la pena,,,
Porto,World of Wine (WOW),Solo mapeado,41.134737,-8.614346,"World of Wine, Porto, Portugal",Museo,€13-35,"Complejo de 7 museos temáticos en Gaia sobre el vino, la moda portuguesa, el diseño, la fotografía; es nuevo (2020) y polémico; para quienes quieren profundidad sobre el vino de Oporto más allá de los tours de bodega",,,
Porto,Casa da Música,Solo mapeado,41.158903,-8.630775,"Casa da Música, Porto, Portugal",Música,€10,La sala de conciertos de arquitectura extrema de Rem Koolhaas (2005); tours por el interior o asistir a un concierto,,,
Porto,Museu do Carro Eléctrico,Solo mapeado,41.147979,-8.632638,"Museu do Carro Eléctrico, Porto, Portugal",Museo,€4,El museo de los tranvías históricos de Porto; la colección más completa de tramway vintage de la Península Ibérica,,,
Lisboa,Miradouro da Senhora do Monte,Solo mapeado,38.719000,-9.132500,"Miradouro da Senhora do Monte, Lisboa, Portugal",Mirador,Gratis,"El mirador más alto de Lisboa y el menos turístico; vistas 360° sobre toda la ciudad incluyendo el Castelo, el Tejo y el 25 de Abril; ""el secreto que los locales no quieren que sepas"" (múltiples posts r/Lisbon)",,No necesaria,
Florencia,Ponte Vecchio,Solo mapeado,43.768025,11.253158,"Ponte Vecchio, Firenze, Italy",Sitio,Gratis,El puente medieval del s. XIV repleto de joyerías; ire — el Arno en la madrugada de octubre tiene una luz increíble: GRATIS,,No necesaria,Al amanecer
Florencia,Piazza della Signoria,Solo mapeado,43.769574,11.255864,"Piazza della Signoria, Firenze, Italy",Sitio,Gratis,"""Museo al aire libre"": réplicas de obras icónicas (David en la entrada de Palazzo Vecchio, Perseo de Cellini, etc.); Tip de Cande: comprar una focaccia en *All'Antico Vinaio* y comerla en la plaza: GRATIS",,No necesaria,
Florencia,Piazzale Michelangelo,Solo mapeado,43.762828,11.264993,"Piazzale Michelangiolo, Firenze, Italy",Sitio,Gratis,"Vistas panorámicas clásicas; hay bar quiosco con precios de ""vista""; Cande sugiere bebidaser)",,No necesaria,Al atardecer
Florencia,Mercado Central (San Lorenzo),Solo mapeado,43.776549,11.253631,"Mercato Centrale, Firenze, Italy",Sitio,Gratis,Planta baja: productos frescos por la mañana; vida local auténtica; la planta alta es muy turística y cara — evitar para comer: GRATIS entrar,,No necesaria,
Florencia,Mercato di Sant'Ambrogio,Solo mapeado,43.770482,11.266782,"Mercato di Sant'Ambrogio, Firenze, Italy",Sitio,Gratis,"Mercado de barrio, menos turístico que San Lorenzo; buena dosis de vida local cotidiana; activo por la mañana: GRATIS",,No necesaria,
Florencia,Galleria degli Uffizi,Solo mapeado,43.768313,11.255801,"Galleria degli Uffizi, Firenze, Italy",Museo,€25,"La colección de arte renacentista más importante del mundo; Botticelli (Nacimiento de Venus, Primavera), Leonardo, Caravaggio, Rafael, Miguel Ángel; €25 adulto en taquilla / €29 comprando online con antelación (incluye suplemento de reserva); tarifa tarde (a partir de 16h): €16; reducido €2 ciudadanos UE 18-25…",https://www.uffizi.it/en/tickets,Recomendada,
Florencia,Galleria dell'Accademia (David),Solo mapeado,43.776917,11.258758,"Galleria dell'Accademia, Firenze, Italy",Museo,€16,El David original de Miguel Ángel (5.17m de mármol blanco); €16 adulto + €4 suplemento reserva online = €20 total; reducido €2 ciudadanos UE 18-25; gratis menores 18 y primer domingo del mes; fila brutal sin reserva — reservar siempre online,https://www.galleriaaccademiafirenze.it/en/tickets/,No necesaria,
Florencia,Palazzo Vecchio (Museo Cívico),Solo mapeado,43.769143,11.256140,"Palazzo Vecchio, Firenze, Italy",Museo,€12-14,El palacio del gobierno medieval; el Salón de los Quinientos; ~€12-14 adulto (verificar en musefirenze.it); exterior e interior del patio gratis,,,
Florencia,Museo del Bargello,Solo mapeado,43.770379,11.258262,"Palazzo del Bargello, Firenze, Italy",Museo,€10,"Esculturas del Renacimiento (Donatello, Michelangelo, Cellini) en un edificio medieval; menos saturado que los grandes; ~€10 adulto (verificar)",,,
Florencia,Officina Profumo-Farmaceutica di Santa Maria Novella,Solo mapeado,43.774139,11.247779,"Museo dell'Officina Profumo - Farmaceutica di Santa Maria Novella, Firenze, Italy",Museo,Gratis,"La farmacia más antigua de Europa (fundada por monjes en 1221); un palacio del s. XIII convertido en perfumería; visualmente impresionante, huele increíble; vale entrar aunque no compres nada: GRATIS",,No necesaria,
Florencia,Basilica di Santa Croce,Solo mapeado,43.768365,11.263020,"Basilica di Santa Croce, Firenze, Italy",Museo,€8,"El ""panteón"" de los grandes italianos: Dante (cenotafio), Galileo, Maquiavelo, Michelangelo; ~€8 adulto (verificar); la fachada neogótica es gratis de ver desde la plaza",,,
Florencia,Oltrarno (Santo Spirito + San Frediano),Solo mapeado,43.766103,11.250474,"Oltrarno, Firenze, Italy",Barrio,Gratis,"El lado ""cool"" de Florencia, al sur del Arno; artesanos, anticuarios, bares locales y restaurantes sin menú turístico; la Piazza di Santo Spirito es el punto de encuentro nocturno; el barrio más recomendado por Reddit para comer bien y vivir la ciudad real: GRATIS",,No necesaria,
Florencia,San Miniato al Monte,Solo mapeado,43.759432,11.265143,"Basilica di San Miniato al Monte, Firenze, Italy",Sitio,Gratis,Está más arriba que Piazzale Michelangelo; vistas SUPERIORES con casi nadie; la iglesia románica del s. XI es extraordinaria; a las 17:30 se puede escuchar a los monjes cantar cantos gregorianos — una de las recomendaciones más repetidas en todo Reddit para Florencia: GRATIS,,No necesaria,
Florencia,Mercato Nuovo (Il Porcellino),Solo mapeado,43.770011,11.254052,"Piazza del Mercato Nuovo, Firenze, Italy",Sitio,Gratis,El mercadillo cubierto del s. XVI en el centro; la fuente del jabalí de bronce: tocarle el hocico da suerte y promete el regreso a Florencia; GRATIS,,No necesaria,
Florencia,Piazza della Repubblica,Solo mapeado,43.771519,11.254011,"Piazza della Repubblica, Firenze, Italy",Sitio,Gratis,La antigua plaza romana del foro; bajo los arcos históricos; buena pausa con café; menos agobiante que el entorno del Duomo: GRATIS,,No necesaria,
Roma,Coliseo,Solo mapeado,41.890942,12.491903,"Colosseo, Roma, Italy",Sitio histórico,€18,"El anfiteatro más grande del mundo romano (70, 000 espectadores); 400 años de espectáculos de gladiadores y caza de animales; €18 adulto entrada estándar (24h; incluye Foro Romano + Palatino); Full Experience con arena floor o hipogeo: €24+ (válido 2 días); comprar con reserva de hora en ticketing.colosseo.it; 1er domingo del mes: GRATIS",,,
Roma,Foro Romano + Palatino,Solo mapeado,41.892629,12.487049,"Foro Romano, Roma, Italy",Sitio histórico,Gratis,"Incluido en el ticket del Coliseo; el Palatino tiene menos multitudes que el Foro y jardines con vistas; Tip Local: el Foro tiene muy poca sombra y casi sin carteles explicativos — descargar el audio tour de Rick Steves antes de ir o no entenderás nada más allá de ""piedras rotas""",,No necesaria,
Roma,Arco de Constantino,Solo mapeado,41.889762,12.490667,"Arco di Costantino, Roma, Italy",Sitio histórico,Gratis,El arco de triunfo mejor conservado de Roma; entre el Coliseo y el Palatino; fotografía imprescindible: GRATIS,,No necesaria,
Roma,Circus Maximus,Solo mapeado,41.886158,12.485309,"Circo Massimo, Roma, Italy",Sitio histórico,Gratis,"El estadio de carreras de carros más grande del mundo antiguo (250, 000 espectadores); hoy es un parque; escala impresionante desde las terrazas del Palatino: GRATIS",,No necesaria,
Roma,Panteón,Solo mapeado,41.898616,12.476833,"Pantheon, Roma, Italy",Sitio histórico,€7,El edificio de la antigüedad clásica mejor conservado del mundo; el óculo abierto en la cúpula drena el agua de lluvia por el piso de mármol original — ir durante o justo después de lluvia para la experiencia única; €7 adulto (precio desde julio 2026); gratis menores 18 y primer domingo del mes; reserva online obligatoria (no hay venta en taquilla),https://www.pantheonroma.com/en/visit-the-pantheon/,Obligatoria,
Roma,Fontana di Trevi,Solo mapeado,41.900978,12.483285,"Fontana di Trevi, Roma, Italy",Sitio histórico,€2,La fuente más famosa del mundo; nueva tarifa de acceso €2 vigente desde 2026; ir a las 6:30 AM para tenerla casi sola; también funciona post-1:00 AM pero implica logística nocturna; multas de hasta €250 por sentarse en el borde o tocar el agua,,,
Roma,Museos Vaticanos + Capilla Sixtina,Solo mapeado,41.904927,12.454622,"Musei Vaticani, Roma, Italy",Sitio,€20,54 galerías con la mayor colección de arte papal; la Sixtina es la culminación; €20 adulto online (sin suplemento) / €25 con suplemento de gestión; reducido €10 para 7-18 años; gratis menores 7; €7 extra la audioguía; 25 oct = último domingo del mes = GRATIS (igualmente requiere reservar slot); Tip Reddit: laberinto interminable y caluroso…,https://tickets.museivaticani.va/,Recomendada,
Roma,Basílica de San Pedro,Solo mapeado,41.902162,12.453713,"Basilica di San Pietro in Vaticano, Roma, Italy",Sitio,Gratis,"La basílica más grande del mundo; GRATIS; para evitar colas masivas de seguridad en la plaza, ir a las 7:00 AM apenas abren; tumbas papales y arquitectura que corta el aliento incluso sin subir a la cúpula",,No necesaria,
Roma,Castel Sant'Angelo,Solo mapeado,41.903118,12.466343,"Castel Sant'Angelo, Roma, Italy",Sitio,€16,Mausoleo de Adriano convertido en fortaleza papal; las terrazas dan vistas al Tíber y al Vaticano; pasaje secreto (Passetto di Borgo) que conectaba con el Vaticano; ~€16 adulto básico (verificar en coopculture.it antes de ir); gratis 1er domingo del mes,,,
Roma,Galleria Borghese,Solo mapeado,41.914113,12.492105,"Galleria Borghese, Roma, Italy",Museo,Gratis,"Pinacoteca de tamaño perfecto (visita de 2h exactas); Bernini (sus esculturas son de otro nivel), Canova, Caravaggio, Tiziano, Rafael; el jardín de la Villa Borghese alrededor es un parque precioso y gratuito; €16 adulto + €2 gestión = €18 total; turno final del día: €11 + €2 = €13; ciudadanos UE 18-25: solo €2 gestión; gratis menores 18…",https://borghese.gallery/tickets/,Obligatoria,
Roma,Monumento a Vittorio Emanuele II (Vittoriano / Altare della Patria),Solo mapeado,41.894687,12.483066,"Altare della Patria, Roma, Italy",Museo,Gratis,"""La máquina de escribir"" como lo llaman los romanos; el edificio base + salas interiores: GRATIS; terraza panorámica con ascensor de cristal: ~€17-18 adulto (verificar en vive.cultura.gov.it); Cande lo recomienda por las vistas muy lindas sobre el Foro y el centro histórico",,No necesaria,
Roma,Musei Capitolini,Solo mapeado,41.892666,12.482201,"Musei Capitolini, Roma, Italy",Museo,€15,"Los museos más antiguos del mundo (inaugurados en 1471); Marco Aurelio original (el de la plaza es copia), la Lupa Capitolina, Constantino gigante; ~€15 adulto (verificar); vista sobre el Foro desde la terraza: impresionante",,,
Roma,Palazzo Doria Pamphilj,Solo mapeado,41.897824,12.481561,"Palazzo Doria Pamphilj, Roma, Italy",Museo,€16,"Colección privada increíble (Caravaggio, Velázquez, Bernini) con sala propia para cada obra; menos conocido que los Borghese pero altísimo nivel; ~€16 adulto (verificar)",,,
Roma,Trastevere,Solo mapeado,41.891159,12.466846,"Trastevere, Roma, Italy",Barrio,Gratis,"El barrio más ""romano"" del centro histórico; adoquines y hiedra, trattorias sin menú turístico, vida nocturna auténtica en las plazas; el mejor barrio para comer y vivir la noche romana según Cande: GRATIS",,No necesaria,
Roma,Testaccio,Solo mapeado,41.878818,12.476769,"Testaccio, Roma, Italy",Barrio,Gratis,El verdadero corazón de la comida romana; el barrio de los antiguos mataderos reconvertido; Mercato di Testaccio para almorzar entre locales; Monte Testaccio (colina formada por 53 millones de ánforas romanas rotas); GRATIS explorar,,No necesaria,
Roma,Monti,Solo mapeado,41.891973,12.495658,"Monti, Roma, Italy",Barrio,Gratis,"El barrio más antiguo de Roma, entre el Coliseo y Termini; ambiente de pueblo en plena ciudad; boutiques vintage, talleres artesanales, trattorias; el favorito de Reddit para alojarse — caminable a los grandes sitios sin precios de trampa turística: GRATIS",,No necesaria,
Roma,Campo de' Fiori,Solo mapeado,41.895577,12.472159,"Campo de' Fiori, Roma, Italy",Barrio,Gratis,"Plaza de mercado de día (verduras, flores, especias); de noche se convierte en punto de encuentro estudiantil; la estatua de Giordano Bruno (quemado aquí por la Inquisición) preside la plaza: GRATIS",,No necesaria,
Roma,Piazza Navona,Solo mapeado,41.898928,12.473118,"Piazza Navona, Roma, Italy",Barrio,Gratis,La plaza barroca más espectacular de Roma; la Fuente de los Cuatro Ríos de Bernini en el centro; artistas y artesanos alrededor; paseo clásico de noche: GRATIS,,No necesaria,
Roma,Aventino,Solo mapeado,41.883694,12.479417,"Aventino, Roma, Italy",Barrio,Gratis,"La colina más tranquila de Roma; jardines, iglesias medievales, sin turismo masivo; la cerradura mágica y los Giardini degli Aranci: ver Off the Beaten Path abajo: GRATIS",,No necesaria,
Roma,Pigneto,Solo mapeado,41.888534,12.533628,"Pigneto, Roma, Italy",Barrio,Gratis,"El barrio más auténtico y en transformación de Roma; street art, bares locales, aperitivo económico; la zona de la película ""Roma"" de Visconti; lejos del centro turístico: GRATIS",,No necesaria,
Roma,Ostiense,Solo mapeado,41.857283,12.477881,"Ostiense, Roma, Italy",Barrio,Gratis,"Zona industrial reconvertida; el Mercato Ostiense (diseñado por Mussolini como el gran mercado de la ciudad), galería MACRO Testaccio; ambiente alternativo nocturno: GRATIS",,No necesaria,
Roma,Aventine Keyhole (Buco della serratura),Solo mapeado,41.883486,12.477480,"Villa del Priorato di Malta, Roma, Italy",Sitio,Gratis,"En la colina del Aventino, miras por la cerradura de una puerta verde del Priorato dei Cavalieri di Malta y ves la cúpula de San Pedro perfectamente enmarcada por un túnel de arbustos; uno de los mejores ""momentos"" de Roma: GRATIS",,No necesaria,
Roma,Giardino degli Aranci (Terraza del Aventino),Solo mapeado,41.885426,12.479908,"Giardino degli Aranci, Roma, Italy",Sitio,Gratis,Al lado de la cerradura; vistas panorámicas sobre Roma y el Tíber de Piazza di Spagna; el mejor mirador tranquilo de la ciudad: GRATIS,,No necesaria,Al atardecer
Roma,Via Appia Antica,Solo mapeado,41.869763,12.502111,"Via Appia Antica, Roma, Italy",Sitio,€10-15,"La carretera de 2000 años rodeada de ruinas, catacumbas y campos; alquilar bicis eléctricas el domingo (cuando cierran la calle al tráfico); la Roma que casi ningún turista ve; bicicletas ~€10-15/día",,,
Roma,Quartiere Coppedè,Solo mapeado,41.918364,12.502189,"Quartiere Coppedè, Roma, Italy",Sitio,Gratis,Barrio minúsculo al norte de la ciudad que parece sacado de un cuento de hadas (arquitectura entre Art Nouveau y Medieval); encontrado por accidente caminando; cero turistas: GRATIS,,No necesaria,
Roma,Centrale Montemartini,Solo mapeado,41.866547,12.478015,"Centrale Montemartini, Roma, Italy",Sitio,€9,Museo de esculturas romanas instaladas en una antigua central eléctrica; el contraste mármoles clásicos vs maquinaria industrial es brutal; menos conocido que los Capitolinos; ~€9 adulto (verificar),,,
Nápoles,Cappella Sansevero,Solo mapeado,40.849299,14.254933,"Cappella Sansevero, Napoli, Italy",Termas,€10,"El ""Cristo Velado"": escultura de mármol del s. XVIII que simula perfectamente una tela húmeda sobre un cuerpo; técnicamente imposible y absolutamente sobrecogedora; también el ""Anatomical Machines"" (modelos anatómicos con venas y arterias de cera del s. XVIII) en el sótano; €10 adulto / €7 jóvenes 10-25 años / gratis <10 años — RESERVAR ONLINE OBLIGATORIO, se agota semanas antes…",https://www.museosansevero.it/en/plan-your-visit/opening-hours-fees,Obligatoria,
Nápoles,Spaccanapoli,Solo mapeado,40.849562,14.261901,"Spaccanapoli, Napoli, Italy",Termas,Gratis,"La calle que literalmente ""parte"" Nápoles en dos; 2km en línea recta de este a oeste a través del centro histórico; una de las calles más vivas e intensas de Europa; GRATIS caminar",,No necesaria,
Nápoles,Via dei Tribunali,Solo mapeado,40.849883,14.253935,"Via dei Tribunali, Napoli, Italy",Termas,Gratis,La otra gran arteria del centro histórico; perpendicular a Spaccanapoli; aquí están las mejores pizzerías y una concentración de iglesias históricas impresionantes; GRATIS,,No necesaria,
Nápoles,Piazza del Gesù Nuovo e Piazza San Domenico Maggiore,Solo mapeado,40.848975,14.254270,"Basilica di San Domenico Maggiore, Napoli, Italy",Termas,Gratis,Las plazas centrales del centro histórico; arquitectura barroca; ambiente local auténtico; GRATIS,,No necesaria,
Nápoles,Napoli Sotterranea,Solo mapeado,40.851079,14.256847,"Napoli Sotterranea, Napoli, Italy",Termas,€10,"Túneles griegos y romanos bajo la ciudad (s. IV a.C.); acueductos griegos que los romanos ampliaron; durante la WWII sirvieron de refugio antiaéreo; las salas con teatro griego-romano son únicos en el mundo: €10 adulto (entrada básica) — si sufren de claustrofobia, NO IR: hay pasajes de 80cm de ancho a oscuras con una vela; reservar online recomendado",,Recomendada,
Nápoles,Piazza del Plebiscito,Solo mapeado,40.835856,14.248565,"Piazza del Plebiscito, Napoli, Italy",Termas,Gratis,La plaza más grande de Nápoles; el Palazzo Reale y la Basílica de San Francesco di Paola dominan el fondo; por la noche con las luces es espectacular; GRATIS,,No necesaria,
Nápoles,Catacumbas de San Gennaro,Solo mapeado,40.863784,14.247058,"Catacombe di San Gennaro, Napoli, Italy",Barrio,€9,Las catacumbas paleocristianas más grandes del sur de Italia; en el Rione Sanità; gestionadas por una cooperativa juvenil del barrio (proyecto social admirable): €9 aprox por persona (tour guiado obligatorio; verificar precio actualizado en catacombedinapoli.it); la entrada incluye free ticket para las Catacumbas de San Gaudioso (válido 12 meses),,No necesaria,
Nápoles,Rione Sanità en general,Solo mapeado,40.857644,14.251961,"Rione Sanità, Napoli, Italy",Barrio,Gratis,"El barrio más auténtico y vibrante de Nápoles; solía ser peligroso, ahora está renaciendo gracias a cooperativas locales; mercado callejero, iglesias barrocas, vida de barrio real; explorar sin miedo pero con conciencia",,No necesaria,
Nápoles,Castel Sant'Elmo,Solo mapeado,40.843707,14.239252,"Castel Sant'Elmo, Napoli, Italy",Sitio,€5,"Fortaleza medieval del s. XIV en lo alto del Vomero; las mejores vistas 360° de Nápoles, el Vesubio y el Golfo: €5 adulto / €2.50 después de 16:00 o martes; menores 18 UE gratis; subir en funicular (ver transporte) — la subida en funicular ya es una experiencia en sí misma",,,
Nápoles,Museo di Capodimonte,Solo mapeado,40.867031,14.250875,"Museo Nazionale di Capodimonte, Napoli, Italy",Sitio,€15,"Pinacoteca con obras de Caravaggio, Tiziano, Raphael, El Greco y colecciones de porcelana napolitana en un palacio borbónico; €15 adulto / gratis menores 18 / gratis el primer domingo del mes; algo alejado del centro (zona norte, bus o taxi)",https://capodimonte.cultura.gov.it/biglietti/,Recomendada,
Nápoles,Museo Arqueológico Nacional (MANN),Solo mapeado,40.853606,14.251150,"Museo Archeologico Nazionale di Napoli, Napoli, Italy",Museo,€20,"Una de las mejores colecciones arqueológicas del mundo: mosaicos y frescos de Pompeya, colecciones griegas y romanas, el Gabinete Secreto (arte erótico romano); €20 adulto / €2 reducido (18-25 UE) / gratis primer domingo del mes",,,
Nápoles,Palazzo Reale di Napoli,Solo mapeado,40.836480,14.250320,"Palazzo Reale di Napoli, Napoli, Italy",Museo,€15,El palacio real borbónico en la Piazza del Plebiscito; apartamentos reales decorados impresionantes + Time Gallery + Museo Caruso: €15 adulto / gratis menores 17,,,
Nápoles,Quartieri Spagnoli (Barrio Español),Solo mapeado,40.841483,14.246423,"Quartieri Spagnoli, Napoli, Italy",Sitio,Gratis,"Las calles estrechas en pendiente perpendiculares a Via Toledo; ropa tendida entre balcones, vespas y vida de barrio; de día es seguro y fascinante; el Mural de Maradona está aquí — es un santuario religioso genuino; la pasión napolitana por Diego es indescriptible; GRATIS",,No necesaria,
Nápoles,Cimitero delle Fontanelle,Solo mapeado,40.858026,14.239010,"Cimitero delle Fontanelle, Napoli, Italy",Sitio,Gratis,"Una antigua cantera de toba llena de miles de cráneos humanos; los napolitanos ""adoptaban"" un cráneo, lo limpiaban y le rezaban a cambio de favores — una visión única de la relación de Nápoles con la muerte; suele estar en restauración parcial — verificar estado antes de ir; GRATIS o donación",,No necesaria,
Nápoles,Lungomare,Solo mapeado,40.830442,14.244684,"Via Partenope, Napoli, Italy",Sitio,Gratis,El paseo marítimo; la vista del Golfo de Nápoles con el Vesubio en el fondo es una de las más impresionantes de Italia; GRATIS,,No necesaria,Ir al atardecer
Nápoles,Mergellina,Solo mapeado,40.827476,14.220085,"Mergellina, Napoli, Italy",Sitio,,"El barrio pesquero al extremo oeste del Lungomare; ambiente local, heladerías legendarias (la sfogliatella también), menos turistas que el centro",,,
Nápoles,Piazza Bellini,Solo mapeado,40.849940,14.252176,"Piazza Vincenzo Bellini, Napoli, Italy",Sitio,,La plaza más bohemia del centro histórico; rodeada de cafés y bares alternativos; los jóvenes de Nápoles se juntan aquí de tarde-noche,,,
Nápoles,Castel dell'Ovo,Solo mapeado,40.828315,14.247656,"Castel dell'Ovo, Napoli, Italy",Sitio,Gratis,El castillo más antiguo de Nápoles (s. I a.C.) sobre un islote en el golfo; el exterior e interior (acceso libre) dan vistas al Vesubio: GRATIS entrar,,No necesaria,
Bari,Basilica di San Nicola,Solo mapeado,41.130271,16.870186,"Basilica di San Nicola, Bari, Italy",Sitio,Gratis,"Basílica románica de 1087 construida para albergar las reliquias de San Nicolás de Mira, robadas por marineros baresi a los turcos. La cripta con la tumba del santo es lugar de peregrinación tanto católica como ortodoxa (hay un altar ortodoxo permanente y misas en ruso). GRATIS",,No necesaria,
Bari,Cattedrale di San Sabino,Solo mapeado,41.128550,16.869077,"Cattedrale di San Sabino, Bari, Italy",Sitio,Gratis,"La otra románica de Bari, más sobria que San Nicola. Tiene un succorpo (cripta arqueológica) con restos paleocristianos y romanos, y el Trulla (baptisterio circular). Nave GRATIS; succorpo ~€3-5",,No necesaria,
Bari,Castello Svevo (Normanno-Svevo),Solo mapeado,41.128301,16.866381,"Castello Normanno-Svevo di Bari, Bari, Italy",Sitio,€10,"Castillo normando reformado por Federico II, con foso y galería de yesos.",,,
Bari,Teatro Petruzzelli,Solo mapeado,41.123565,16.873161,"Teatro Petruzzelli, Bari, Italy",Sitio,€5-8,"Cuarto teatro de ópera más grande de Italia, incendiado en 1991 y reabierto en 2009 tras casi 20 años. Visitas guiadas y funciones.",,,
Bari,Teatro Margherita,Solo mapeado,41.126362,16.872861,"Teatro Margherita, Bari, Italy",Sitio,€5,Teatro art nouveau construido sobre pilotes en el agua del puerto viejo (para esquivar un contrato que daba el monopolio teatral en tierra firme). Hoy espacio expositivo.,,,
Bari,Lungomare Nazario Sauro,Solo mapeado,41.120972,16.883747,"Lungomare Nazario Sauro, Bari, Italy",Sitio,Gratis,"Uno de los paseos marítimos más largos de Italia (~7 km), con palacios fascistas monumentales de los años 30. El atardecer acá es el plan clásico de la ciudad. GRATIS",,No necesaria,
Bari,Pinacoteca Metropolitana Corrado Giaquinto,Solo mapeado,41.121393,16.881230,"Pinacoteca Metropolitana ""Corrado Giaquinto"", Bari, Italy",Sitio,€3-5,"Pintura pugliesa y veneciana del s. XI al XX, con vistas al mar.",,,
Bari,Via Sparano,Solo mapeado,41.123685,16.869537,"Via Sparano da Bari, Bari, Italy",Sitio,Gratis,Calle peatonal comercial del barrio Murat. GRATIS,,No necesaria,
Bari,Palazzo dell'Acquedotto Pugliese,Solo mapeado,41.123498,16.874284,"Palazzo dell'Acquedotto Pugliese, Bari, Italy",Sitio,,"Palacio de estilo románico-pugliés de los años 30, con salones decorados espectaculares. Visitas puntuales — verificar",,,
Bari,Museo Archeologico di Santa Scolastica,Solo mapeado,41.132152,16.870960,"Museo Archeologico di Santa Scolastica, Bari, Italy",Sitio,€5-8,"Museo en un monasterio sobre el mar, con material de la Puglia prerromana (dauni, peucezi, messapi).",,,
Bari,Mercato Coperto (Via Trevisani),Solo mapeado,41.107934,16.896322,"Mercato coperto, Bari, Italy",Mercado,Gratis,Mercado cubierto con producto local. GRATIS,,No necesaria,
Bari,Sgagliozze,Solo mapeado,41.129006,16.868999,"Da Maria Sgagliozze, Bari, Italy",Mercado,€1,Rodajas de polenta frita que se venden en un carro de Bari Vecchia (Piazza Chiurlia). €1 el cucurucho. Institución callejera,,No necesaria,
Bari,Parco 2 Giugno,Solo mapeado,41.102474,16.874768,"Parco 2 Giugno, Bari, Italy",Naturaleza,Gratis,El parque grande de la ciudad. GRATIS,,No necesaria,
Bari,Pane e Pomodoro (playa urbana),Solo mapeado,41.118344,16.891917,"Pane e Pomodoro, Bari, Italy",Naturaleza,Gratis,"La playa de Bari, al final del lungomare sur. En noviembre, para caminar. GRATIS",,No necesaria,
Bari,Torre Quetta,Solo mapeado,41.113653,16.913671,"Torre Quetta, Bari, Italy",Naturaleza,Gratis,Zona costera con paseo y chiringuitos (cerrados fuera de temporada). GRATIS,,No necesaria,
Bari,San Cataldo (faro),Solo mapeado,41.137998,16.843545,"San Cataldo, Bari, Italy",Naturaleza,Gratis,"El faro de Bari, al norte del puerto. GRATIS",,No necesaria,
Bari,Barrio Libertà,Solo mapeado,41.123528,16.858067,"Libertà, Bari, Italy",Sitio,,"Barrio popular multicultural al sur de la estación, con mercado y comida de inmigración",,,
Lecce,Basilica di Santa Croce,Solo mapeado,40.354689,18.173255,"Basilica di Santa Croce, Lecce, Italy",Iglesia,Gratis,"La fachada barroca más extraordinaria de Puglia: tardó más de 100 años en construirse (1549-1695) y está cubierta de animales, grutescos, cariátides y un rosetón monumental. Es el edificio que define el estilo. GRATIS",,No necesaria,
Lecce,Piazza del Duomo,Solo mapeado,40.351989,18.169279,"Campanile del Duomo, Lecce, Italy",Iglesia,Gratis,"Plaza cerrada por tres lados, a la que se entra por un solo acceso monumental: la sorpresa de doblar la esquina y encontrarse con el espacio entero es parte del diseño. Contiene la Catedral (con dos fachadas: una principal y otra lateral, porque la principal no se ve desde la entrada), el campanario de 72 m (subible), el Palazzo Vescovile y el Seminario con su pozo tallado. GRATIS la plaza",,No necesaria,
Lecce,Chiesa di San Matteo,Solo mapeado,40.350591,18.171962,"Chiesa di San Matteo, Lecce, Italy",Iglesia,Gratis,"Fachada convexa-cóncava, la más ""romana"" de Lecce. GRATIS",,No necesaria,
Lecce,Chiesa di Sant'Irene,Solo mapeado,40.352827,18.170341,"Chiesa di Sant'Irene, Lecce, Italy",Iglesia,Gratis,"Enorme, dedicada a la patrona anterior a San Oronzo. GRATIS",,No necesaria,
Lecce,Palazzo dei Celestini,Solo mapeado,40.355172,18.173577,"Palazzo dei Celestini, Lecce, Italy",Iglesia,Gratis,"Junto a Santa Croce, hoy sede de la Provincia; el patio es visitable. GRATIS",,No necesaria,
Lecce,Anfiteatro Romano,Solo mapeado,40.352549,18.172479,"Anfiteatro Romano di Lecce, Lecce, Italy",Cueva,Gratis,"En plena Piazza Sant'Oronzo, semienterrado bajo el nivel de la ciudad moderna: solo se excavó un tercio; el resto sigue bajo los edificios. Cabía para 25.000 personas. Se ve gratis desde arriba; acceso al ruedo ~€3",,No necesaria,
Lecce,Teatro Romano,Solo mapeado,40.351728,18.170293,"Museo del Teatro Romano, Lecce, Italy",Cueva,,"Teatro del s. I a.C. descubierto en 1929, en un patio interior a pocas calles. Más pequeño y muy poco visitado. (incluido en el combi ticket)",,,
Lecce,Colonna di Sant'Oronzo,Solo mapeado,40.352911,18.172757,"Colonna di Sant'Oronzo, Lecce, Italy",Cueva,Gratis,"Columna romana traída de Brindisi (era una de las dos que marcaban el final de la Via Appia), coronada por el patrón de la ciudad. GRATIS",,No necesaria,
Lecce,Museo Faggiano,Solo mapeado,40.350109,18.172383,"Museo Archeologico Faggiano, Lecce, Italy",Cueva,€5,"La mejor historia de Lecce: una familia empezó a arreglar una cañería en 2001 y terminó excavando 2.000 años de ciudad bajo su propia casa — altar romano, pozo que llega al río subterráneo Idume, muros medievales, restos de un convento templario y un pasadizo que iría hasta el centro. Se recorre por escaleras y pasarelas en varios niveles…",https://whichmuseum.com/museum/museo-faggiano-lecce-39838/tickets-prices,Recomendada,
Lecce,Castello Carlo V,Solo mapeado,40.352381,18.174646,"Castello di Carlo V, Lecce, Italy",Castillo,€5-8,"Fortaleza del s. XVI mandada por Carlos V, la mayor de Puglia; alberga el Museo della Cartapesta (cartón piedra), oficio artesanal característico de Lecce.",,,
Lecce,Porta Napoli,Solo mapeado,40.356455,18.168549,"Porta Napoli, Lecce, Italy",Castillo,Gratis,"Arco triunfal de 1548 en honor a Carlos V, entrada norte de la ciudad. GRATIS",,No necesaria,
Lecce,Porta Rudiae,Solo mapeado,40.351338,18.164582,"Porta Rudiae, Lecce, Italy",Castillo,Gratis,y Porta San Biagio - Las otras dos puertas barrocas de la muralla. GRATIS,,No necesaria,
Lecce,Cartapesta (cartón piedra),Solo mapeado,40.352521,18.169738,"Cartapesta Claudio Riso Presepi, Lecce, Italy",Sitio,Gratis,"Oficio característico de Lecce desde el s. XVII: esculturas religiosas de papel, cola y yeso, tan ligeras que se podían llevar en procesión. Hay talleres visitables en el casco donde se ve trabajar. GRATIS mirar; piezas €20-200",,No necesaria,
Lecce,Museo della Cartapesta,Solo mapeado,40.352248,18.175102,"Museo della Cartapesta, Lecce, Italy",Sitio,,En el Castello Carlo V. (incluido en la entrada del castillo),,,
Matera,Sasso Barisano,Solo mapeado,40.668252,16.610145,"Sasso Barisano, Matera, Italy",Barrio,Gratis,"El más renovado y comercial: cave hotels, restaurantes, tiendas de artesanía. Es el que se ve en las fotos de postal, con las fachadas restauradas escalonadas. GRATIS",,No necesaria,
Matera,Sasso Caveoso,Solo mapeado,40.663531,16.611301,"Sasso Caveoso, Matera, Italy",Barrio,Gratis,"El más crudo y el más impresionante: menos restaurado, con las cuevas más antiguas y la vista directa al cañón. Es el que da la escala real de lo que fue Matera. GRATIS",,No necesaria,
Matera,Civita,Solo mapeado,40.667650,16.612073,"Via Civita, Matera, Italy",Barrio,Gratis,"El espolón rocoso entre los dos Sassi, con la catedral en lo alto. GRATIS",,No necesaria,
Matera,Piazza Vittorio Veneto,Solo mapeado,40.666645,16.606410,"Piazza Vittorio Veneto, Matera, Italy",Barrio,Gratis,"La plaza de la ciudad ""de arriba"", desde donde se baja a los Sassi por el mirador. Debajo está el Palombaro Lungo (ver abajo). GRATIS",,No necesaria,
Matera,Casa Grotta di Vico Solitario,Solo mapeado,40.663857,16.612310,"Casa Grotta nei Sassi, Matera, Italy",Museo,€3-5,"Vivienda rupestre restaurada tal como estaba en 1950: la cama alta, el telar, el pesebre para el burro y la gallinas dentro de la misma habitación, la cisterna bajo el piso. Es lo que hace entender qué era vivir en los Sassi.",,,
Matera,Casa Noha,Solo mapeado,40.666342,16.612136,"Casa Noha, Matera, Italy",Museo,€7,"Casa nobiliaria del s. XVI convertida por el FAI en una instalación audiovisual sobre la historia de Matera, proyectada sobre las propias paredes de piedra. Muy bien hecha; conviene verla al principio de la visita.",,,
Matera,Palombaro Lungo,Solo mapeado,40.666943,16.606484,"Palombaro Lungo - Cisterna Ipogea, Matera, Italy",Museo,€3-5,"Cisterna monumental de 15 m de profundidad excavada bajo la Piazza Vittorio Veneto, con bóvedas y pasarelas sobre el agua. Abastecía a la ciudad. Visita guiada de ~30 min.",,,
Matera,Casa Cava,Solo mapeado,40.668515,16.609247,"Casa Cava, Matera, Italy",Museo,,"Antigua cantera subterránea convertida en auditorio, con acústica notable. Verificar programación",,,
Matera,Museo Archeologico Nazionale Domenico Ridola,Solo mapeado,40.663891,16.609206,"Museo Archeologico Nazionale Domenico Ridola, Matera, Italy",Museo,€3-5,Material prehistórico y magnogreco de la Basilicata.,,,
Matera,San Pietro Barisano,Solo mapeado,40.668742,16.609250,"San Pietro Barisano, Matera, Italy",Iglesia,€3-5,"La iglesia rupestre más grande de Matera, con criptas de descomposición (nichos donde se drenaban los cuerpos). Perturbadora y poco visitada.",,,
Matera,Santa Lucia alle Malve,Solo mapeado,40.663199,16.612482,"Santa Lucia alle Malve, Matera, Italy",Iglesia,€3-5,"Antiguo monasterio femenino benedictino rupestre, con frescos del s. XIII.",,,
Matera,Cripta del Peccato Originale,Solo mapeado,40.620667,16.563423,"Cripta del Peccato Originale, Matera, Italy",Iglesia,€10-13,"A 14 km, ""la capilla sixtina del arte rupestre"": frescos longobardo-benedictinos del s. VIII-IX, de los más antiguos del sur de Italia. Solo con visita guiada y reserva previa.",,,
Matera,Cattedrale di Matera,Solo mapeado,40.666806,16.611330,"Cattedrale della Madonna della Bruna e di Sant'Eustachio, Matera, Italy",Iglesia,Gratis,"Catedral románico-pugliesa del s. XIII en lo alto de la Civita, con interior barroco y un fresco del Juicio Final. GRATIS",,No necesaria,
Matera,Belvedere di Murgia Timone,Solo mapeado,40.664026,16.617793,"Belvedere di Murgia Timone, Matera, Italy",Naturaleza,Gratis,"El mirador clásico.era iluminada, es la imagen que todo el mundo recuerda. GRATIS",,No necesaria,Al atardecer
Ostuni,Piazza della Libertà,Solo mapeado,40.732169,17.578165,"Piazza della Libertà, Ostuni, Italy",Barrio,Gratis,"La plaza principal, ya fuera del casco alto, con la Guglia di Sant'Oronzo, obelisco barroco de 21 m coronado por el patrón. Es el centro social del pueblo. GRATIS",,No necesaria,
Ostuni,Chiesa dello Spirito Santo,Solo mapeado,40.731465,17.578498,"Chiesa dello Spirito Santo, Ostuni, Italy",Barrio,Gratis,"Portal renacentista tallado, en el arranque del casco. GRATIS",,No necesaria,
Ostuni,"Marina di Ostuni (Costa Merlata, Pilone, Rosa Marina)",Solo mapeado,40.793788,17.545018,"Rosa Marina di Ostuni, Ostuni, Italy",Playa,Gratis,"A 8-10 km: costa de calas rocosas y arenales. En noviembre está vacía y sin servicios, pero el paseo funciona. GRATIS",,No necesaria,
Ostuni,Torre Guaceto,Solo mapeado,40.705729,17.783026,"Riserva Naturale Statale di Torre Guaceto, Carovigno, Italy",Playa,Gratis,"Reserva natural marina y terrestre a 15 km: dunas, humedales, torre aragonesa del s. XVI y una de las costas mejor conservadas del Adriático. Senderos y observatorios de aves; en noviembre es temporada de migración. GRATIS (estacionamiento ~€3-5)",,No necesaria,
Ostuni,Egnazia (Gnathia),Solo mapeado,40.769108,17.624258,"Egnazia e delle Terme di Torre Canne, Ostuni, Italy",Playa,€6-8,"Ciudad mesapia y romana junto al mar, a 20 min hacia el norte, con museo.",,,
Ostuni,Dune costiere di Ostuni-Fasano,Solo mapeado,40.805951,17.514232,"Parco naturale regionale Dune costiere da Torre Canne a Torre San Leonardo, Ostuni, Italy",Playa,,"Parque regional de dunas entre Torre Canne y Torre San Leonardo, con sendero ciclable",,,
Ostuni,Locorotondo,Solo mapeado,40.657484,17.718164,"Ivo Locorotondo, San Vito dei Normanni, Italy",Pueblo,,el pueblo circular blanco → Day_trips/Locorotondo.md,,,
Ostuni,Cisternino,Solo mapeado,40.726671,17.519626,"Strada Provinciale 17 Ostuni-Cisternino, Ostuni, Italy",Pueblo,,las *macellerie con fornello* y las bombette → Day_trips/Cisternino.md,,,
Ostuni,Martina Franca,Solo mapeado,40.719489,17.377177,"Strada Provinciale 13 Martina Franca-Cisternino, Martina Franca, Italy",Pueblo,,el barroco del Valle d'Itria → Day_trips/Martina_Franca.md,,,
Ostuni,Ceglie Messapica,Solo mapeado,40.646960,17.522042,"Ceglie Messapica, Italy",Pueblo,,"capital gastronómica del interior, muy poco turística",,,
Ostuni,Fasano,Solo mapeado,40.761100,17.527547,"Strada Provinciale 93 Fasano-Ostuni, Ostuni, Italy",Pueblo,,con la Selva di Fasano (bosque en altura) y el Zoosafari,,,
Ostuni,Grotta di Santa Maria di Agnano,Solo mapeado,40.747055,17.547644,"Grotta Santa Maria di Agnano, Ostuni, Italy",Sitio,,"La cueva donde se halló a ""Delia"", la gestante de 25.000 años. Zona arqueológica visitable con guía — verificar",,,
Ostuni,Villanova di Ostuni,Solo mapeado,40.790025,17.585773,"Villanova di Ostuni, Ostuni, Italy",Sitio,,"Pequeño puerto histórico con torre aragonesa, en la costa",,,
Palermo,Palazzo Abatellis (Galleria Regionale della Sicilia),Solo mapeado,38.116573,13.371174,"Palazzo Abatellis, Palermo, Italy",Museo,€8,Palacio gótico-catalán con el fresco *Trionfo della Morte* y la *Annunziata* de Antonello da Messina. Museo chico y perfecto. — el montaje museográfico de Carlo Scarpa es en sí una obra,,,
Palermo,Palazzo Chiaramonte-Steri,Solo mapeado,38.117583,13.370020,"Palazzo Chiaramonte-Steri, Palermo, Italy",Museo,€8,"Sede de la Inquisición siciliana; las celdas de los penitenciados conservan grafitis y dibujos de los presos en las paredes. Sobrecogedor. — solo con visita guiada, salidas cada hora; reservar",https://www.coopculture.it/en/products/ticket-for-steri-palazzo-chiaromonte/,Recomendada,
Palermo,Palazzo Conte Federico,Solo mapeado,38.112341,13.358453,"Palazzo Conte Federico, Palermo, Italy",Museo,€10,"Palacio aristocrático todavía habitado por la misma familia; te guían los propios condes. Torre árabe del siglo XII adentro. — joya rara, mencionada como ""hidden gem"" top de Palermo",,,
Palermo,Palazzo Mirto,Solo mapeado,38.116507,13.368040,"Palazzo Mirto, Palermo, Italy",Museo,€6,"Palacio nobiliario del s. XVIII con interiores intactos: salón chino, establos, cocina.",,,
Palermo,Museo delle Marionette Antonio Pasqualino,Solo mapeado,38.118540,13.370556,"Museo internazionale delle marionette Antonio Pasqualino, Palermo, Italy",Museo,€5,Colección mundial de *pupi* (marionetas sicilianas). Patrimonio inmaterial UNESCO. — ver también función abajo,,,
Palermo,Cattedrale di Palermo,Solo mapeado,38.114331,13.355912,"Cattedrale di Palermo, Palermo, Italy",Iglesia,Gratis,"Collage de 800 años: ábside árabe-normando, cúpula neoclásica, portal gótico-catalán. Nave GRATIS; tesoro + criptas + tumbas reales ~€7; techo/rooftop ~€7 (vistas 360° sobre la ciudad)",,No necesaria,
Palermo,San Cataldo,Solo mapeado,38.114752,13.362470,"Chiesa di San Cataldo, Palermo, Italy",Iglesia,€2.50,"Pegada a la Martorana: tres cúpulas rojas árabes, interior desnudo de piedra. Contraste total con la vecina. — visitar las dos juntas, están en Piazza Bellini",,,
Palermo,Chiesa del Gesù (Casa Professa),Solo mapeado,38.112931,13.361554,"Chiesa del Gesù Casa Professa, Palermo, Italy",Iglesia,€5-6,Barroco jesuita al extremo: cada centímetro cubierto de mármol policromado.,,,
Palermo,Oratorio del Rosario di Santa Cita,Solo mapeado,38.120772,13.363085,"Oratorio del Rosario di Santa Cita, Palermo, Italy",Iglesia,€4-8,"y Oratorio di San Lorenzo - Estucos de Giacomo Serpotta, el mejor estuquista del barroco europeo. Pequeños, íntimos, muy poco visitados.",,,
Palermo,Santa Maria dello Spasimo,Solo mapeado,38.114184,13.371874,"Santa Maria dello Spasimo, Palermo, Italy",Iglesia,Gratis,"Iglesia gótica sin techo, abandonada y colonizada por un árbol. Hoy espacio de conciertos. Atmósfera irreal.",,No necesaria,
Palermo,San Giovanni degli Eremiti,Solo mapeado,38.109560,13.354596,"Chiesa di San Giovanni degli Eremiti, Palermo, Italy",Iglesia,€6,Cúpulas rojas árabes y claustro con jardín de cítricos.,,,
Palermo,Santuario di Santa Rosalia (Monte Pellegrino),Solo mapeado,38.168035,13.351852,"Santuario di Santa Rosalia, Palermo, Italy",Iglesia,Gratis,"Cueva-santuario de la patrona de Palermo, en la montaña sobre la ciudad. GRATIS — bus 812; vistas enormes",,No necesaria,
Palermo,Mercato del Capo,Solo mapeado,38.118619,13.354070,"Mercato del Capo, Palermo, Italy",Mercado,Gratis,"El más ""de barrio"", menos turístico que Ballarò. Callejón cubierto de toldos. GRATIS — arranca junto a Porta Carini",,No necesaria,
Palermo,Mercato della Vucciria,Solo mapeado,38.117383,13.363704,"Mercato Della Vucciria, Palermo, Italy",Mercado,Gratis,El histórico y famoso; hoy casi muerto de día y fiesta de noche (ver nightlife.md). GRATIS,,No necesaria,
Palermo,Mercato delle Pulci (Piazza Peranni),Solo mapeado,38.115935,13.351061,"Alberto Amedeo - Mercato delle Pulci, Palermo, Italy",Mercado,Gratis,Mercado de antigüedades y chatarra. GRATIS,,No necesaria,
Palermo,Teatro Massimo,Solo mapeado,38.120171,13.357154,"Teatro Massimo Vittorio Emanuele, Palermo, Italy",Teatro,€12,La ópera más grande de Italia y tercera de Europa; escalinata de la escena final de *El Padrino III*. Tour guiado 30-40 min — también se puede ir a una función: entradas de gallinero desde €10-15,,,
Palermo,Teatro Politeama Garibaldi,Solo mapeado,38.125195,13.356783,"Politeama Garibaldi, Palermo, Italy",Teatro,€10-25,Sede de la Orquesta Sinfónica Siciliana. Conciertos baratos,,,
Palermo,Ópera dei Pupi (teatro de marionetas),Solo mapeado,38.120813,13.359311,"Teatro dei Pupi, Palermo, Italy",Teatro,€10,"Funciones de caballerías carolingias con marionetas de un metro y armadura. Patrimonio UNESCO. Teatro dei Pupi di Mimmo Cuticchio (Via Bara all'Olivella) y Teatro Argento. — funciones cortas, verificar cartelera de la semana",,,
Palermo,Monte Pellegrino,Solo mapeado,38.166110,13.353803,"Monte Pellegrino, Palermo, Italy",Mirador,Gratis,"Cueva-santuario de la patrona de Palermo, en la montaña sobre la ciudad. GRATIS — bus 812; vistas enormes",,No necesaria,
Palermo,Quattro Canti (Piazza Vigliena),Solo mapeado,38.115682,13.361459,"Quattro Canti, Palermo, Italy",Barrio,Gratis,"Cruce barroco de las dos calles principales, con cuatro fachadas curvas. Centro exacto de la ciudad vieja. GRATIS",,No necesaria,
Palermo,Kalsa,Solo mapeado,38.115137,13.367461,"Kalsa, Palermo, Italy",Barrio,Gratis,"Ex barrio árabe; el más golpeado por los bombardeos del 43 y hoy el más vivo de arte y bares. Piazza Marina, Giardino Garibaldi (ficus enormes). GRATIS",,No necesaria,
Palermo,Albergheria / Ballarò,Solo mapeado,38.111356,13.361578,"Ballarò, Palermo, Italy",Barrio,Gratis,"Barrio del mercado, multicultural (bengalí, tamil, africano). Murales de arte urbano. GRATIS",,No necesaria,
Palermo,Foro Italico (paseo marítimo),Solo mapeado,38.117219,13.375043,"Foro Italico, Palermo, Italy",Barrio,Gratis,"Explanada verde frente al mar, donde los palermitanos hacen la *passeggiata*. GRATIS",,No necesaria,
Palermo,"Piazza Pretoria (""Piazza della Vergogna"")",Solo mapeado,38.115402,13.362076,"Piazza Pretoria, Palermo, Italy",Barrio,Gratis,Fuente manierista con decenas de desnudos que escandalizaron a las monjas vecinas. GRATIS,,No necesaria,
Palermo,Orto Botanico,Solo mapeado,38.111233,13.374078,"Orto Botanico, Palermo, Italy",Naturaleza,€7,"Uno de los jardines botánicos más importantes de Europa; ficus macrophylla gigantes, palmeras, invernaderos neoclásicos.",https://www.coopculture.it/en/products/ticket-for-botanical-gardens-of-the-university-of-palermo/,No necesaria,
Palermo,Villa Giulia,Solo mapeado,38.113496,13.375608,"Villa Giulia, Palermo, Italy",Naturaleza,Gratis,Jardín geométrico del s. XVIII pegado al Orto Botanico. GRATIS,,No necesaria,
Palermo,Giardino Inglese,Solo mapeado,38.131251,13.352295,"Giardino Inglese, Palermo, Italy",Naturaleza,Gratis,Parque grande en la zona moderna (Libertà). GRATIS,,No necesaria,
Palermo,Parco della Favorita,Solo mapeado,38.159711,13.339973,"Parco della Favorita, Palermo, Italy",Naturaleza,Gratis,"Parque enorme al pie de Monte Pellegrino, con Palazzina Cinese (capricho orientalista de los Borbones) y Museo Pitrè (etnográfico). Parque GRATIS",,No necesaria,
Palermo,Mondello,Solo mapeado,38.206214,13.324552,"Mondello, Palermo, Italy",Naturaleza,€1.60,"Playa art nouveau de Palermo con su icónico *stabilimento* sobre pilotes. En noviembre no es de baño, pero el paseo, el pueblo y los pescados valen. Bus 806",,No necesaria,
Palermo,Danisinni,Solo mapeado,38.111911,13.347402,"Via Danisinni, Palermo, Italy",Sitio,,"Barrio marginal reconvertido con huerta social, murales y un circo comunitario. Visita con sentido; hay recorridos guiados solidarios",,,
Palermo,Stanze al Genio,Solo mapeado,38.112911,13.367352,"Museo delle maioliche ""Stanze al genio"", Palermo, Italy",Sitio,€7,Casa-museo privada con 5.000 azulejos mayólicos sicilianos y napolitanos de los s. XV-XX. Visita guiada con reserva.,,,
Catania,Terme Achilliane,Solo mapeado,37.502161,15.087669,"Terme Achilliane, Catania, Italy",Museo,€5,Termas romanas de los siglos III-V bajo la Piazza del Duomo. Se entra por una puertita al lado de la catedral: hay que sacar el ticket en el Museo Diocesano y alguien baja a abrir la reja. Muy poco visitado. — verificar horario,,,
Catania,Museo Diocesano,Solo mapeado,37.501936,15.087710,"Museo Diocesano, Catania, Italy",Museo,€14,"Terrazas con vista a la Piazza del Duomo desde arriba, más restos romanos.",,,
Catania,Anfiteatro Romano (Piazza Stesicoro),Solo mapeado,37.507408,15.085427,"Anfiteatro Romano, Catania, Italy",Museo,Gratis,Anfiteatro del s. II d.C. del que solo aflora una esquina en medio de la plaza; el resto sigue bajo la ciudad. Se ve gratis desde arriba; acceso al interior con visita.,,No necesaria,
Catania,Castello Ursino,Solo mapeado,37.498969,15.084386,"Castello Ursino, Catania, Italy",Museo,€6-10,Castillo de Federico II (s. XIII) que antes estaba junto al mar y hoy está tierra adentro: la lava de 1669 ganó terreno al agua a su alrededor. Museo Cívico adentro.,,,
Catania,Museo dello Sbarco in Sicilia 1943,Solo mapeado,37.508758,15.102577,"Museo storico dello sbarco in Sicilia 1943, Catania, Italy",Museo,€5-8,"Museo del desembarco aliado en Sicilia, con reconstrucción de un refugio antiaéreo y sirenas. Muy bien hecho y casi vacío.",,,
Catania,Palazzo Biscari,Solo mapeado,37.502049,15.090174,"Palazzo Biscari, Catania, Italy",Museo,€10,El palacio privado más espectacular del barroco catanés; salón de baile rococó. Solo con visita guiada y reserva previa.,,,
Catania,Museo Emilio Greco,Solo mapeado,37.502739,15.084335,"Museo Emilio Greco, Catania, Italy",Museo,€4-6,y Palazzo della Cultura - Exposiciones temporales en el centro.,,,
Catania,Cattedrale di Sant'Agata,Solo mapeado,37.502518,15.088238,"Cattedrale di Sant'Agata, Catania, Italy",Iglesia,Gratis,Fachada de Vaccarini en dos colores (lava negra + caliza blanca). Adentro está la tumba de Bellini y la capilla de Santa Águeda con su relicario. GRATIS,,No necesaria,
Catania,Via dei Crociferi,Solo mapeado,37.505224,15.084904,"Caffè dei Crociferi, Catania, Italy",Iglesia,Gratis,"Cuatro iglesias barrocas en 200 metros de calle, con arco incluido. Considerada la calle barroca más armónica de Sicilia. GRATIS pasear; San Benedetto y San Giuliano (con mirador en la cúpula) tienen entrada",https://www.monasterosanbenedettocatania.it/en/tickets-san-benedetto-museum/,No necesaria,
Catania,Via Etnea,Solo mapeado,37.514932,15.084382,"Via Etnea, Catania, Italy",Barrio,Gratis,"Eje comercial de 3 km, peatonal en tramos, del Duomo al Giardino Bellini. GRATIS",,No necesaria,
Catania,Piazza Università,Solo mapeado,37.503651,15.087162,"Piazza dell'Università, Catania, Italy",Barrio,Gratis,"Palacios universitarios y los ""candelabros"" con leyendas catanesas grabadas. GRATIS",,No necesaria,
Catania,San Berillo,Solo mapeado,37.506342,15.090613,"San Berillo, Catania, Italy",Barrio,Gratis,"Ex barrio de burdeles demolido a medias en los 50, hoy zona de arte urbano, bares alternativos y tensión social. Interesante de día; de noche, con criterio. GRATIS",,No necesaria,
Catania,Ognina,Solo mapeado,37.529051,15.113218,"Ognina, Catania, Italy",Barrio,Gratis,"Barrio pesquero al norte, con caleta bajo acantilados de lava. GRATIS",,No necesaria,
Catania,Villa Bellini (Giardino Bellini),Solo mapeado,37.509963,15.085754,"Villa Bellini, Catania, Italy",Naturaleza,Gratis,"El parque histórico de la ciudad, en Via Etnea: palmeras, terrazas y un reloj hecho con flores. GRATIS",,No necesaria,
Catania,La Playa (Lido),Solo mapeado,37.487613,15.083752,"Bowling La Playa, Catania, Italy",Naturaleza,Gratis,"18 km de playa de arena al sur de la ciudad. En noviembre, para caminar. Bus desde el centro. GRATIS",,No necesaria,
Catania,Teatro Massimo Bellini,Solo mapeado,37.504157,15.089827,"Teatro Massimo Bellini, Catania, Italy",Teatro,€10-20,Ópera neobarroca de 1890 con acústica célebre. Entradas de gallinero desde ~€10-20; visitas guiadas al teatro,,,
Catania,Le Ciminiere,Solo mapeado,37.509094,15.102486,"Le Ciminiere, Catania, Italy",Sitio,,"Ex fábrica de azufre con chimeneas de ladrillo, hoy centro de congresos y museos (incluido el del Desembarco).",,,
Siracusa,Teatro Greco,Solo mapeado,37.076011,15.275025,"Teatro Greco, Siracusa, Italy",Sitio histórico,,"Uno de los teatros griegos más grandes del mundo antiguo, tallado directamente en la roca viva (s. V a.C.). Aquí se estrenaron obras de Esquilo con él presente. En primavera todavía se representa tragedia griega. (incluido en la entrada del parque)",,,
Siracusa,Orecchio di Dionisio,Solo mapeado,37.076343,15.275518,"Orecchio di Dionisio, Siracusa, Italy",Sitio histórico,,Cueva artificial de 23 m de alto con forma de oreja y acústica extraordinaria. Caravaggio le puso el nombre en 1608 al oír la leyenda de que el tirano Dionisio espiaba desde arriba a los prisioneros encerrados abajo. Cantar adentro es obligatorio.,,,
Siracusa,Latomia del Paradiso,Solo mapeado,37.076496,15.276810,"Latomia del Paradiso, Siracusa, Italy",Sitio histórico,,"Las canteras de piedra donde trabajaron (y murieron) los prisioneros atenienses de la expedición del 413 a.C., hoy convertidas en un jardín hundido de cítricos y magnolias.",,,
Siracusa,Anfiteatro Romano,Solo mapeado,37.074222,15.279224,"Anfiteatro romano, Siracusa, Italy",Sitio histórico,,"Enorme, parcialmente excavado en roca, con el canal central para las naumaquias.",,,
Siracusa,Museo Archeologico Regionale Paolo Orsi,Solo mapeado,37.076461,15.286261,"Museo archeologico regionale Paolo Orsi, Siracusa, Italy",Museo,€10,"Uno de los museos arqueológicos más importantes de Italia: prehistoria siciliana, colonización griega, la Venus Landolina (Afrodita anadiomena sin cabeza, de las esculturas más célebres de Sicilia) y material de todo el sureste. Enorme; se puede hacer selectivo.",,,
Siracusa,"Museo del Papiro ""Corrado Basile""",Solo mapeado,37.060495,15.298086,"Museo del Papiro Corrado Basile, Siracusa, Italy",Museo,€5,Siracusa es el único lugar de Europa donde crece papiro silvestre (en el río Ciane). Museo chico y raro sobre el papiro y su fabricación.,,,
Siracusa,Duomo di Siracusa,Solo mapeado,37.059220,15.293168,"Ipogeo di piazza Duomo, Siracusa, Italy",Iglesia,€2,"Una catedral construida dentro de un templo griego: las columnas dóricas del Templo de Atenea (s. V a.C.) siguen embutidas en los muros y se ven desde adentro y desde afuera. 2.500 años de arquitectura superpuestos en un solo edificio, con fachada barroca al frente. UNESCO.",,,
Siracusa,Catacombe di San Giovanni,Solo mapeado,37.076799,15.284856,"Catacombe di San Giovanni, Siracusa, Italy",Iglesia,€10,"Las catacumbas cristianas más importantes de Sicilia, excavadas sobre un acueducto griego. Solo con visita guiada (~30 min). Arriba, la basílica de San Giovanni, en ruinas y sin techo, y la cripta de San Marciano.",,,
Siracusa,Santa Lucia alla Badia,Solo mapeado,37.058416,15.293281,"Chiesa di Santa Lucia alla Badia, Siracusa, Italy",Iglesia,Gratis,"Iglesia barroca en la Piazza del Duomo que alberga (o albergó) *El entierro de Santa Lucía* de Caravaggio, pintado en Siracusa en 1608 durante su fuga. Verificar dónde está expuesto en 2026. GRATIS / ~€3",,No necesaria,
Siracusa,Catacombe di Santa Lucia,Solo mapeado,37.077041,15.284478,"Chiesa di San Giovanni alle Catacombe, Siracusa, Italy",Iglesia,€6-8,"Segundo complejo de catacumbas, bajo la basílica de Santa Lucía al Sepolcro.",,,
Siracusa,Chiesa di San Filippo Apostolo (Giudecca),Solo mapeado,37.060248,15.296693,"Chiesa di San Filippo Apostolo, Siracusa, Italy",Iglesia,€5,"Iglesia sobre el antiguo barrio judío, con miqveh (baño ritual) subterráneo.",,,
Siracusa,Castello Maniace,Solo mapeado,37.053415,15.295635,"Castello Maniace, Siracusa, Italy",Barrio,€9,"Fortaleza de Federico II (1240) en la punta extrema de la isla, rodeada de mar por tres lados. Sala hipóstila enorme.",,No necesaria,
Siracusa,Fonte Aretusa,Solo mapeado,37.057269,15.292913,"Fonte Aretusa, Siracusa, Italy",Barrio,Gratis,"Manantial de agua dulce a metros del mar donde crece papiro silvestre, único en Europa. Según el mito, la ninfa Aretusa huyó de Grecia y emergió aquí. GRATIS",,No necesaria,
Siracusa,Tempio di Apollo,Solo mapeado,37.064030,15.293019,"Tempio di Apollo, Siracusa, Italy",Barrio,Gratis,"El templo dórico más antiguo de Sicilia (s. VI a.C.), en ruinas al pie del puente de entrada. GRATIS",,No necesaria,
Siracusa,Mercato di Ortigia,Solo mapeado,37.065533,15.293485,"Al Mercato di Ortigia, Siracusa, Italy",Barrio,€8-12,"Mercado de mañana en Via Trento: pescado, quesos, especias, y Caseificio Borderi, el puesto de sándwiches más famoso de Sicilia. GRATIS entrar",,No necesaria,
Siracusa,Plemmirio (Area Marina Protetta),Solo mapeado,37.016906,15.341641,"Area marina protetta Plemmirio, Siracusa, Italy",Naturaleza,Gratis,Cabo al sur de la ciudad con acantilados calcáreos y senderos costeros. Requiere auto o bici. GRATIS,,No necesaria,
Siracusa,Spiaggia di Fontane Bianche,Solo mapeado,36.961817,15.206500,"Spiaggia di Fontane Bianche, Siracusa, Italy",Naturaleza,Gratis,"Playa de arena blanca a 20 min al sur. Fuera de temporada, vacía",,No necesaria,
Siracusa,Castello Eurialo,Solo mapeado,37.092166,15.224096,"Castello Eurialo, Siracusa, Italy",Sitio,€4-6,"La fortificación griega más completa que se conserva del mundo antiguo, en Belvedere (8 km): torres, fosos y túneles subterráneos recorribles, diseñados en tiempos de Dionisio I. Casi nadie va.",,,
Siracusa,Ginnasio Romano,Solo mapeado,37.067586,15.280380,"Ginnasio romano, Siracusa, Italy",Sitio,Gratis,"Pequeño teatro y templo romano semiinundado, en el barrio de la Marina. GRATIS",,No necesaria,
Siracusa,Latomia dei Cappuccini,Solo mapeado,37.079445,15.295263,"Latomia dei Cappuccini, Siracusa, Italy",Sitio,,"Cantera-jardín menos visitada que la del Paradiso, con paredes de 30 m",,,
Agrigento,Tempio della Concordia,Solo mapeado,37.289656,13.592072,"Tempio della Concordia, Agrigento, Italy",Sitio histórico,,El templo griego mejor conservado del mundo después del Teseión de Atenas (450-440 a.C.). Se salvó porque en el s. VI se convirtió en iglesia cristiana. De noche está iluminado y se ve desde la carretera,,,
Agrigento,Tempio di Giunone (Hera Lacinia),Solo mapeado,37.288594,13.600145,"Tempio di Giunone Hera Lacinia, Agrigento, Italy",Sitio histórico,,En el extremo alto de la cresta; conserva restos del incendio cartaginés del 406 a.C. Vistas de todo el valle,,,
Agrigento,Tempio di Ercole (Heracles),Solo mapeado,37.290190,13.586292,"Tempio di Ercole, Agrigento, Italy",Sitio histórico,,El más antiguo del valle (fines del s. VI a.C.); ocho columnas reerigidas en 1924 por un aristócrata inglés,,,
Agrigento,Tempio di Zeus Olimpico,Solo mapeado,37.290366,13.585046,"Tempio di Zeus Olimpico, Agrigento, Italy",Sitio histórico,,"Iba a ser el templo dórico más grande jamás construido (112 × 56 m); quedó inacabado y hoy es un campo de bloques ciclópeos. Ahí está el Telamón, atlante de 8 m tumbado en el suelo",,,
Agrigento,Tempio dei Dioscuri (Castore e Polluce),Solo mapeado,37.291327,13.581560,"Tempio dei Dioscuri, Agrigento, Italy",Sitio histórico,,Las cuatro columnas con el ángulo del entablamento: el símbolo gráfico de Sicilia,,,
Agrigento,Quartiere Ellenistico-Romano,Solo mapeado,37.297519,13.591789,"Quartiere Ellenistico Romano, Agrigento, Italy",Sitio histórico,,"Trazado urbano con casas, mosaicos y cloacas: la ciudad donde la gente vivía, no solo los templos",,,
Agrigento,Santuario delle Divinità Ctonie,Solo mapeado,37.291569,13.581261,"Santuario delle divinità Ctonie, Agrigento, Italy",Sitio histórico,,"Templos de Deméter y Perséfone, culto agrícola",,,
Agrigento,"Museo Archeologico Regionale ""Pietro Griffo""",Solo mapeado,37.297076,13.589154,"Museo Archeologico Regionale Pietro Griffo, Agrigento, Italy",Museo,€22,"Uno de los mejores museos arqueológicos de Italia: el Telamón reconstruido de pie (8 m), el *Efebo de Agrigento*, cerámica ática de primer nivel y todo el material del valle. Es el complemento indispensable del parque.",,,
Agrigento,Museo Diocesano,Solo mapeado,37.313694,13.577427,"Museo Diocesano, Agrigento, Italy",Museo,€4,Arte sacro en el casco medieval.,,,
Agrigento,Cattedrale di San Gerlando,Solo mapeado,37.314003,13.576383,"Cattedrale di San Gerlando, Agrigento, Italy",Barrio,€3-5,Catedral normanda del s. XI reformada varias veces; sufrió deslizamientos y estuvo cerrada años. Verificar apertura.,,No necesaria,
Agrigento,Chiesa di San Nicola,Solo mapeado,37.296552,13.589222,"Chiesa di San Nicola, Agrigento, Italy",Barrio,Gratis,"Iglesia gótico-cisterciense junto al parque arqueológico, con el sarcófago de Fedra, uno de los mejores relieves romanos de Sicilia",,No necesaria,
Agrigento,Via Atenea,Solo mapeado,37.310630,13.582753,"Via Atenea, Agrigento, Italy",Barrio,Gratis,"El eje comercial del casco, con bares y pastelerías. GRATIS",,No necesaria,
Agrigento,Scala dei Turchi,Solo mapeado,37.289918,13.472700,"Scala dei Turchi, Punta Grande, Italy",Playa,Gratis,"Acantilado de marga blanca (roca calcárea casi luminosa) que baja al mar en terrazas naturales, como una escalera gigante. A 15 km. Es una de las imágenes más famosas de Sicilia. ⚠️ El acceso ha estado restringido / prohibido por riesgo de derrumbe y por daños: se puede ver perfectamente desde la playa contigua y desde los miradores, pero verificar si se permite pisarla en 2026. GRATIS",,No necesaria,
Agrigento,Punta Bianca,Solo mapeado,37.194384,13.661105,"Punta Bianca, Agrigento, Italy",Playa,Gratis,"Otro acantilado blanco, más salvaje y sin turistas, al este de la ciudad. Requiere auto y un tramo de tierra. GRATIS",,No necesaria,
Agrigento,Realmonte / Lido Rossello,Solo mapeado,37.295947,13.457069,"Lido Rossello, Italy",Playa,Gratis,La playa desde donde se fotografía la Scala dei Turchi. GRATIS,,No necesaria,
Agrigento,Porto Empedocle,Solo mapeado,37.288313,13.527550,"Porto Empedocle, Italy",Playa,Gratis,"Puerto del que salen los ferries a Lampedusa y Linosa; también es la ""Vigàta"" de las novelas de Camilleri (Montalbano). GRATIS",,No necesaria,
Agrigento,Eraclea Minoa,Solo mapeado,37.249307,13.624635,"Via Eraclea Minoa, Agrigento, Italy",Sitio,€4-6,"Ciudad griega sobre un acantilado blanco con teatro excavado en la marga, a 35 km. Prácticamente vacía.",,,
Agrigento,Sciacca,Solo mapeado,37.266643,13.753845,"Masseria Sciacca, Naro, Italy",Sitio,€5,"A 60 km: pueblo de pescadores con cerámica, termas y el delirante Castello Incantato (un campo con miles de cabezas talladas en piedra por un campesino que volvió loco de América).",,,
Agrigento,Caltabellotta,Solo mapeado,37.251105,13.612156,"Via Pace di Caltabellotta, Agrigento, Italy",Sitio,Gratis,Pueblo colgado a 950 m con castillo normando; vistas enormes. GRATIS,,No necesaria,
Noto,Cattedrale di San Nicolò,Solo mapeado,36.891622,15.070927,"Cattedrale di San Nicolò, Noto, Italy",Iglesia,Gratis,"La catedral, sobre una escalinata monumental de tres tramos. La cúpula se derrumbó en 1996 y se reconstruyó durante una década — hoy está entera. Nave GRATIS; subida a la cúpula/terrazas ~€5-8 (verificar)",,No necesaria,
Noto,Palazzo Ducezio (Municipio),Solo mapeado,36.890711,15.070549,"Palazzo Ducezio, Noto, Italy",Iglesia,€4-6,"Enfrente de la catedral, con pórtico curvo y el Salone degli Specchi, sala de espejos con estucos dorados y frescos.",,,
Noto,Chiesa di San Domenico,Solo mapeado,36.892120,15.068133,"Chiesa di San Domenico, Noto, Italy",Iglesia,Gratis,"Fachada convexa de Rosario Gagliardi, considerada una de las mejores de la ciudad, en la Piazza XVI Maggio. GRATIS",,No necesaria,
Noto,Chiesa di Santa Chiara,Solo mapeado,36.890465,15.071648,"Chiesa di Santa Chiara, Noto, Italy",Iglesia,€3-5,Interior ovalado con doce columnas; se sube a la terraza para la mejor vista de la catedral y del Corso desde arriba.,,,
Noto,Chiesa di San Carlo al Corso (San Carlo Borromeo),Solo mapeado,36.890864,15.069365,"Chiesa di San Carlo al Corso, Noto, Italy",Iglesia,€2-3,"Otra iglesia con campanario visitable, vista alternativa del eje.",,,
Noto,Chiesa del Santissimo Crocifisso,Solo mapeado,36.894619,15.072024,"Chiesa del Santissimo Crocifisso, Noto, Italy",Iglesia,Gratis,"En la parte alta, con la Madonna della Neve de Francesco Laurana (s. XV), rescatada de Noto Antica, y dos leones románicos en el portal. GRATIS",,No necesaria,
Noto,Chiesa di Montevergine,Solo mapeado,36.892451,15.070179,"Chiesa di Montevergine, Noto, Italy",Iglesia,Gratis,Fachada cóncava al final de la calle Nicolaci; cierra la perspectiva del Palazzo Nicolaci. GRATIS,,No necesaria,
Noto,Porta Reale (Porta Ferdinandea),Solo mapeado,36.890050,15.073751,"Porta Reale, Noto, Italy",Iglesia,Gratis,"Arco de entrada de 1838 con tres símbolos encima (torre, perro, pelícano). GRATIS",,No necesaria,
Noto,Palazzo Nicolaci di Villadorata,Solo mapeado,36.892030,15.069839,"Palazzo Nicolaci, Noto, Italy",Castillo,€6-8,"El balcón barroco más famoso de Sicilia: seis balcones sostenidos por ménsulas talladas con sirenas, caballos, leones, grifos, querubines y máscaras grotescas. Tiene 90 habitaciones en cuatro plantas; se visita parte del piso noble, con el salón de baile y los frescos.",,,
Noto,Via Corrado Nicolaci,Solo mapeado,36.891728,15.069867,"Via Corrado Nicolaci, Noto, Italy",Castillo,Gratis,La calle en pendiente donde está el palacio; es también la que se cubre de flores en la Infiorata. GRATIS,,No necesaria,
Noto,Palazzo Castelluccio,Solo mapeado,36.893120,15.067697,"Palazzo Di Lorenzo Castelluccio, Noto, Italy",Castillo,€10,"Palacio nobiliario del s. XVIII restaurado por un coleccionista francés, con interiores completos y cocina histórica. Visita guiada.",,,
Noto,Palazzo Trigona,Solo mapeado,36.891620,15.071767,"Palazzo Trigona, Noto, Italy",Castillo,€5-8,"Junto a la catedral, con terrazas panorámicas.",,,
Noto,Palazzo Landolina,Solo mapeado,36.891711,15.070574,"Palazzo Landolina, Noto, Italy",Castillo,Gratis,"Sede del obispado, en la Piazza Municipio. GRATIS por fuera",,No necesaria,
Noto,Noto Antica (Noto Vecchia),Solo mapeado,36.945731,15.023648,"Noto Antica, Noto, Italy",Sitio,Gratis,"A 8 km, en el monte Alveria: las ruinas de la ciudad medieval destruida en 1693, abandonadas y comidas por la vegetación. Castillo, puerta real, restos de conventos y calles. No hay casi nadie; es un sitio arqueológico salvaje. GRATIS",,No necesaria,
Noto,Villa Romana del Tellaro,Solo mapeado,36.835293,15.079757,"Villa Romana del Tellaro, Noto, Italy",Sitio,€6,"Villa romana del s. IV con mosaicos de caza notables, muy poco visitada (a diferencia de Piazza Armerina, no tiene colas). A 10 min.",,,
Noto,Riserva Naturale di Vendicari,Solo mapeado,36.804325,15.092826,"Riserva naturale orientata Oasi Faunistica di Vendicari, Noto, Italy",Sitio,,A 15 min. Ver ../Siracusa/Day_trips/Vendicari.md,,,
Noto,Lido di Noto / Noto Marina,Solo mapeado,36.861456,15.115043,"Lido di Noto, Noto, Italy",Sitio,Gratis,"La playa, a 7 km. En noviembre está vacía; el paseo funciona. GRATIS",,No necesaria,
Noto,Eloro (parque arqueológico),Solo mapeado,36.842278,15.107004,"Eloro, Noto, Italy",Sitio,€4-6,"Colonia griega junto al mar, fundada por Siracusa, casi sin visitantes. A 15 min.",,,
Ragusa,Duomo di San Giorgio,Solo mapeado,36.926547,14.742300,"Duomo di San Giorgio, Ragusa, Italy",Barrio,Gratis,"Obra maestra de Rosario Gagliardi (1738-75): fachada convexa de tres cuerpos que se eleva sobre una escalinata monumental, con cúpula neoclásica. Está girada respecto de la plaza, de modo que se descubre en diagonal al bajar. Nave GRATIS",,No necesaria,
Ragusa,Piazza Duomo,Solo mapeado,36.926279,14.743782,"Piazza Duomo, Ragusa, Italy",Barrio,Gratis,"Plaza alargada en pendiente, con palmeras y palacios, delante de San Giorgio. La postal de Ibla. GRATIS",,No necesaria,
Ragusa,Chiesa di San Giuseppe,Solo mapeado,36.925695,14.744787,"Chiesa di San Giuseppe, Ragusa, Italy",Barrio,€2-3,"La otra iglesia de Gagliardi, con fachada curva más íntima y pavimento de mayólica adentro.",,No necesaria,
Ragusa,Giardino Ibleo,Solo mapeado,36.925979,14.748670,"Giardino Ibleo, Ragusa, Italy",Barrio,Gratis,"Jardín público del s. XIX en el borde del espolón, con paseo de palmeras, tres iglesias dentro y un mirador sobre el valle del Irminio. Es el mejor lugar de Ibla. GRATIS",,No necesaria,Al atardecer
Ragusa,Circolo di Conversazione,Solo mapeado,36.926372,14.744253,"Circolo di Conversazione, Ragusa, Italy",Barrio,Gratis,"Salón del casino aristocrático del s. XIX, con interiores neoclásicos intactos; se puede espiar desde la puerta. GRATIS",,No necesaria,
Ragusa,Cattedrale di San Giovanni Battista,Solo mapeado,36.925673,14.728682,"Cattedrale di San Giovanni Battista, Ragusa, Italy",Barrio,Gratis,"La catedral de la ciudad nueva (1718-60), con fachada de tres cuerpos y campanario. GRATIS",,No necesaria,
Ragusa,Chiesa di Santa Maria delle Scale,Solo mapeado,36.925224,14.735157,"Chiesa di Santa Maria delle Scale, Ragusa, Italy",Barrio,Gratis,"En el borde del barranco, en el arranque de la escalinata; mezcla de gótico superviviente y barroco. Desde su atrio se ve Ibla entera — el mirador más famoso de la ciudad. GRATIS",,No necesaria,
Ragusa,Museo Archeologico Ibleo,Solo mapeado,36.923931,14.727016,"Museo Archeologico Ibleo, Ragusa, Italy",Barrio,€4-6,Material de Kamarina (colonia griega de la costa) y de las necrópolis iblias.,,No necesaria,
Ragusa,Ragusa Ibla,Solo mapeado,36.931346,14.750924,"Ragusa Ibla, Ragusa, Italy",Trekking,,"""Vigàta"" en muchas escenas: Piazza Duomo, Circolo di Conversazione, los callejones",,,
Ragusa,Scicli,Solo mapeado,36.793570,14.706964,"Scicli, Italy",Trekking,,"El Palazzo Municipio es la comisaría (*commissariato*) de la serie, con el despacho de Montalbano abierto a la visita. Ver Day_trips/Scicli.md",,,
Ragusa,Cava d'Ispica,Solo mapeado,36.853772,14.837268,"Cava d'Ispica, Modica, Italy",Naturaleza,€6,"Cañón de 13 km con cientos de tumbas rupestres, catacumbas cristianas, iglesias y habitaciones excavadas en la roca, ocupado desde el Neolítico hasta el s. XIX. A 30 min.",,No necesaria,
Ragusa,Marina di Ragusa,Solo mapeado,36.896110,14.700646,"Strada provinciale Ragusa-Marina di Ragusa, Ragusa, Italy",Naturaleza,Gratis,"La playa de la ciudad, a 25 min. En noviembre está tranquila pero el paseo funciona. GRATIS",,No necesaria,
Ragusa,Castello di Donnafugata,Solo mapeado,36.881942,14.564122,"Castello di Donnafugata, Ragusa, Italy",Naturaleza,€10,"Palacio neogótico del s. XIX con fachada veneciana absurda, 122 habitaciones, museo del traje y un laberinto de piedra en el parque. A 20 min. Salió en Montalbano y en *El Gatopardo* de Visconti.",,No necesaria,
Barcelona,Sagrada Família,Solo mapeado,41.403505,2.174428,"Basílica de la Sagrada Família, Barcelona, Spain",Sitio,€26,La obra maestra inacabada de Gaudí (en construcción desde 1882); el interior con las columnas-árbol y las vidrieras de colores es de otro mundo; €26 adulto base (exteriores + interior) / €36 con acceso a Torres; slot horario obligatorio — reservar con meses de anticipación,https://sagradafamilia.org/en/prices,Recomendada,
Barcelona,Park Güell (zona monumental),Solo mapeado,41.414235,2.152458,"Parc Güell, Barcelona, Spain",Sitio,Gratis,El proyecto de ciudad-jardín que Gaudí no terminó; la Sala Hipóstila y la Terraza del Dragón son las partes de pago; el resto del parque (fuera de la zona monumental) es gratuito y tranquilo; €18 adulto; slot horario obligatorio,https://parkguell.barcelona/planifica-la-teva-visita/tarifes-horaris,No necesaria,
Barcelona,Passeig de Gràcia,Solo mapeado,41.393404,2.163081,"Passeig de Gràcia lateral Llobregat, Barcelona, Spain",Sitio,Gratis,"El bulevar del Modernismo; en 2 cuadras están Casa Batlló, Casa Amatller y Casa Lleó Morera (la ""Manzana de la Discordia""); las fachadas son espectaculares desde la calle: GRATIS (ver fachadas)",,No necesaria,
Barcelona,Bunkers del Carmel,Solo mapeado,41.418348,2.153273,"Turó del Carmel, Barcelona, Spain",Sitio,Gratis,"Las mejores vistas de toda Barcelona (360°, incluyendo el mar); antiguos búnkeres de la Guerra Civil en la cima del Turó de la Rovira; el atardecer aquí supera a cualquier mirador de pago; en noviembre llevar abrigo; el consejo más repetido en Reddit para vistas gratis: GRATIS",,No necesaria,
Barcelona,Las Ramblas + Mercado de la Boqueria,Solo mapeado,41.382014,2.172457,"La Rambla, Barcelona, Spain",Sitio,Gratis,"La arteria peatonal de Barcelona; turística y con carteristas pero vale como ""pasada""; La Boqueria:cuando es mercado real; después es show turístico caro — los puestos auténticos están en el fondo: GRATIS entrar",,No necesaria,Llegar temprano; Antes de las 10h
Barcelona,Museu Picasso,Solo mapeado,41.385104,2.181201,"Museu Picasso, Barcelona, Spain",Museo,€19,"La mayor colección de obra temprana de Picasso (el periodo barcelonés es el más desconocido y sorprendente); 5 palacios medievales del Born conectados; €19 adulto / €12.50 reducido (sub-25, mayores 65, desempleados); primer domingo del mes: GRATIS",https://museupicassobcn.cat/en/plan-your-visit/buy-tickets-and-opening-hours,Recomendada,
Barcelona,MNAC (Museu Nacional d'Art de Catalunya),Solo mapeado,41.368108,2.151918,"Zona bus MNAC, Barcelona, Spain",Museo,€12,El Palau Nacional de Montjuïc con la mejor colección de arte románico del mundo + pintura gótica + arte modernista; €12 adulto (válido 2 días dentro de 1 mes; incluye terraza con vistas),https://www.museunacional.cat/es/horarios-y-precios,Recomendada,
Barcelona,Fundació Joan Miró,Solo mapeado,41.368645,2.160084,"Fundació Joan Miró, Barcelona, Spain",Museo,€18,El museo de Miró en Montjuïc; colección surrealista en un edificio de Sert lleno de luz; €18 adulto / €12 (15-30 años); gratis menores 14,,,
Barcelona,Palau de la Música Catalana,Solo mapeado,41.387584,2.175232,"Palau de la Música Catalana, Barcelona, Spain",Museo,€22-24,El único auditorio declarado Patrimonio UNESCO en el mundo; arquitectura Modernista de Domènech i Montaner; visita guiada: ~€22-24; asistir a un concierto: desde €38; la fachada es gratis de ver: GRATIS (fachada),https://www.palaumusica.cat/en/visites/visits-and-tickets_1159168,Recomendada,
Barcelona,Casa Batlló,Solo mapeado,41.391545,2.164696,"Casa Batlló, Barcelona, Spain",Museo,€29,"La ""casa del dragón""; la fachada más impresionante del Modernismo; desde €29 (precio varía según horario y tipo de experiencia); ""Magic Nights"" y visitas nocturnas más caras pero muy bien valoradas en foros",https://www.casabatllo.es/en/online-tickets/,Recomendada,
Barcelona,La Pedrera (Casa Milà),Solo mapeado,41.412749,2.146718,"la Pedrera, Barcelona, Spain",Museo,€25,La última obra civil de Gaudí; la azotea con las chimeneas en forma de guerreros medievales vale la visita; Essential desde €25 — la alternativa más accesible entre los interiores Gaudí de pago,https://www.lapedrera.com/en/tickets/la-pedrera-essential/,Recomendada,
Barcelona,MACBA (Museu d'Art Contemporani),Solo mapeado,41.382809,2.166476,"MACBA, Barcelona, Spain",Museo,€12,El cubo blanco de Richard Meier frente al Raval; una de las mejores plazas de Barcelona para skateboard y cultura urbana; ~€12 adulto (verificar en macba.cat),,,
Barcelona,Poble Espanyol,Solo mapeado,41.368544,2.148258,"Poble Espanyol, Barcelona, Spain",Museo,€13.50,"Recinto de la Expo 1929 con réplicas de arquitecturas de toda España; talleres de artesanía, restaurantes; vida nocturna los fines de semana; €13.50 online / €15 en puerta",,,
Barcelona,"El Born (Sant Pere, Santa Caterina i la Ribera)",Solo mapeado,41.385712,2.183637,"El Born, Barcelona, Spain",Barrio,Gratis,"El barrio más chic del centro histórico; palacios medievales, galerías independientes, vinotecas y restaurantes de nivel; Passeig del Born, Mercado de Santa Caterina (techo de mosaico multicolor), El Xampanyet: GRATIS",,No necesaria,
Barcelona,Gràcia,Solo mapeado,41.406577,2.158281,"Gràcia, Barcelona, Spain",Barrio,Gratis,"El barrio más ""local"" del centro; fue municipio independiente hasta 1897; Plaça del Sol y Plaça de la Vila de Gràcia llenas de terrazas de locales; Mercat de la Llibertat; ambiente tranquilo y auténtico: GRATIS",,No necesaria,
Barcelona,Poble Sec,Solo mapeado,41.372806,2.161972,"el Poble-sec, Barcelona, Spain",Barrio,€1.50-2,"Ladera del Montjuïc; la Carrer de Blai es la ""calle de los pintxos"" de Barcelona — pintxos a €1.50-2 c/u en decenas de bares; el mejor precio por calidad gastronómica de toda la ciudad: GRATIS explorar",,No necesaria,
Barcelona,Barceloneta,Solo mapeado,41.380653,2.189927,"la Barceloneta, Barcelona, Spain",Barrio,Gratis,El barrio marinero; las playas en noviembre están sin turistas y el Passeig Marítim es un paseo largo sin multitudes; restaurantes de pescado y arroces con ambiente local: GRATIS,,No necesaria,
Barcelona,Eixample,Solo mapeado,41.393689,2.163655,"Eixample, Barcelona, Spain",Barrio,Gratis,"El Ensanche modernista de Cerdà; cuadrícula perfecta con chaflanes en todas las esquinas; Rambla de Catalunya (más tranquila que Las Ramblas); el ""Gaixample"" (barrio LGBTQ+): GRATIS",,No necesaria,
Barcelona,Poblenou,Solo mapeado,41.400527,2.201729,"el Poblenou, Barcelona, Spain",Barrio,Gratis,"El barrio industrial reconvertido en barrio creativo; Rambla del Poblenou (la Rambla de los locales), galerías de arte, la playa más tranquila: GRATIS",,No necesaria,
Barcelona,Raval,Solo mapeado,41.446271,2.237569,"el Raval, Badalona, Spain",Barrio,Gratis,Multicultural y bohemio al oeste de Las Ramblas; MACBA + CCCB concentran la escena cultural alternativa; en foros se recomienda precaución tarde de noche en algunas calles: GRATIS,,No necesaria,
Barcelona,Parc de la Ciutadella,Solo mapeado,41.388416,2.186255,"Parc de la Ciutadella, Barcelona, Spain",Sitio,Gratis,"El ""Central Park"" de Barcelona; lago con barcas de remo, la cascada monumental (diseñada en parte por un joven Gaudí), patos y familias locales; el parque más relajado de la ciudad: GRATIS",,No necesaria,
Barcelona,Montjuïc completo (día entero),Solo mapeado,41.363151,2.165615,"Montjuïc, Barcelona, Spain",Sitio,€12,"El ""cerro mágico"" de Barcelona; Castillo de Montjuïc (vistas al puerto), MNAC, Fundació Miró, Pavelló Mies van der Rohe, jardines de cactus; subir en funicular (incluido en T-Casual) o teleférico desde Barceloneta",,,
Barcelona,El Cementiri de Poblenou,Solo mapeado,41.395274,2.201858,"Cementiri del Poblenou, Barcelona, Spain",Sitio,Gratis,El cementerio neoclásico del s. XIX más interesante de Barcelona; arquitectura funeraria única; casi ningún turista lo visita; a 10 min a pie del Born: GRATIS,,No necesaria,
Barcelona,Mercat del Encants Nous (Glòries),Solo mapeado,41.400950,2.186228,"Mercat dels Encants, Barcelona, Spain",Sitio,Gratis,"El mercado de segunda mano más grande de Cataluña; bajo una estructura metálica reflectante diseñada para evitar el sol; viernes, sábados y domingos: GRATIS entrar",,No necesaria,
Madrid,Retiro,Solo mapeado,40.420463,-3.686427,"Retiro, Madrid, Spain",Sitio,Gratis,"El parque más grande de Madrid (~1.4km²); el Estanque del Retiro con barcas de remo, el Palacio de Cristal (exposiciones gratis), la Rosaleda y los jardines del Parterre; uno de los mejores planes de Madrid en cualquier estación: GRATIS",,No necesaria,
Madrid,Sol → Plaza Mayor → Mercado de San Miguel,Solo mapeado,40.415097,-3.708010,"Mercado san miguel madrid, Madrid, Spain",Sitio,Gratis,"El circuito central de Madrid; la Puerta del Sol (km 0 de España), Plaza Mayor del s. XVII, el Mercado de San Miguel (muy turístico pero bien curado, tapas premium): GRATIS caminar; mercado €3-6 por tapa",,No necesaria,
Madrid,Gran Vía,Solo mapeado,40.422040,-3.708713,"Gran Vía, Madrid, Spain",Sitio,Gratis,El bulevar de los grandes cines y edificios Art Déco del s. XX; ir a pie desde Sol tomando helado: GRATIS,,No necesaria,Mejor al atardecer o de noche iluminado
Madrid,Barrio de La Latina,Solo mapeado,40.412375,-3.711055,"Barrio de la Latina, Madrid, Spain",Sitio,Gratis,El barrio más castizo de Madrid; Cava Baja y Cava Alta llenas de tabernas con tapas; el Mercado de la Cebada; la Plaza de la Paja; el lugar para el tapeo clásico madrileño: GRATIS,,No necesaria,
Madrid,Malasaña,Solo mapeado,40.426708,-3.704231,"Malasaña, Madrid, Spain",Sitio,Gratis,"El barrio bohemio y vintage; tiendas de segunda mano, bares de barrio, Corredera Baja de San Pablo; la esencia del Madrid más joven y local; muy animado el fin de semana: GRATIS",,No necesaria,
Madrid,Museo Nacional del Prado,Solo mapeado,40.413792,-3.692041,"Museo del Prado, Madrid, Spain",Museo,€15,"La mayor colección de pintura española e italiana del mundo; Velázquez (Las Meninas, Rokeby Venus), Goya (Pinturas Negras, El 3 de mayo), Rubens, El Bosco; €15 adulto; GRATIS lun-sáb 18-20h y dom/festivos 17-19h (últimas 2h siempre); 19 nov posiblemente GRATIS (aniversario); Tip: ir con plan concreto (2-3h enfocadas, no ""ver todo"")",https://museodelprado.es/en/visit/opening-times-and-prices,Recomendada,
Madrid,Museo Reina Sofía,Solo mapeado,40.408049,-3.694422,"Museo Nacional Centro de Arte Reina Sofía, Madrid, Spain",Museo,€12,"Arte moderno y contemporáneo español; Guernica de Picasso (la razón principal para ir) + las obras del entorno de la Guerra Civil; Dalí, Miró; €12 adulto; franjas de gratuidad (verificar en museoreinasofia.es — habitualmente gratis lunes y tardes de fin de semana)",http://www.museoreinasofia.es/en/visit/individual-visits,Recomendada,
Madrid,Museo Thyssen-Bornemisza,Solo mapeado,40.416216,-3.694932,"Museo Thyssen-Bornemisza, Madrid, Spain",Museo,€14,"La colección privada más importante de España (del renacentismo al siglo XX en un edificio del Paseo del Prado); Holbein, Rembrandt, Monet, Hopper, Hockney; €14 adulto / €10 reducido; GRATIS lunes 12-16h y sábados 21-23h",https://museothyssen.org/en/visit/opening-hours-prices,Recomendada,
Madrid,Palacio Real de Madrid,Solo mapeado,40.416740,-3.713622,"Palacio Real de Madrid, Madrid, Spain",Museo,€18,"El palacio oficial de la Corona española (el más grande de Europa occidental por superficie); 3, 418 habitaciones; la Armería Real; €18 adulto / €9 reducido; ciudadanos UE e iberoamericanos pueden tener entrada gratuita en ciertos tramos (verificar en patrimonionacional.es)",https://tickets.patrimonionacional.es/es/tickets/palacio-real-de-madrid,Recomendada,
Madrid,Templo de Debod,Solo mapeado,40.424069,-3.717613,"Templo de Debod, Madrid, Spain",Museo,Gratis,Un templo egipcio de 2.200 años de antigüedad donado a España en 1968 (por el apoyo en salvar Abu Simbel de las aguas del Nilo); las vistas y la Casa de Campo son de las mejores de Madrid; GRATIS (reservar slot con antelación en madrid.es/debodreservas; aforo máximo 30 personas; cerrado lunes),,Recomendada,Al atardecer
Madrid,Palacio de Cibeles / CentroCentro,Solo mapeado,40.418845,-3.691812,"Palacio de Cibeles, Madrid, Spain",Museo,Gratis,El antiguo Palacio de Comunicaciones (1919) reconvertido en centro cultural; la terraza de La Terraza del Palacio de Cibeles tiene vistas al Paseo del Prado; exposiciones temporales variadas; GRATIS entrar a las salas de exposición,,No necesaria,
Madrid,Barrio de Las Letras (Barrio de los Poetas),Solo mapeado,40.468409,-3.717550,"Bar Los Poetas, Madrid, Spain",Museo,Gratis,"El barrio literario del Siglo de Oro; Lope de Vega, Quevedo y Cervantes vivieron aquí; versos de sus obras grabados en el suelo de las calles; la Casa de Lope de Vega es visitable; entre el Prado y Atocha: GRATIS caminar",,No necesaria,
Madrid,Matadero Madrid,Solo mapeado,40.391545,-3.697662,"Matadero Madrid, Centro de creación Contemporánea, Madrid, Spain",Museo,Gratis,"El antiguo matadero municipal (s. XX) reconvertido en el mayor centro de artes de Madrid; teatro, danza, exposiciones, mercados de diseño; en el barrio de Legazpi; la arquitectura industrial es impresionante: GRATIS entrar a muchos eventos",,No necesaria,
Madrid,Lavapiés,Solo mapeado,40.408402,-3.700965,"Lavapiés, Madrid, Spain",Barrio,Gratis,El barrio más multicultural de Madrid; buzzing con energía 24h; tapas gratis con bebida en muchos bares de la zona; Mercado de San Fernando (affordable y diverso); arte callejero; Plaza de Lavapiés el corazón social; en foros: ambiente muy auténtico aunque algunos señalan precaución en calles muy tarde: GRATIS,,No necesaria,
Madrid,Chueca,Solo mapeado,40.422742,-3.699327,"Chueca, Madrid, Spain",Barrio,Gratis,"El barrio LGBTQ+ más famoso de España; bares y restaurantes de calidad, mercado de San Antón (3 plantas, más local que San Miguel); muy animado toda la semana; ambiente completamente abierto: GRATIS",,No necesaria,
Madrid,Salamanca,Solo mapeado,40.427045,-3.680602,"Salamanca, Madrid, Spain",Barrio,Gratis,El barrio de los ricos; Serrano para el shopping de lujo (Inditex y marcas españolas también); el Museo Thyssen está en el límite; más tranquilo pero elegante: GRATIS pasear,,No necesaria,
Madrid,Lavapiés + El Rastro (domingo),Solo mapeado,40.408633,-3.707330,"El Rastro, Madrid, Spain",Barrio,Gratis,El domingo 15 nov: el Rastro (el mercadillo más grande de España) se monta en Ribera de Curtidores desde las 9h hasta las 15h; el plan clásico madrileño del domingo: Rastro → tapas en La Latina: GRATIS pasear el mercadillo,,No necesaria,
Madrid,Estadio Bernabéu (Real Madrid),Solo mapeado,40.453044,-3.688197,"Bernabéu, Madrid, Spain",Sitio,€30,El nuevo Bernabéu renovado (2024); visita museo e instalaciones; verificar precios en realmadrid.com; interesante aunque no sean del Real Madrid por la arquitectura,,,
Madrid,Mercado de Motores,Solo mapeado,40.404175,-3.674039,"Andén 0 - Nave de Motores de Pacífico, Madrid, Spain",Sitio,,El segundo domingo de cada mes en el Museo del Ferrocarril (Delicias); el mejor mercado vintage de Madrid; verificar si el 15 nov coincide (generalmente 2do domingo),,,
Madrid,La Corrala de Lavapiés,Solo mapeado,40.407980,-3.702753,"Plaza de la Corrala, Madrid, Spain",Sitio,Gratis,Un edificio de vecinos del s. XIX en galería abierta; el más fotogénico del barrio; teatro en el patio en verano: GRATIS ver desde fuera,,No necesaria,
Madrid,Círculo de Bellas Artes (azotea),Solo mapeado,40.418207,-3.696514,"Círculo de Bellas Artes, Madrid, Spain",Sitio,€5,La azotea del edificio Art Déco en Gran Vía con vistas a toda la ciudad; ~€5 acceso; una de las mejores perspectivas del centro,,,
Florencia,Duomo + Brunelleschi Pass,Solo mapeado,43.773328,11.257986,"Duomo Brunelleschi Pass, Firenze, Italy",Sitio,€30,Complejo catedralicio más importante del Renacimiento; el Brunelleschi Pass cuesta €30 e incluye Cúpula de Brunelleschi + Campanario de Giotto + Baptisterio + interior Catedral + Museo dell'Opera + ruinas de Santa Reparata; válido 3 días; el slot para la Cúpula se agota 2-3 semanas antes — RESERVAR lo antes posible en tickets.duomo.firenze.it nada más se abra la ventana de reservas,https://tickets.duomo.firenze.it/en/,Recomendada,
Florencia,Jardines de Boboli + Bardini,Solo mapeado,43.763278,11.249899,"Giardino di Boboli, Firenze, Italy",Sitio,€10,"Boboli: parque monumental detrás del Palazzo Pitti con fuentes, estatuas y vistas sobre el Oltrarno; €10 adulto en alta temporada (incluye ambos jardines + Museo de la Porcelana; hasta oct 31); cerrado 1er y último lunes del mes",,,
Florencia,Borghini / vía Romana,Solo mapeado,43.768373,11.261553,"Palazzo Borghini, Firenze, Italy",Barrio,Gratis,"La arteria principal del Oltrarno hacia Porta Romana; anticuarios, talleres de restauración de muebles, ateliers de moda local: GRATIS",,No necesaria,
Bari,Piazza Mercantile y Colonna della Giustizia,Solo mapeado,41.127971,16.871604,"Piazza Mercantile, Bari, Italy",Sitio,Gratis,"Plaza del comercio medieval, con la columna donde se ataba a los deudores insolventes. GRATIS",,No necesaria,
Bari,Chiesa di San Marco dei Veneziani / Vallisa,Solo mapeado,41.129657,16.869741,"Chiesa di San Marco dei veneziani, Bari, Italy",Sitio,,"Iglesias menores del casco, testimonio de las colonias mercantiles",,,
Bari,Mercato del Pesce / N'derr la lanz (Molo San Nicola),Solo mapeado,41.128318,16.874669,"Mercato del pesce, Bari, Italy",Mercado,Gratis,"Los pescadores venden directo del barco en el puerto viejo, y en algunos puestos se come pulpo y erizos crudos en el momento. Muy de mañana. GRATIS mirar; degustación €5-15",,No necesaria,
Lecce,Chiesa di Santa Chiara / Santa Teresa / Santi Niccolò e Cataldo,Solo mapeado,40.351792,18.171262,"Chiesa di Santa Chiara, Lecce, Italy",Iglesia,Gratis,"Más barroco, más rosetones. GRATIS o ~€2-3",,No necesaria,
Lecce,Teatro Politeama Greco / Teatro Paisiello,Solo mapeado,40.353127,18.174812,"Teatro Politeama Greco, Lecce, Italy",Sitio,,Programación de temporada; verificar cartelera de noviembre,,,
Lecce,Via Palmieri y Via Libertini,Solo mapeado,40.332482,18.223560,"Via Palmieri, Lizzanello, Italy",Barrio,Gratis,Las dos calles con más palacios barrocos seguidos. GRATIS,,No necesaria,
Matera,Santa Maria de Idris + San Giovanni in Monterrone,Solo mapeado,40.662537,16.611151,"Chiesa di Santa Maria de Armenis, Matera, Italy",Iglesia,€3-5,"Dos iglesias unidas, excavadas dentro de un peñón que sobresale del Sasso Caveoso, con frescos del s. XII-XVII. La ubicación es espectacular.",,,
Matera,Madonna delle Virtù + San Nicola dei Greci,Solo mapeado,40.668418,16.611220,"Chiesa Madonna delle Virtù, Matera, Italy",Iglesia,€3-5,"Complejo rupestre en el borde del cañón, con dos niveles y frescos.",,,
Matera,Chiesa di San Francesco d'Assisi / San Giovanni Battista / Purgatorio,Solo mapeado,40.665464,16.609293,"Chiesa di San Francesco d'Assisi, Matera, Italy",Iglesia,Gratis,En la ciudad de arriba; la del Purgatorio tiene una puerta cubierta de calaveras. GRATIS,,No necesaria,
Matera,Villaggio Saraceno / Cripte del parco,Solo mapeado,40.616784,16.655333,"Villaggio Saraceno, Matera, Italy",Naturaleza,Gratis,Asentamientos rupestres prehistóricos en la meseta,,No necesaria,
Ostuni,Palazzo Vescovile y Arco Scoppa,Solo mapeado,40.734294,17.578535,"Palazzo Vescovile, Ostuni, Italy",Barrio,Gratis,"Arco elevado que une el palacio episcopal con el seminario, junto a la catedral: el encuadre más fotografiado de Ostuni. GRATIS",,No necesaria,
Ostuni,Chiesa di San Vito Martire / Museo di Civiltà Preclassiche della Murgia,Solo mapeado,40.733714,17.578667,"Chiesa San Vito Martire, Ostuni, Italy",Barrio,€5,"Alberga a ""Delia"", el esqueleto de una mujer embarazada de 25.000 años hallado en la cueva de Santa Maria di Agnano, cerca del pueblo — es el enterramiento de una gestante más antiguo del mundo.",,No necesaria,
Palermo,Palazzo dei Normanni + Cappella Palatina,Solo mapeado,38.111206,13.353250,"Palazzo dei Normanni, Palermo, Italy",Museo,€15.50,"Palacio real normando; la Capilla Palatina tiene mosaicos bizantinos dorados y techo de mocárabes árabe. Lo mejor de Palermo, sin discusión. — llegar a la apertura, la capilla se llena de grupos",https://www.federicosecondo.org/en/visit/,Recomendada,
Palermo,Terraza del Grand Hotel Wagner / rooftop bars,Solo mapeado,38.123604,13.358526,"Grand Hotel Wagner, Palermo, Italy",Mirador,Gratis,Ver nightlife.md,,No necesaria,
Palermo,Via Maqueda + Via Vittorio Emanuele (Cassaro),Solo mapeado,38.118456,13.359669,"Via Maqueda, Palermo, Italy",Barrio,Gratis,Los dos ejes peatonales del centro. GRATIS,,No necesaria,
Palermo,Antico Mercato di Sant'Anna / Antiquariato,Solo mapeado,38.115367,13.365132,"Antico Mercato di Sant'Anna, Palermo, Italy",Sitio,,Anticuarios en la zona de Piazza Sant'Anna,,,
Palermo,Cimitero dei Rotoli / Cimitero di Sant'Orsola,Solo mapeado,38.160424,13.368614,"Cimitero di Santa Maria dei Rotoli, Palermo, Italy",Sitio,,"Cementerios monumentales, esculturas del XIX",,,
Catania,Teatro Greco-Romano + Odeon,Solo mapeado,37.502879,15.083576,"Teatro Greco Romano, Catania, Italy",Museo,€6-8,Teatro romano de cavea de piedra de lava metido entre casas del barrio: se entra por un patio y aparece de golpe. Incluye el Odeon (sala menor) y el Antiquarium.,https://parchiarcheologici.regione.sicilia.it/catania-valle-aci/en/biglietti/teatro-romano-e-odeon-catania/,Recomendada,
Catania,Chiesa della Badia di Sant'Agata + cúpula,Solo mapeado,37.503107,15.088078,"Badia di Sant'Agata, Catania, Italy",Iglesia,€5,Iglesia de Vaccarini pegada a la catedral; se sube a la cúpula para la mejor vista de la Piazza del Duomo y el Etna al fondo.,,,
Catania,"Piazza del Duomo + Fontana dell'Elefante (""u Liotru"")",Solo mapeado,37.502408,15.087190,"Piazza Duomo, Catania, Italy",Barrio,Gratis,"El elefante de piedra de lava con obelisco egipcio encima, símbolo de la ciudad. GRATIS",,No necesaria,
Catania,Il Fortino / Mercato di San Berillo,Solo mapeado,37.499884,15.074498,"Il Braciere del Fortino, Catania, Italy",Sitio,,Zona de anticuarios y objetos raros.,,,
Catania,Grotta del Gelo / colata de 1669,Solo mapeado,37.702740,15.094450,"La colata lavica del 1992, Zafferana Etnea, Italy",Sitio,,Los restos del río de lava que sepultó parte de la ciudad todavía se ven en el barrio de la Marina y en el Castello Ursino.,,,
Siracusa,Tecnoparco Archimede / Museo di Archimede,Solo mapeado,37.074086,15.274297,"Tecnoparco Archimede, Siracusa, Italy",Museo,€8,Máquinas de Arquímedes reconstruidas; el matemático nació y murió en Siracusa (lo mató un soldado romano en el 212 a.C. mientras resolvía un problema).,,,
Siracusa,Miqwe / Bagno Ebraico di Ortigia,Solo mapeado,37.059618,15.297609,"Bagno ebraico - Mikveh, Siracusa, Italy",Iglesia,€5-8,"El baño ritual judío más antiguo de Europa, del s. VI, redescubierto en los 90 bajo un hotel, a 18 m de profundidad. Solo con visita guiada.",,,
Siracusa,Lungomare di Levante y Lungomare d'Ortigia,Solo mapeado,37.065543,15.294793,"Lungomare di Levante Elio Vittorini, Siracusa, Italy",Barrio,Gratis,Paseos junto a las murallas mirando al mar abierto. GRATIS,,No necesaria,
Siracusa,Piazza Archimede + Fontana di Diana,Solo mapeado,37.061265,15.293874,"Piazza Archimede, Siracusa, Italy",Barrio,Gratis,"Plaza con fuente art nouveau, centro social de Ortigia. GRATIS",,No necesaria,
Agrigento,Necropoli Paleocristiana y Tomba di Terone,Solo mapeado,37.290309,13.589653,"Necropoli Paleocristiana, Agrigento, Italy",Sitio histórico,,Catacumbas cristianas excavadas en la roca y un monumento funerario romano,,,
Noto,"Piazza Municipio, Piazza XVI Maggio y Piazza dell'Immacolata",Solo mapeado,36.890718,15.070101,"Piazza Municipio, Noto, Italy",Iglesia,Gratis,Las tres plazas escalonadas del Corso. GRATIS,,No necesaria,
Noto,Cava Carosello / Eremo di San Corrado,Solo mapeado,36.947343,15.019644,"Cava del Carosello, Noto, Italy",Sitio,Gratis,Cañón junto a Noto Antica con ermita rupestre. GRATIS,,No necesaria,
Noto,Convento del Santissimo Salvatore + Museo Civico,Solo mapeado,36.890800,15.071924,"Basilica del Santissimo Salvatore, Noto, Italy",Sitio,€4-6,Torre panorámica del convento y museo con material de Noto Antica y Eloro.,,,
Ragusa,Chiesa di Santa Maria dei Miracoli / San Giacomo / dei Cappuccini,Solo mapeado,36.924434,14.741119,"Chiesa di Santa Maria dei Miracoli, Ragusa, Italy",Barrio,Gratis,Las tres iglesias dentro o junto al Giardino Ibleo,,No necesaria,
Ragusa,Corso Italia y Via Roma,Solo mapeado,36.926905,14.725545,"Corso Italia, Ragusa, Italy",Barrio,Gratis,"Los ejes del trazado dieciochesco, con palacios y comercios. GRATIS",,No necesaria,
Ragusa,Palazzo Zacco y Palazzo Bertini,Solo mapeado,36.924392,14.731286,"Palazzo Zacco, Ragusa, Italy",Barrio,Gratis,"Más balcones con máscaras; los ""tres poderosos"" de Bertini (el pobre, el noble y el rico) son las ménsulas más comentadas de la ciudad",,No necesaria,
Ragusa,Ponte dei Cappuccini / Ponte Nuovo,Solo mapeado,36.923075,14.729030,"Ponte dei Cappucini, Ragusa, Italy",Barrio,Gratis,"Los puentes que cruzan el barranco de la ciudad alta, con vistas",,No necesaria,
Ragusa,Valle dell'Irminio / Riserva Naturale Macchia Foresta del Fiume Irminio,Solo mapeado,36.928080,14.734101,"Valle dell'Irminio, Ragusa, Italy",Naturaleza,Gratis,"Reserva en la desembocadura del río, con dunas y bosque mediterráneo. A 20 min. GRATIS",,No necesaria,
Barcelona,Barri Gòtic + El Born,Solo mapeado,41.383840,2.174512,"el Gòtic, Barcelona, Spain",Sitio,Gratis,"El núcleo medieval de Barcelona; el Call (barrio judío medieval), la Catedral Gótica, Plaça del Rei, el Pont del Bisbe; El Born con el Passeig del Born y el Mercado medieval: GRATIS",,No necesaria,
Florencia,Jardines Bardini,Solo mapeado,43.764212,11.257128,"Giardino Bardini, Firenze, Italy",Sitio,€10,"Los foros recomiendan Bardini sobre Boboli: mejores vistas, menos multitudes, café agradable en lo alto; incluido en el ticket €10 de Boboli",,,
Roma,Catacumbas de la Vía Appia,Solo mapeado,41.818506,12.568677,"Via Appia Nuova, Roma, Italy",Sitio,€8-10,"Las catacumbas paleocristianas más extensas del mundo; San Callisto (la principal), San Sebastiano, Domitilla; solo visita guiada; ~€8-10 adulto (verificar); interesante para entender la historia cristiana temprana",,,
Bari,Muraglia (paseo de las murallas),Solo mapeado,41.131939,16.870803,"La Muraglia B&B, Bari, Italy",Sitio,Gratis,"Camino sobre las murallas antiguas, entre Bari Vecchia y el mar. GRATIS",,No necesaria,
Bari,Bari Sotterranea,Solo mapeado,41.125784,16.862029,"Bari, Italy",Sitio,,"Recorridos por cisternas y galerías bajo la ciudad vieja; oferta irregular, verificar operadores",,,
Lecce,MUST — Museo Storico della Città,Solo mapeado,40.351700,18.170849,"MUST - Museo Storico della Città di Lecce, Lecce, Italy",Sitio,€3-5,En un ex monasterio; historia urbana de Lecce.,,,
Matera,MUSMA — Museo della Scultura Contemporanea,Solo mapeado,40.666118,16.612251,"Musma, Matera, Italy",Museo,€7-8,Escultura contemporánea dentro de cuevas de un palacio del s. XVII. La combinación funciona mucho mejor de lo que suena.,,,
Ostuni,Alberobello,Solo mapeado,40.784124,17.237703,"Alberobello, Bari, Italy",Pueblo,,los trulli UNESCO → Day_trips/Alberobello.md,,,
Palermo,Museo Archeologico Regionale Antonino Salinas,Solo mapeado,38.120905,13.361146,"Museo Archeologico Regionale Antonio Salinas, Palermo, Italy",Museo,€6-8,"Metopas de Selinunte, ariete de bronce, colección fenicia y griega de primer nivel.",,,
Palermo,Riserva Naturale di Capo Gallo,Solo mapeado,38.207971,13.294616,"Riserva Naturale Orientata Capo Gallo, Palermo, Italy",Naturaleza,Gratis,Cabo con senderos costeros entre Mondello y Sferracavallo. GRATIS,,No necesaria,
Palermo,Bagni arabi di Cefalà Diana,Solo mapeado,37.930394,13.472455,"Bagni di Cefalà Diana, Cefalà Diana, Italy",Sitio,,"Único baño árabe conservado de Sicilia, a 40 min en auto hacia el interior",,,
Catania,Chiesa di San Nicolò l'Arena,Solo mapeado,37.504288,15.080049,"San Nicolò l'Arena, Catania, Italy",Iglesia,€3-5,"La iglesia más grande de Sicilia y nunca terminada: fachada con las columnas cortadas a mitad. Adentro, un órgano monumental y una meridiana de 1841 embutida en el piso.",,,
Catania,Santuario Basilica Maria SS. Annunziata al Carmine,Solo mapeado,37.510071,15.088912,"Basilica Santuario di Maria Santissima Annunziata al Carmine, Catania, Italy",Iglesia,,"y Chiesa San Francesco Borgia - Menos visitadas, buen barroco.",,,
