csv,csv_line,ciudad,nombre,buscado,tipo,lat_csv,lng_csv,lat_res,lng_res,dist_m,tolerancia_m,s1_resolver,s2_reverse,s3_decimales,s4_encuadre,puntaje,reverse_localidad,reverse_que_hay,fuente,veredicto
europa_central.csv,169,Interlaken,Berna,Bern,Ciudad,46.948000,7.447400,46.686967,7.849341,42165,7000,-1,1,-1,-1,-2,Bern,"1, Marktgasse, Gelbes Quartier, Stadtteil I, Bern, Verwaltungskreis Bern-Mittelland, Verwa",nominatim/nominatim_bounded,revisar
europa_central.csv,227,Lagos Alpinos,Kranjska Gora + Vršič,Vršič,Sitio,46.491065,13.871680,46.305905,14.347270,41881,300,-1,0,1,1,1,Gozd Martuljek,"Vavčar, Gozd Martuljek, Kranjska Gora, 4282, Slovenija",nominatim/bajo_umbral,revisar
europa_del_sur.csv,7,Lisboa,Convento do Carmo,Convento do Carmo,Monumento,38.793990,-9.443800,38.712177,-9.140160,27858,200,-1,0,1,-1,-1,Colares,"Caminho do Carmo, São Sebastião, Colares, Sintra, Lisboa, 2705-190, Portugal",nominatim/nominatim_bounded,revisar
europa_del_sur.csv,35,Lisboa,Cascais,Cascais,Day trip,38.696892,-9.420450,38.703908,-9.174770,21334,3000,-1,1,1,-1,0,Cascais,"29, Praça 5 de Outubro, Cascais e Estoril, Cascais, Lisboa, 2750-320, Portugal",nominatim/fuentes discrepan 15.9 km,revisar
europa_katia.csv,232,Budapest,Barrio Judío de Budapest,Erzsébetváros,Barrio,47.371167,18.923843,47.502132,19.072910,18379,1500,-1,1,1,1,2,Érd,"Bolyai János Általános Iskola Alsó utcai épület, Alsó utca, Béke téri lakótelep, Erzsébetv",photon/fuentes discrepan 18.4 km,revisar
europa_central.csv,174,Lucerna,Paseo del lago,Vierwaldstättersee,Paseo,47.052500,8.315000,46.985434,8.498843,15807,2000,-1,0,-1,1,-1,Luzern,"Inseli Steg, Europaplatz, Altstadt, Luzern, 6002, Schweiz/Suisse/Svizzera/Svizra",nominatim/fuentes discrepan 16.1 km,revisar
europa_occidental.csv,272,Londres,House of MinaLima,House of MinaLima,Harry Potter,51.513500,-0.135500,51.445420,-0.333481,15662,300,-1,0,1,1,1,City of Westminster,"Temper, 25, Broadwick Street, Soho, City of Westminster, Greater London, England, W1F 0DS,",photon/bajo_umbral,revisar
europa_katia.csv,216,Cracovia,Podgórze,Podgórze,Barrio,50.138188,20.103765,50.043100,19.952961,15084,1500,-1,1,1,1,2,Luborzyca,"52, Spacerowa, Podgórze, Luborzyca, gmina Kocmyrzów-Luborzyca, powiat krakowski, województ",photon/photon,revisar
europa_del_sur.csv,318,Barcelona,Eixample,Eixample,Barrio,41.488169,2.293254,41.393689,2.163655,15069,1500,-1,1,1,1,2,Alella,"48, Rambla de Fontcalda, Eixample, Alella, Maresme, Barcelona, Catalunya, 08328, España",photon/fuentes discrepan 15.1 km,revisar
europa_katia.csv,42,Lagos Alpinos,Teleférico de Vogel,Vogel,Teleférico,46.257834,13.835595,46.373624,13.848683,12914,300,-1,0,1,1,1,Ukanc,"Ukanc, Bohinj, 4265, Slovenija",nominatim/bajo_umbral,revisar
europa_occidental.csv,219,Colmar,Ribeauvillé,Ribeauvillé,Pueblo Route des Vins,48.192460,7.324887,48.081143,7.355408,12583,6000,0,1,1,-1,1,Ribeauvillé,"Ribeauvillé, Colmar-Ribeauvillé, Haut-Rhin, Collectivité européenne d'Alsace, Grand Est, F",photon/bajo_umbral,revisar
europa_katia.csv,265,Highlands,Cairngorm Mountain Gondola,Cairngorm Mountain Railway,Teleférico,57.191152,-3.829352,57.131377,-3.665324,11917,300,-1,0,1,1,1,Aviemore,"Cairngorm Mountain Sports, Grampian Road, Aviemore, Highland, Alba / Scotland, PH22 1PE, U",photon/bajo_umbral,revisar
europa_del_sur.csv,69,Florencia,Mercado Central (San Lorenzo),San Lorenzo,Sitio,43.820765,11.127133,43.774985,11.254031,11386,300,-1,1,1,1,2,Campi Bisenzio,"Confraternita di Misericordia, 3d, Via Aurelio Saffi, San Lorenzo, San Piero a Ponti, Camp",photon/fuentes discrepan 7.7 km,revisar
europa_central.csv,175,Lucerna,Monte Pilatus,Mount Pilatus,Excursión,46.979000,8.253000,46.970683,8.398696,11093,3000,-1,-1,-1,1,-2,Hergiswil (NW),"Chriesiloch, Hergiswil (NW), Nidwalden, 6052, Schweiz/Suisse/Svizzera/Svizra",photon/bajo_umbral,revisar
europa_occidental.csv,313,Estrasburgo,Fort Poligone,Fort Poligone,Fuerte,48.555000,7.720000,48.638917,7.796406,10892,250,-1,0,-1,1,-1,Ostwald,"17, Rue des Faisans, Ostwald, Strasbourg, Bas-Rhin, Collectivité européenne d'Alsace, Gran",photon/bajo_umbral,revisar
europa_central.csv,203,Budapest,Ruinas del Anfiteatro Romano (Aquincum),Aquincum,Puente,47.566500,19.049500,47.492461,19.051690,8234,150,-1,1,1,1,2,Budapest,"Pók utca, Gázgyári lakótelep, Aquincum, III. kerület, Budapest, Közép-Magyarország, 1031, ",photon/fuentes discrepan 8.0 km,revisar
europa_central.csv,135,Cracovia,Arka Pana (Iglesia del Arca),Arka Pana,Iglesia,50.017500,20.015500,50.084044,20.029934,7471,150,-1,0,1,1,1,Kraków,"23, Telimeny, Osiedle Nowy Bieżanów-Północ, Bieżanów, Bieżanów-Prokocim, Kraków, województ",photon/bajo_umbral,revisar
europa_central.csv,220,Lagos Alpinos,Slap Savica (cascada Savica),Savica,Lago,46.283727,13.842399,46.274295,13.923868,6348,3000,0,-1,1,1,1,Ribčev Laz,"904, Ribčev Laz, Bohinj, 4265, Slovenija",nominatim/nominatim_bounded,revisar
europa_central.csv,75,Viena,Schönbrunn — jardines y Gloriette,Gloriette,Parque,48.177000,16.307500,48.207670,16.378284,6258,600,-1,1,-1,1,0,Wien,"Gloriettestraße, Katastralgemeinde Schönbrunn, Hietzing, Wien, 1130, Österreich",nominatim/nominatim_bounded,revisar
europa_del_sur.csv,34,Lisboa,Sintra,Sintra,Day trip,38.835545,-9.352237,38.790110,-9.313009,6089,3000,0,1,1,-1,1,Terrugem,"Fervença, Terrugem, Sintra, Lisboa, 2705-311, Portugal",photon/bajo_umbral,revisar
europa_central.csv,25,Grindelwald,First (Cliff Walk),Grindelwald First,Teleférico,46.660800,8.053600,46.635832,7.988879,5667,300,-1,0,1,1,1,Grindelwald,"53, Grindelwald, Verwaltungskreis Interlaken-Oberhasli, Verwaltungsregion Oberland, Bern/B",nominatim/fuentes discrepan 6.0 km,revisar
europa_central.csv,138,Cracovia,Kościół Mariacki (Basílica de Santa María),Kościół Mariacki,Iglesia,50.061600,19.939300,50.087159,19.875010,5397,150,-1,0,1,1,1,Kraków,"5, Plac Mariacki, Stare Miasto, Kraków, województwo małopolskie, 31-042, Polska",photon/bajo_umbral,revisar
europa_occidental.csv,208,Colmar,Barrio des Juifs,Rue des Juifs,Casco histórico,48.077200,7.356500,48.098897,7.304646,4545,1500,-1,0,1,1,1,Colmar,"Weinhof, Colmar, Colmar-Ribeauvillé, Haut-Rhin, Collectivité européenne d'Alsace, Grand Es",photon/bajo_umbral,revisar
europa_central.csv,157,Budapest,Óbuda,Óbuda,Puente,47.538518,19.039734,47.569119,19.032713,3443,150,-1,1,1,1,2,Budapest,"Szőlő köz, Lajos utcai lakótelep, Óbuda, III. kerület, Budapest, Közép-Magyarország, 1032,",nominatim/fuentes discrepan 3.4 km,revisar
europa_central.csv,255,Costa Eslovena,Punta de Piran + faro,Punta,Sitio,45.530217,13.563208,45.536939,13.603434,3221,300,-1,1,1,1,2,Piran / Pirano,"Punta, Raštel, Piran / Pirano (naselje), Piran / Pirano, Upravna enota Piran / Unità ammin",nominatim/nominatim_bounded,revisar
europa_central.csv,141,Budapest,Parlamento (Országház),Hungarian Parliament Building,Sitio histórico,47.507100,19.045700,47.480964,19.034252,3031,200,-1,0,1,1,1,Budapest,"I. Rákóczi György, 1-3, Kossuth Lajos tér, Lipótváros, V. kerület, Budapest, Közép-Magyaro",photon/bajo_umbral,revisar
europa_central.csv,132,Cracovia,Fábrica de Schindler,Fábrica de Schindler,Sitio,50.047400,19.961700,50.064835,19.938484,2551,300,-1,0,1,1,1,Kraków,"Fabryka Emalia Oskara Schindlera, 4, Lipowa, Zabłocie, Podgórze, Kraków, województwo małop",photon/bajo_umbral,revisar
europa_occidental.csv,250,París,Fondation Louis Vuitton,Fondation Louis Vuitton,Museo,48.874029,2.297028,48.876650,2.263338,2481,150,-1,0,1,1,1,Paris,"Quartier du Faubourg-du-Roule, Paris 8e Arrondissement, Paris, Île-de-France, France métro",photon/photon,revisar
europa_central.csv,183,Viena,Prater verde (Hauptallee),Hauptallee,Parque,48.210000,16.400000,48.198148,16.428339,2479,600,-1,0,-1,1,-1,Wien,"Rustenschacherallee, Pratercottage, Leopoldstadt, Katastralgemeinde Leopoldstadt, Leopolds",nominatim/bajo_umbral,revisar
europa_central.csv,235,Karst y Cuevas,Vilenica,Povir,Cueva,45.680775,13.921425,45.700001,13.932564,2306,300,-1,1,1,1,2,Lokev,"Povir / Vilenica, Via Alpina, Lokev, Sežana, Upravna enota Sežana, 6219, Slovenija",nominatim/bajo_umbral,revisar
europa_central.csv,121,Praga,Prague Beer Museum,Prague Beer Museum,Museo,50.074486,14.436395,50.085050,14.414037,1981,150,-1,1,1,1,2,Praha,"Prague Beer Museum, 43, Americká, Vyšehrad, obvod Praha 2, Praha, 120 00, Česko",nominatim/nominatim_free,revisar
europa_central.csv,104,Viena,Augarten (2º),Augarten,Puente,48.207750,16.370522,48.224447,16.377711,1932,150,-1,1,1,1,2,Wien,"Augarten, 3, Spiegelgasse, Kärntner Viertel, Katastralgemeinde Innere Stadt, Innere Stadt,",nominatim/nominatim_bounded,revisar
europa_occidental.csv,191,Ámsterdam,Gollem,Gollem,Bar,52.370253,4.888719,52.368084,4.916397,1895,120,-1,1,1,1,2,Amsterdam,"Cafe Gollem, 4, Raamsteeg, Burgwallen-Nieuwe Zijde, Centrum, Amsterdam, Noord-Holland, Ned",nominatim/fuentes discrepan 3.0 km,revisar
europa_occidental.csv,192,Ámsterdam,A'DAM Lookout,A'DAM Lookout,Mirador,52.399700,4.895000,52.383856,4.902103,1827,150,-1,0,-1,1,-1,Amsterdam,"76H, NDSM-plein, Cornelis Douwesterrein, Noord, Amsterdam, Noord-Holland, Nederland, 1033 ",nominatim/nominatim_free,revisar
europa_occidental.csv,307,Ámsterdam,Barney's,Barney's Coffeeshop,Coffee shop,52.364500,4.893500,52.380690,4.890880,1809,120,-1,0,1,1,1,Amsterdam,"609, Keizersgracht, Grachtengordel, Centrum, Amsterdam, Noord-Holland, Nederland, 1017 DS,",nominatim/nominatim_bounded,revisar
europa_central.csv,154,Budapest,Gólya (Corvin köz),Gólya,Ruin bar,47.486500,19.072000,47.487824,19.092779,1568,120,-1,0,-1,1,-1,Budapest,"30, Kisfaludy utca, Corvinnegyed, VIII. kerület, Budapest, Közép-Magyarország, 1082, Magya",nominatim/nominatim_bounded,revisar
europa_del_sur.csv,386,Roma,Catacumbas de la Vía Appia,Via Appia Nuova,Sitio,41.818506,12.568677,41.828979,12.557304,1498,300,-1,1,1,1,2,Roma,"Via Appia Nuova, Capannelle, Municipio Roma VII, Osteria del Curato, Roma, Roma Capitale, ",nominatim/fuentes discrepan 1.2 km,revisar
europa_occidental.csv,183,Ámsterdam,Dampkring,Dampkring,Coffee shop,52.367732,4.890481,52.380066,4.892923,1381,120,-1,1,1,1,2,Amsterdam,"Dampkring, 29, Handboogstraat, Centrum, Amsterdam, Noord-Holland, Nederland, 1012 XM, Nede",nominatim/fuentes discrepan 1.4 km,revisar
europa_central.csv,120,Praga,Lokál,Lokál,Sitio,50.090500,14.425000,50.087682,14.407501,1287,300,-1,0,-1,1,-1,Praha,"734/27, Dlouhá, Josefov, obvod Praha 1, Praha, 110 00, Česko",nominatim/fuentes discrepan 2.9 km,revisar
europa_katia.csv,137,Ámsterdam,Nieuwe Kerk,Nieuwe Kerk,Iglesia,52.373923,4.891692,52.363293,4.893764,1190,150,-1,1,1,1,2,Amsterdam,"Nieuwe Kerk, 12, Dam, Centrum, Amsterdam, Noord-Holland, Nederland, 1012 NP, Nederland",photon/fuentes discrepan 1.2 km,revisar
europa_del_sur.csv,73,Florencia,Palazzo Vecchio (Museo Cívico),Palazzo Vecchio,Museo,43.769143,11.256140,43.777842,11.249823,1092,150,-1,0,1,1,1,Firenze,"Cortile di Michelozzo, Piazza della Signoria, Oltrarno, Quartiere 1, Firenze, Toscana, 501",photon/fuentes discrepan 1.1 km,revisar
europa_central.csv,128,Cracovia,Mina de Sal de Wieliczka,Mina de Sal de Wieliczka,Sitio histórico,49.983300,20.060600,49.989105,20.049334,1032,200,-1,-1,1,1,0,Wieliczka,"8, Generała Władysława Sikorskiego, Osiedle Boża Wola, Osiedle Śródmieście, Wieliczka, gmi",photon/bajo_umbral,revisar
europa_central.csv,171,Lauterbrunnen,Birg (Thrill Walk),Birg,Mirador,46.560000,7.870000,46.561978,7.857393,989,150,-1,0,-1,1,-1,Gimmelwald,"927k, Widderfeld, Gimmela, Mirrenberg, Gimmelwald, Lauterbrunnen, Verwaltungskreis Interla",nominatim/nominatim_free,revisar
europa_del_sur.csv,322,Barcelona,Montjuïc completo (día entero),Montjuïc,Sitio,41.363151,2.165615,41.364762,2.154233,967,300,-1,1,1,1,2,Barcelona,"Castell de Montjuïc, Pati d'Armes, Montjuïc, el Poble-sec, Sants-Montjuïc, Barcelona, Barc",nominatim/nominatim_bounded,revisar
europa_central.csv,130,Cracovia,Fábrica de Schindler (Muzeum Krakowa),Muzeum Krakowa,Sitio histórico,50.047400,19.961700,50.044719,19.949380,929,200,-1,0,1,1,1,Kraków,"Fabryka Emalia Oskara Schindlera, 4, Lipowa, Zabłocie, Podgórze, Kraków, województwo małop",photon/fuentes discrepan 2.1 km,revisar
europa_del_sur.csv,104,Roma,Via Appia Antica,Via Appia Antica,Sitio,41.869763,12.502111,41.862995,12.508380,914,300,-1,1,1,1,2,Roma,"17, Via Appia Antica, Municipio Roma VII, Roma, Roma Capitale, Lazio, 00179, Italia",nominatim/nominatim_bounded,revisar
europa_katia.csv,136,Ámsterdam,Oude Kerk,Oude Kerk,Iglesia,52.374362,4.898073,52.368348,4.889191,900,150,-1,0,1,1,1,Amsterdam,"23, Oudekerksplein, Burgwallen-Oude Zijde, Centrum, Amsterdam, Noord-Holland, Nederland, 1",photon/fuentes discrepan 15.3 km,revisar
europa_central.csv,166,Friburgo,Campus Universidad,Universität Freiburg,Sitio,47.994500,7.846000,48.002296,7.849140,898,300,0,0,-1,1,0,Freiburg im Breisgau,"Kollegiengebäude II, 1, Platz der Alten Synagoge, Altstadt-Mitte, Altstadt, Freiburg im Br",nominatim/nominatim_free,revisar
europa_central.csv,71,Innsbruck,Swarovski Kristallwelten (Wattens),Swarovski Kristallwelten,Museo,47.293000,11.590000,47.293714,11.601775,892,150,-1,0,-1,1,-1,Wattens,"19, Bahnhofstraße, Kreuzbichl, Wattens, Bezirk Innsbruck-Land, Tirol, 6112, Österreich",nominatim/nominatim_bounded,revisar
europa_central.csv,31,Grindelwald,Männlichen,Männlichen,Mirador,46.611125,7.943606,46.618140,7.938040,888,150,-1,0,1,1,1,Grindelwald,"Grindelwald, Verwaltungskreis Interlaken-Oberhasli, Verwaltungsregion Oberland, Bern/Berne",nominatim/nominatim_free,revisar
europa_central.csv,66,Innsbruck,Patscherkofel + Zirbenweg,Patscherkofel Zirbenweg,Sitio,47.209000,11.460000,47.207503,11.449894,781,300,0,0,-1,1,0,Patsch,"Austro Control Wetterradar, 2, Patscherkofel, Patsch, Bezirk Innsbruck-Land, Tirol, 6082, ",photon/bajo_umbral,revisar
europa_central.csv,109,Praga,Castillo de Praga (Hradčany),Hradčany,Monumento,50.091100,14.401600,50.088794,14.391601,758,200,-1,0,1,1,1,Praha,"35/3, náměstí U Svatého Jiří, Malá Strana, obvod Praha 1, Praha, 119 00, Česko",nominatim/nominatim_bounded,revisar
europa_central.csv,123,Praga,Zly Casy,Zly Casy,Sitio,50.070500,14.440000,50.064301,14.442042,705,300,0,0,-1,1,0,Praha,"2280/10, Na Kleovce, Vyšehrad, obvod Praha 2, Praha, 120 00, Česko",nominatim/nominatim_bounded,revisar
europa_occidental.csv,281,Highlands,Glencoe Valley (Three Sisters),Three Sisters,Paisaje,56.662000,-4.987000,56.661214,-4.995859,548,2500,1,-1,-1,1,0,Highland,"A82, Highland, Alba / Scotland, United Kingdom",photon/bajo_umbral,revisar
europa_central.csv,192,Cracovia,Avenida Solidarności,Avenida Solidarności,Sitio,50.070000,20.040000,50.073821,20.043178,482,300,0,0,-1,1,0,Kraków,"8, Osiedle Centrum E, Nowa Huta, Kraków, województwo małopolskie, 31-934, Polska",photon/bajo_umbral,revisar
europa_occidental.csv,257,París,Île aux Cygnes,Île aux Cygnes,Parque,48.850000,2.280000,48.853118,2.284080,458,600,1,0,-1,1,1,Paris,"Pont de Grenelle - Cadets de Saumur, Port de Grenelle, Quartier de Grenelle, Paris 15e Arr",nominatim/nominatim_bounded,revisar
europa_central.csv,155,Budapest,Auróra,Auróra,Ruin bar,47.492500,19.070500,47.494090,19.075936,445,120,-1,0,1,1,1,Budapest,"3, Békési utca, Palotanegyed, VIII. kerület, Budapest, Közép-Magyarország, 1088, Magyarors",nominatim/nominatim_bounded,revisar
europa_occidental.csv,320,París,Le Marais (3ème/4ème),Le Marais,Barrio,48.857000,2.358000,48.860382,2.360742,426,1500,1,0,-1,1,1,Paris,"5, Rue du Trésor, Quartier Saint-Gervais, Paris 4e Arrondissement, Paris, Île-de-France, F",nominatim/nominatim_free,revisar
europa_central.csv,165,Budapest,Király,Király Baths,Termas,47.507000,19.038500,47.510678,19.037865,412,150,0,0,-1,1,0,Budapest,"Gondviselés Háza Hajléktalanok Otthona, 41, Fő utca, Buda, Víziváros, I. kerület, Budapest",photon/bajo_umbral,revisar
europa_central.csv,22,Friburgo,Staufen im Breisgau,Staufen im Breisgau,Pueblo,47.883211,7.732926,47.886466,7.731693,373,6000,1,1,1,-1,2,Staufen (Kernstadt),"6, Auf dem Rempart, Staufen (Kernstadt), Staufen im Breisgau, GVV Staufen-Münstertal, Land",photon/bajo_umbral,revisar
europa_central.csv,81,Viena,Naschmarkt,Naschmarkt,Mercado,48.198500,16.363000,48.196868,16.359009,347,300,0,1,-1,1,1,Wien,"C10, Naschmarkt, Laimgrube, Mariahilf, Katastralgemeinde Mariahilf, Mariahilf, Wien, 1060,",nominatim/nominatim_free,revisar
europa_occidental.csv,314,Estrasburgo,Neustadt,Place de la République,Barrio,48.589000,7.754000,48.586241,7.754499,309,1500,1,0,-1,1,1,Strasbourg,"Rue Louis Apffel, Centre, Strasbourg, Bas-Rhin, Collectivité européenne d'Alsace, Grand Es",nominatim/nominatim_bounded,revisar
europa_occidental.csv,273,York,City Walls,York City Walls,Sitio histórico,53.961500,-1.080000,53.964067,-1.080999,293,200,0,0,-1,1,0,York,"Mediterranean Barber Shop, Goodramgate, Bootham, Bishophill, York, York and North Yorkshir",photon/bajo_umbral,revisar
europa_central.csv,179,Innsbruck,Mariahilfstrasse,Mariahilfstrasse,Sitio,47.270500,11.388000,47.268037,11.388870,282,300,1,0,-1,1,1,Innsbruck,"18, Höttinger Gasse, Hötting, Innsbruck, Tirol, 6020, Österreich",nominatim/nominatim_bounded,revisar
europa_central.csv,177,Innsbruck,Arco del Triunfo (Triumphpforte),Triumphpforte,Sitio histórico,47.262500,11.398000,47.262604,11.394803,242,200,0,0,-1,1,0,Innsbruck,"16, Adamgasse, Wilten, Innsbruck, Tirol, 6020, Österreich",nominatim/nominatim_bounded,revisar
europa_central.csv,113,Praga,Colina Petřín,Colina Petřín,Sitio histórico,50.083600,14.395000,50.081658,14.394929,216,200,0,0,-1,1,0,Praha,"Petřínská kavárna, Petřínské sady, Smíchov, Praha 5, obvod Praha 5, Praha, 118 00, Česko",photon/bajo_umbral,revisar
europa_occidental.csv,266,París,Marchés aux Puces de Saint-Ouen,Marchés aux Puces de Saint-Ouen,Sitio,48.904500,2.340000,48.902952,2.338858,191,300,1,-1,-1,1,0,Saint-Ouen-sur-Seine,"Rue Pierre Curie, Rosiers - Les Puces, Saint-Ouen-sur-Seine, Saint-Denis, Seine-Saint-Deni",photon/bajo_umbral,revisar
europa_occidental.csv,310,Colmar,Fontaine Roesselmann,Place de l'Ancienne Douane,Casco histórico,48.077000,7.357800,48.075884,7.359391,171,1500,1,0,-1,1,1,Colmar,"Choco Story, 12, Place de la Cathédrale, Colmar, Colmar-Ribeauvillé, Haut-Rhin, Collectivi",nominatim/nominatim_bounded,revisar
europa_central.csv,152,Budapest,Ellátó Kert,Ellátó Kert,Ruin bar,47.498800,19.062000,47.499254,19.060415,129,120,0,0,-1,1,0,Budapest,"Fekete Kutya, 31, Dob utca, Erzsébetváros, VII. kerület, Budapest, Közép-Magyarország, 107",photon/bajo_umbral,revisar
europa_central.csv,125,Praga,Riegrovy Sady beer garden (Vinohrady),Riegrovy Sady beer garden,Sitio,50.080500,14.441000,50.080179,14.439286,127,300,1,0,-1,1,1,Praha,"promenáda Pawla Adamowicze, Vyšehrad, obvod Praha 2, Praha, 120 09, Česko",photon/bajo_umbral,revisar
europa_occidental.csv,318,París,Petit Palais,Petit Palais,Museo,48.866000,2.314500,48.866768,2.315765,126,150,1,0,-1,1,1,Paris,"Avenue Charles Girault, Quartier des Champs-Élysées, Paris 8e Arrondissement, Paris, Île-d",photon/bajo_umbral,revisar
europa_central.csv,96,Viena,MQ Libelle (MuseumsQuartier),MQ Libelle,Museo,48.203500,16.359000,48.202616,16.359204,99,150,1,0,-1,1,1,Wien,"Museumsplatz, Sankt Ulrich, Spittelberg, Katastralgemeinde Neubau, Neubau, Wien, 1070, Öst",nominatim/nominatim_free,revisar
europa_central.csv,127,Cracovia,Castillo Wawel,Castillo Wawel,Monumento,50.054000,19.935500,50.054747,19.936107,94,200,1,0,-1,1,1,Kraków,"Zamek Wawel, Stare Miasto, Kraków, województwo małopolskie, 31-003, Polska",photon/bajo_umbral,revisar
europa_central.csv,122,Praga,U Fleků,U Fleků,Sitio,50.078500,14.418000,50.078744,14.417018,75,300,1,0,-1,1,1,Praha,"1549/7, Černá, Nové Město, obvod Praha 1, Praha, 110 00, Česko",nominatim/nominatim_bounded,revisar
europa_occidental.csv,315,Estrasburgo,Barrio Europeo,Parlement Européen,Barrio,48.597500,7.769000,48.597022,7.769285,57,1500,1,0,-1,1,1,Strasbourg,"1, Allée du Printemps, Wacken, Robertsau, Strasbourg, Bas-Rhin, Collectivité européenne d'",nominatim/nominatim_bounded,revisar
europa_occidental.csv,316,Estrasburgo,Parlamento Europeo,Parlement Européen,Institución,48.597500,7.769000,48.597022,7.769285,57,200,1,0,-1,1,1,Strasbourg,"1, Allée du Printemps, Wacken, Robertsau, Strasbourg, Bas-Rhin, Collectivité européenne d'",nominatim/nominatim_bounded,revisar
europa_central.csv,195,Cracovia,MOCAK,MOCAK,Sitio histórico,50.047000,19.961000,50.047403,19.960957,45,200,1,0,-1,1,1,Kraków,"Film Cafe, 4, Lipowa, Zabłocie, Podgórze, Kraków, województwo małopolskie, 30-702, Polska",photon/bajo_umbral,revisar
europa_occidental.csv,138,Highlands,Old Man of Storr,Old Man of Storr,Trekking,57.507200,-6.174200,57.506962,-6.174639,37,3000,1,-1,1,1,2,Highland,"A855, Highland, Alba / Scotland, United Kingdom",nominatim/nominatim_bounded,revisar
europa_del_sur.csv,65,Lisboa,Miradouro da Senhora do Monte,Miradouro da Senhora do Monte,Mirador,38.719000,-9.132500,38.719159,-9.132810,32,150,1,0,-1,1,1,Lisboa,"45,47,49,51, Rua da Senhora do Monte, São Vicente de Fora, Graça, São Vicente, Lisboa, 117",photon/fuentes discrepan 9.8 km,revisar
europa_central.csv,196,Budapest,Basílica de San Esteban (Szent István-bazilika),St. Stephen's Basilica,Iglesia,47.500900,19.054000,47.500777,19.053965,14,150,1,0,-1,1,1,Budapest,"Szent István-bazilika Panoráma kilátó, 1, Szent István tér, Lipótváros, V. kerület, Budape",nominatim/nominatim_bounded,revisar
europa_occidental.csv,249,París,Musée d'Orsay,Musée d'Orsay,Museo,48.860000,2.326600,48.859918,2.326585,9,150,1,0,-1,1,1,Paris,"Café Campana, 1, Rue de la Légion d'Honneur, Quartier Saint-Thomas-d'Aquin, Paris 7e Arron",nominatim/nominatim_free,revisar
europa_occidental.csv,269,Londres,Monument to the Great Fire,Monument to the Great Fire of London,Sitio histórico,51.510200,-0.086000,51.510142,-0.085949,7,200,1,0,-1,1,1,City of London,"Leadenhall Market, Monument, City of London, Greater London, England, EC3R 8AF, United Kin",photon/bajo_umbral,revisar
europa_central.csv,110,Praga,Reloj Astronómico (Orloj),Orloj,Sitio histórico,50.087000,14.420800,50.086980,14.420714,7,200,1,0,-1,1,1,Praha,"Radniční věž, Staroměstské náměstí, Staré Město, obvod Praha 1, Praha, 110 00, Česko",nominatim/nominatim_bounded,revisar
europa_central.csv,163,Budapest,Lukács,Lukács Baths,Termas,47.518000,19.037000,47.518013,19.037057,5,150,1,0,-1,1,1,Budapest,"25-29, Frankel Leó út, Felhévíz, II. kerület, Budapest, Közép-Magyarország, 1023, Magyaror",photon/bajo_umbral,revisar
europa_occidental.csv,311,Estrasburgo,Reloj Astronómico,Cathédrale Notre-Dame de Strasbourg,Catedral,48.581900,7.751000,48.581888,7.751052,4,150,1,0,-1,1,1,Strasbourg,"Galerie extérieure, Centre, Strasbourg, Bas-Rhin, Collectivité européenne d'Alsace, Grand ",nominatim/nominatim_free,revisar
europa_occidental.csv,53,Londres,Harry Potter Studio Tour,Warner Bros Studio Tour London,Experiencia,51.690984,-0.418291,,,,300,,-1,1,-1,-1,Watford,"Studio Shop, Studio Tour Drive, Warner Bros. Studios Leavesden, Abbots Langley, Leavesden,",sin resolver: sin_candidatos,revisar
europa_occidental.csv,119,Highlands,Nevis Range Gondola,Nevis Range,Teleférico,56.844383,-4.985630,56.844383,-4.985630,0,300,1,-1,1,1,2,Highland,"Nevis Red Route, Highland, Alba / Scotland, United Kingdom",nominatim/nominatim_free,revisar
europa_occidental.csv,123,Highlands,Buachaille Etive Mòr,Buachaille Etive Mor,Paisaje,56.633967,-4.936779,56.633967,-4.936779,0,2500,1,-1,1,1,2,Highland,"Lairig Gartain, Highland, Alba / Scotland, United Kingdom",nominatim/nominatim_bounded,revisar
europa_occidental.csv,134,Highlands,Loch Lomond,Loch Lomond,Paisaje,56.156196,-4.656376,56.156196,-4.656376,0,2500,1,-1,1,1,2,Stirling,"Port na Craoibhe, Rowardennan, Stirling, Alba / Scotland, United Kingdom",nominatim/nominatim_bounded,revisar
europa_occidental.csv,140,Highlands,Fairy Glen,Fairy Glen,Paisaje,57.583350,-6.327396,57.583350,-6.327396,0,2500,1,-1,1,1,2,Ùige,"Sheader Road, Sheader, Ùige, Highland, Alba / Scotland, IV51 9YF, United Kingdom",nominatim/nominatim_bounded,revisar
europa_occidental.csv,152,Highlands,Culloden Battlefield,Culloden Battlefield,Sitio histórico,57.476543,-4.100123,57.476543,-4.100123,0,200,1,-1,1,1,2,Newlands of Culloden,"Campbell, Hanovarians Line, Leanach, Newlands of Culloden, Highland, Alba / Scotland, IV2 ",nominatim/nominatim_bounded,revisar
europa_occidental.csv,153,Highlands,Fort George,Fort George,Sitio histórico,57.583811,-4.070286,57.583811,-4.070286,0,200,1,-1,1,1,2,Ardersier,"Skinner Road, Ardersier, Highland, Alba / Scotland, IV2 7TD, United Kingdom",nominatim/nominatim_bounded,revisar
europa_occidental.csv,154,Highlands,Cawdor Castle,Cawdor Castle,Castillo,57.524183,-3.926553,57.524183,-3.926553,0,250,1,-1,1,1,2,Cawdor,"Smiddy Brae, Cawdor, Highland, Alba / Scotland, IV12 5XP, United Kingdom",nominatim/nominatim_free,revisar
europa_occidental.csv,156,Highlands,Glen Affric,Glen Affric,Paisaje,57.263658,-4.999046,57.263658,-4.999046,0,2500,1,-1,1,1,2,Highland,"Highland, Alba / Scotland, United Kingdom",nominatim/nominatim_bounded,revisar
europa_occidental.csv,160,Highlands,Blair Castle,Blair Castle,Castillo,56.773376,-3.856823,56.773376,-3.856823,0,250,1,-1,1,1,2,Blair Atholl,"Old Blair, Blair Atholl, Perth and Kinross, Alba / Scotland, PH18 5TX, United Kingdom",nominatim/nominatim_free,revisar
europa_occidental.csv,163,Highlands,The Kelpies,The Kelpies,Escultura,56.019136,-3.755499,56.019136,-3.755499,0,150,1,-1,1,1,2,Falkirk,"Grease Monkey Infrastructure, Forth and Clyde Canal Towpath, Middlefield, Falkirk, Alba / ",nominatim/nominatim_bounded,revisar
europa_occidental.csv,220,Colmar,Château du Haut-Koenigsbourg,Château du Haut-Koenigsbourg,Castillo,48.249382,7.343941,,,,250,,-1,1,-1,-1,Orschwiller,"D 159, Schaflager, Orschwiller, Sélestat-Erstein, Bas-Rhin, Collectivité européenne d'Alsa",sin resolver: sin_candidatos,revisar
europa_occidental.csv,224,Estrasburgo,Barrage Vauban + Ponts Couverts,Barrage Vauban,Casco histórico,48.579602,7.738000,48.579602,7.738000,0,1500,1,0,-1,1,1,Strasbourg,"Passage Georges Frankhauser, La Petite France, Centre, Strasbourg, Bas-Rhin, Collectivité ",nominatim/nominatim_bounded,revisar
europa_occidental.csv,279,Highlands,Glen Nevis & Steall Falls,Steall Falls,Trekking,56.770242,-4.979830,56.770242,-4.979830,0,3000,1,-1,1,1,2,Highland,"Wire Bridge, Tigh an Steill, Highland, Alba / Scotland, United Kingdom",nominatim/nominatim_bounded,revisar
europa_occidental.csv,282,Highlands,Mallaig + Silver Sands of Morar,Silver Sands of Morar,Playa,56.970000,-5.828000,,,,500,,-1,-1,1,-1,Mòrar,"Road to the Isles, Toigal, Mòrar, Highland, Alba / Scotland, PH40 4PA, United Kingdom",sin resolver: sin_candidatos,revisar
europa_occidental.csv,285,Highlands,Lealt Falls,Lealt Falls,Naturaleza,57.565394,-6.152730,57.565394,-6.152730,0,2000,1,-1,1,1,2,Highland,"A855, Tobhta Iochdarach, Stafainn, Highland, Alba / Scotland, IV51 9JW, United Kingdom",nominatim/bajo_umbral,revisar
europa_occidental.csv,289,Highlands,Coral Beach,Coral Beach,Playa,57.500843,-6.637024,57.500843,-6.637024,0,500,1,-1,1,1,2,Highland,"Claigan, Highland, Alba / Scotland, United Kingdom",nominatim/nominatim_free,revisar
europa_occidental.csv,293,Highlands,Talisker Bay,Talisker Bay,Playa,57.284419,-6.465801,57.284419,-6.465801,0,500,1,-1,1,1,2,Highland,"Rubha Cruinn, Highland, Alba / Scotland, United Kingdom",nominatim/nominatim_bounded,revisar
europa_occidental.csv,298,Highlands,Dores Beach,Dores Beach,Playa,57.383929,-4.336345,57.383929,-4.336345,0,500,1,-1,1,1,2,Dores,"Dores, B852, Dores, Highland, Alba / Scotland, IV2 6TT, United Kingdom",nominatim/nominatim_free,revisar
europa_occidental.csv,299,Highlands,Falls of Foyers,Falls of Foyers,Naturaleza,57.248859,-4.491402,57.248859,-4.491402,0,2000,1,-1,1,1,2,Foyers,"Upper Viewpoint, B852, Foyers, Highland, Alba / Scotland, IV2 6XX, United Kingdom",nominatim/nominatim_bounded,revisar
europa_occidental.csv,301,Highlands,Rogie Falls,Rogie Falls,Naturaleza,57.589175,-4.602499,57.589175,-4.602499,0,2000,1,-1,1,1,2,Garve,"A835, Tarvie, Garve, Highland, Alba / Scotland, IV14 9EJ, United Kingdom",nominatim/nominatim_bounded,revisar
europa_central.csv,17,Friburgo,Wutachschlucht,Wutachschlucht,Trekking,47.860882,8.283470,,,,3000,,-1,1,-1,-1,Löffingen,"Rettungssektor D, Göschweiler, Löffingen, VVG der Stadt Löffingen, Landkreis Breisgau-Hoch",sin resolver: sin_candidatos,revisar
europa_central.csv,18,Friburgo,Feldberg + Feldsee,Feldberg,Trekking,47.873991,8.004674,,,,3000,,1,1,-1,1,Feldberg (Ort),"Feldberg, Franz-Klarmeyer-Weg, Feldberg (Ort), Feldberg (Schwarzwald), VVG der Gemeinde Sc",sin resolver: sin_candidatos,revisar
europa_central.csv,19,Friburgo,Triberg,Triberger Wasserfälle,Naturaleza,48.126356,8.227647,,,,2000,,-1,1,-1,-1,Triberg (Kernstadt),"Bergseebrücke, Triberg (Kernstadt), Triberg im Schwarzwald, GVV Raumschaft Triberg, Schwar",sin resolver: sin_candidatos,revisar
europa_central.csv,20,Friburgo,Titisee,Titisee,Lago,47.901149,8.149973,,,,3000,,1,1,-1,1,Titisee,"Strandbadstraße, Titisee, Titisee-Neustadt, VVG der Stadt Titisee-Neustadt, Landkreis Brei",sin resolver: sin_candidatos,revisar
europa_central.csv,21,Friburgo,Schluchsee,Schluchsee,Lago,47.817489,8.151514,,,,3000,,1,1,-1,1,Schluchsee (Ort),"Seeweg, Schluchsee (Ort), Blasiwald, Schluchsee, VVG der Gemeinde Schluchsee, Landkreis Br",sin resolver: sin_candidatos,revisar
europa_central.csv,23,Friburgo,Breisach am Rhein,Breisach am Rhein,Pueblo,48.029142,7.580612,,,,6000,,1,1,-1,1,Breisach am Rhein,"1, Schänzletreppe, Breisach (Kernstadt), Breisach am Rhein, VVG der Stadt Breisach am Rhei",sin resolver: sin_candidatos,revisar
europa_central.csv,47,Interlaken,Oeschinensee,Oeschinensee,Lago,46.498495,7.726843,,,,3000,,-1,1,-1,-1,Kandersteg,"Fründenschnur, Kandersteg, Verwaltungskreis Frutigen-Niedersimmental, Verwaltungsregion Ob",sin resolver: sin_candidatos,revisar
europa_central.csv,129,Cracovia,Auschwitz-Birkenau,Auschwitz-Birkenau,Sitio histórico,50.027600,19.203800,,,,200,,-1,1,-1,-1,Oświęcim,"Brama Obozu ""Arbeit macht frei"", Osiedle Witolda Pileckiego, Stare Stawy, Oświęcim, powiat",sin resolver: sin_candidatos,revisar
europa_central.csv,168,Friburgo,Simonswälder Tal,Simonswald,Trekking,48.100000,8.050000,,,,3000,,1,-1,-1,-1,Simonswald,"Camping Schwarzwaldhorn, Panoramweg, Ettersbach, Untersimonswald, Simonswald, VVG der Stad",sin resolver: sin_candidatos,revisar
europa_central.csv,224,Lagos Alpinos,Vintgar Gorge,Soteska Vintgar,Sitio,46.398617,14.092748,46.398617,14.092748,0,300,1,-1,1,1,2,Blejska Dobrava,"Blejski Vintgar, Blejska Dobrava, Jesenice, 4273, Slovenija",nominatim/nominatim_bounded,revisar
europa_central.csv,254,Costa Eslovena,Parenzana (a pie o bici),Parenzana,Naturaleza,45.502641,13.593563,45.502641,13.593563,0,2000,1,-1,1,1,2,Seča / Sezza,"204, Seča - Sezza, Seča / Sezza (naselje), Seča / Sezza, Piran / Pirano, Upravna enota Pir",nominatim/fuentes discrepan 2.7 km,revisar
europa_central.csv,258,Karst y Cuevas,Štanjel,Štanjel,Cueva,45.817873,13.848247,,,,300,,1,1,-1,1,Kobdilj,"Štanjel, Kobdilj, Dolnji Kobdilj, Kobdilj, Komen, Upravna enota Sežana, 6222, Slovenija",sin resolver: sin_candidatos,revisar
europa_central.csv,259,Karst y Cuevas,Lipica + Škocjan combinados,Lipica,Cueva,45.500659,14.042983,,,,300,,-1,1,-1,-1,Vodice,"Razgled, Golac-Vodice, Vodice, Općina Lanišće, Istarska županija, Hrvatska",sin resolver: sin_candidatos,revisar
europa_central.csv,263,Costa Eslovena,Miramare Castle,Castello di Miramare,Sitio,45.702532,13.712456,,,,300,,1,1,-1,1,Trieste,"Biblioteca del Museo storico del castello di Miramare, Viale Miramare, Roiano-Gretta-Barco",sin resolver: sin_candidatos,revisar
europa_del_sur.csv,40,Porto,Palácio da Bolsa,Palácio da Bolsa,Monumento,41.141312,-8.616000,41.141312,-8.616000,0,200,1,0,-1,1,1,Porto,"Rua da Bolsa, Infante, Conjunto Urbano da Ribeira, Zona Histórica do Porto, Cedofeita, San",nominatim/nominatim_bounded,revisar
europa_del_sur.csv,391,Ostuni,Alberobello,Alberobello,Pueblo,40.784124,17.237703,,,,6000,,1,1,-1,1,Alberobello,"Farmacia Indiveri, 7, Piazza del Popolo, Alberobello, Bari, Puglia, 70011, Italia",sin resolver: sin_candidatos,revisar
europa_del_sur.csv,394,Palermo,Bagni arabi di Cefalà Diana,Bagni di Cefalà Diana,Sitio,37.930394,13.472455,,,,300,,1,1,-1,1,Cefalà Diana,"Bagni di Cefalà Diana, SP77, Cefalà Diana, Palermo, Sicilia, 90030, Italia",sin resolver: sin_candidatos,revisar
europa_occidental.csv,114,Edimburgo,Old Town,Royal Mile,Barrio,55.949940,-3.189257,,,,1500,,0,1,1,2,City of Edinburgh,"235, High Street, Abbeyhill, Old Town, City of Edinburgh, Alba / Scotland, EH1 1QX, United",sin resolver: sin_candidatos,no_verificable
europa_occidental.csv,255,París,Promenade Plantée,Promenade Plantée,Parque,48.846500,2.375000,,,,600,,0,-1,1,0,Paris,"Espace Aubade, Rue Abel, Quartier des Quinze-Vingts, Paris 12e Arrondissement, Paris, Île-",sin resolver: sin_candidatos,no_verificable
europa_occidental.csv,268,Londres,St Bride's Church,St Bride's Church,Iglesia,51.513700,-0.105700,,,,150,,0,1,1,2,City of London,"St Brides, St. Bride's Avenue, West Smithfield, Blackfriars, City of London, Greater Londo",sin resolver: sin_candidatos,no_verificable
europa_occidental.csv,271,Londres,Book Market South Bank,Southbank Centre Book Market,Mercado,51.507000,-0.115000,,,,300,,0,-1,1,0,Greater London,"National Theatre, Waterloo Bridge, South Bank, Waterloo, London Borough of Lambeth, Greate",sin resolver: sin_candidatos,no_verificable
europa_occidental.csv,276,York,Betty's Tea Room,Bettys,Café,53.960500,-1.083500,,,,120,,0,1,1,2,York,"Kennedy's, 1, Little Stonegate, Bootham, Bishophill, York, York and North Yorkshire, Engla",sin resolver: sin_candidatos,no_verificable
europa_occidental.csv,295,Highlands,Glen Shiel & Five Sisters,Five Sisters of Kintail,Paisaje,57.190000,-5.320000,,,,2500,,0,-1,1,0,Highland,"Highland, Alba / Scotland, United Kingdom",sin resolver: sin_candidatos,no_verificable
europa_occidental.csv,296,Highlands,Leakey's Bookshop,Leakey's Bookshop,Tienda,57.478000,-4.227500,,,,120,,0,-1,1,0,Inverness,"Bank Street, Haugh, Crown and City Centre, Inverness, Highland, Alba / Scotland, IV1 1QU, ",sin resolver: sin_candidatos,no_verificable
europa_occidental.csv,309,Colmar,Quartier des Tanneurs,Quartier des Tanneurs,Casco histórico,48.077500,7.357500,,,,1500,,0,1,1,2,Colmar,"Place de la Cathédrale, Colmar, Colmar-Ribeauvillé, Haut-Rhin, Collectivité européenne d'A",sin resolver: sin_candidatos,no_verificable
europa_central.csv,63,Innsbruck,Río Inn + Paseo Innkai,Río Inn Paseo Innkai,Sitio histórico,47.268500,11.390000,,,,200,,0,-1,1,0,Innsbruck,"Bradoh Enodeh, 10, Mariahilfstraße, Mariahilf, Innsbruck, Tirol, 6020, Österreich",sin resolver: sin_candidatos,no_verificable
europa_central.csv,65,Innsbruck,Nordkette — Top of Innsbruck,Nordkette — Top of Innsbruck,Sitio,47.312000,11.380000,,,,300,,0,-1,1,0,Innsbruck,"Innsbrucker Klettersteig, Geierwally Übungsklettersteig, Mühlau, Innsbruck, Tirol, 6020, Ö",sin resolver: sin_candidatos,no_verificable
europa_central.csv,67,Innsbruck,Bergisel Ski Jump,Bergisel Ski Jump,Museo,47.248900,11.399400,,,,150,,0,1,1,2,Innsbruck,"Bergiseltunnel, Wilten, Innsbruck, Tirol, 6020, Österreich",sin resolver: sin_candidatos,no_verificable
europa_central.csv,76,Viena,Ringstrasse,Ringstrasse,Sitio histórico,48.202600,16.369500,,,,200,,0,1,1,2,Wien,"Vienna Sightseeing, Opernpassage, Kärntner Viertel, Katastralgemeinde Innere Stadt, Innere",sin resolver: sin_candidatos,no_verificable
europa_central.csv,112,Praga,Muro de John Lennon,Muro de John Lennon,Sitio histórico,50.086000,14.404500,,,,200,,0,-1,1,0,Praha,"palác Harbuval-Chamaré, Karmelitská, Malá Strana, obvod Praha 1, Praha, 118 00, Česko",sin resolver: sin_candidatos,no_verificable
europa_central.csv,139,Cracovia,Floriańska Gate y Barbican,Floriańska Gate y Barbican,Sitio histórico,50.065500,19.941500,,,,200,,0,1,1,2,Kraków,"Barbakan, Basztowa, Stare Miasto, Kraków, województwo małopolskie, 31-157, Polska",sin resolver: sin_candidatos,no_verificable
europa_central.csv,143,Budapest,Zapatos en el Danubio (Cipők a Duna-parton),Shoes on the Danube Bank,Sitio histórico,47.503300,19.044800,,,,200,,0,1,1,2,Budapest,"Id. Antall József rakpart, Lipótváros, V. kerület, Budapest, Közép-Magyarország, 1054, Mag",sin resolver: sin_candidatos,no_verificable
europa_central.csv,146,Budapest,Castillo de Buda (Budavári Palota),Buda Castle,Monumento,47.495991,19.039801,,,,200,,0,1,1,2,Budapest,"Budavari palota, 2, Szent György utca, Vár, I. kerület, Budapest, Közép-Magyarország, 1014",sin resolver: sin_candidatos,no_verificable
europa_central.csv,158,Budapest,Kertész utca y Dob utca,Kertész utca y Dob utca,Puente,47.499000,19.063500,,,,150,,0,-1,1,0,Budapest,"4, Klauzál tér, Erzsébetváros, VII. kerület, Budapest, Közép-Magyarország, 1072, Magyarors",sin resolver: sin_candidatos,no_verificable
europa_central.csv,161,Budapest,Széchenyi,Széchenyi Thermal Bath,Termas,47.518100,19.082500,,,,150,,0,1,1,2,Budapest,"Spa entrance premium, 9-11, Állatkerti körút, Városliget, XIV. kerület, Budapest, Közép-Ma",sin resolver: sin_candidatos,no_verificable
europa_central.csv,162,Budapest,Rudas,Rudas Baths,Termas,47.489000,19.047500,,,,150,,0,-1,1,0,Budapest,"Szent Gellért rakpart, Tabán, I. kerület, Budapest, Közép-Magyarország, 1013, Magyarország",sin resolver: sin_candidatos,no_verificable
europa_central.csv,167,Friburgo,Kunsthalle Freiburg,Kunsthalle Freiburg,Museo,47.996500,7.842500,,,,150,,0,1,1,2,Freiburg im Breisgau,"2, Bismarckallee, Altstadt-Ring, Altstadt, Freiburg im Breisgau, Baden-Württemberg, 79098,",sin resolver: sin_candidatos,no_verificable
europa_central.csv,182,Viena,Catedral San Esteban (Stephansdom),St. Stephen's Cathedral,Iglesia,48.208500,16.373000,,,,150,,0,-1,1,0,Wien,"Stephansdom Krypta, 3, Stephansplatz, Stubenviertel, Katastralgemeinde Innere Stadt, Inner",sin resolver: sin_candidatos,no_verificable
europa_central.csv,184,Viena,MUMOK (MuseumsQuartier),MUMOK,Museo,48.203600,16.357500,,,,150,,0,1,1,2,Wien,"Museum Moderner Kunst Stiftung Ludwig Wien, 1, Museumsplatz, Sankt Ulrich, Spittelberg, Ka",sin resolver: sin_candidatos,no_verificable
europa_central.csv,188,Cracovia,Sinagoga Vieja (Stara Synagoga),Old Synagogue,Iglesia,50.051300,19.948500,,,,150,,0,1,1,2,Kraków,"Plac Bawół, Kazimierz, Stare Miasto, Kraków, województwo małopolskie, 31-053, Polska",sin resolver: sin_candidatos,no_verificable
europa_central.csv,197,Budapest,Gran Sinagoga (Dohány utcai zsinagóga),Dohány Street Synagogue,Iglesia,47.496000,19.060500,,,,150,,0,-1,1,0,Budapest,"Dohány utcai Zsinagóga temetője, Wesselényi utca, Erzsébetváros, VII. kerület, Budapest, K",sin resolver: sin_candidatos,no_verificable
europa_central.csv,199,Budapest,Plaza de los Héroes (Hősök tere),Heroes' Square,Plaza,47.515000,19.077500,,,,250,,0,-1,1,0,Budapest,"Hősök tere, Városliget, XIV. kerület, Budapest, Közép-Magyarország, 1146, Magyarország",sin resolver: sin_candidatos,no_verificable
europa_central.csv,202,Budapest,Puente de la Libertad (Szabadság híd),Liberty Bridge,Iglesia,47.485500,19.049500,,,,150,,0,1,1,2,Budapest,"Szabó Dezső sétány, Gellérthegy, XI. kerület, Budapest, Közép-Magyarország, 1118, Magyaror",sin resolver: sin_candidatos,no_verificable
europa_central.csv,262,Costa Eslovena,Castillo de San Giusto + catedral,Castillo de San Giusto catedral,Sitio,45.547496,13.733723,,,,300,,0,1,1,2,Koper / Capodistria,"Cerkvica in oratorij svetega Justa / Chiesa e oratorio di San Giusto, Kumarjeva ulica / Ca",sin resolver: sin_candidatos,no_verificable
europa_del_sur.csv,364,Palermo,Antico Mercato di Sant'Anna / Antiquariato,Antico Mercato di Sant'Anna,Sitio,38.115367,13.365132,,,,300,,0,1,1,2,Palermo,"Chiesa di Sant'Anna la Misericordia, Piazza Sant'Anna, Kalsa, I Circoscrizione, Palermo, S",sin resolver: sin_candidatos,no_verificable
europa_del_sur.csv,383,Ragusa,Valle dell'Irminio / Riserva Naturale Macchia Foresta del Fiume Irminio,Valle dell'Irminio,Naturaleza,36.928080,14.734101,,,,2000,,0,1,1,2,Ragusa,"Via della Valle, Cappuccini, Ragusa Ibla, Ragusa, Sicilia, 97100, Italia",sin resolver: sin_candidatos,no_verificable
europa_occidental.csv,217,Colmar,Riquewihr,Riquewihr,Pueblo Route des Vins,48.166077,7.298014,48.091703,7.333726,8684,6000,0,1,1,1,3,Riquewihr,"9, Rue Héderich, Riquewihr, Colmar-Ribeauvillé, Haut-Rhin, Collectivité européenne d'Alsac",photon/fuentes discrepan 8.7 km,verificado
europa_occidental.csv,218,Colmar,Turckheim,Turckheim,Pueblo Route des Vins,48.087822,7.278011,48.077263,7.347904,5323,6000,1,1,1,1,4,Turckheim,"Église Sainte-Anne, Rue Sainte-Anne, Turckheim, Colmar-Ribeauvillé, Haut-Rhin, Collectivit",photon/fuentes discrepan 5.3 km,verificado
europa_katia.csv,141,Ámsterdam,Centrum (Old Centre),Amsterdam-Centrum,Barrio,52.336726,4.940597,52.368239,4.900660,4431,1500,0,1,1,1,3,Amsterdam,"Amsterdam-Centrum, Ringweg-Oost, Oost, Amsterdam, Noord-Holland, Nederland, 1115 BL, Neder",photon/fuentes discrepan 4.4 km,verificado
europa_del_sur.csv,178,Ostuni,Martina Franca,Strada Provinciale 13 Martina Franca-Cisternino,Pueblo,40.719489,17.377177,40.738115,17.416644,3918,6000,1,1,1,1,4,Martina Franca,"Strada Provinciale 13 Martina Franca-Cisternino, Martina Franca, Taranto, Puglia, 74015, I",photon/bajo_umbral,verificado
europa_katia.csv,105,París,Rue de l'Université,Rue de l'Université,Calle,48.859716,2.296294,48.851466,2.341634,3442,2000,0,1,1,1,3,Paris,"Rue de l'Université, Quartier du Gros-Caillou, Paris 7e Arrondissement, Paris, Île-de-Fran",photon/fuentes discrepan 1.3 km,verificado
europa_katia.csv,263,Highlands,Rothiemurchus Forest,Rothiemurchus,Naturaleza,57.173967,-3.782826,57.176480,-3.818574,2173,2000,0,1,1,1,3,Aviemore,"Rothiemurchus, Old Logging Way, Coylumbridge, Aviemore, Highland, Alba / Scotland, PH22 1Q",nominatim/nominatim_bounded,verificado
europa_del_sur.csv,299,Ragusa,Marina di Ragusa,Strada provinciale Ragusa-Marina di Ragusa,Naturaleza,36.896110,14.700646,36.883584,14.681947,2169,2000,0,1,1,1,3,Ragusa,"Strada provinciale Ragusa-Marina di Ragusa, Zona Industriale Seconda Fase, Selvaggio, Ragu",nominatim/fuentes discrepan 2.2 km,verificado
europa_central.csv,170,Lauterbrunnen,Staubbach Falls,Staubbach Falls,Naturaleza,46.594500,7.907500,46.584374,7.888631,1829,2000,1,0,1,1,3,Wengen,"222, Auf der Fuhren, Wengen, Lauterbrunnen, Verwaltungskreis Interlaken-Oberhasli, Verwalt",photon/bajo_umbral,verificado
europa_occidental.csv,259,París,Montmartre (18ème sur),Montmartre,Barrio,48.871441,2.343495,48.886705,2.341572,1703,1500,0,1,1,1,3,Paris,"Grands Boulevards, Boulevard Poissonnière, Quartier du Faubourg-Montmartre, Paris 9e Arron",nominatim/nominatim_free,verificado
europa_katia.csv,145,Grindelwald,Dorfstrasse,Dorfstrasse,Calle,46.624689,8.044968,46.625411,8.025114,1518,2000,1,1,1,1,4,Grindelwald,"Pfarrschyr, 200, Dorfstrasse, Grindelwald, Verwaltungskreis Interlaken-Oberhasli, Verwaltu",nominatim/fuentes discrepan 1.2 km,verificado
europa_central.csv,33,Grindelwald,Eigergletscher (Eiger Trail),Eigergletscher,Trekking,46.575987,7.975562,46.568455,7.988204,1279,3000,1,0,1,1,3,Grindelwald,"Eigertrail, Grindelwald, Verwaltungskreis Interlaken-Oberhasli, Verwaltungsregion Oberland",nominatim/nominatim_bounded,verificado
europa_del_sur.csv,172,Ostuni,"Marina di Ostuni (Costa Merlata, Pilone, Rosa Marina)",Rosa Marina di Ostuni,Playa,40.793788,17.545018,40.798979,17.556363,1116,500,0,1,1,1,3,Ostuni,"Via Giovanna, Cala di Rosamarina, Rosa Marina di Ostuni, Ostuni, Brindisi, Puglia, Italia",photon/fuentes discrepan 1.1 km,verificado
europa_katia.csv,127,Ámsterdam,Herengracht,Herengracht,Paseo,52.365564,4.890390,52.374225,4.887445,984,2000,1,1,1,1,4,Amsterdam,"483, Herengracht, Grachtengordel, Centrum, Amsterdam, Noord-Holland, Nederland, 1017 BT, N",nominatim/fuentes discrepan 1.2 km,verificado
europa_katia.csv,129,Ámsterdam,Prinsengracht,Prinsengracht,Paseo,52.362403,4.900552,52.363839,4.886247,984,2000,1,1,1,1,4,Amsterdam,"1095F, Prinsengracht, Grachtengordel, Centrum, Amsterdam, Noord-Holland, Nederland, 1017 J",nominatim/fuentes discrepan 1.3 km,verificado
europa_katia.csv,267,Highlands,Drumnadrochit,Drumnadrochit,Pueblo,57.344384,-4.485421,57.336230,-4.479799,967,6000,1,1,1,1,4,Drumnadrochit,"Drumnadrochit Lodges, A831, Easter Milton, Drumnadrochit, Highland, Alba / Scotland, IV63 ",nominatim/nominatim_free,verificado
europa_central.csv,229,Karst y Cuevas,Škocjan Caves (UNESCO),Škocjanske jame,Cueva,45.666551,13.978656,45.665859,13.989374,836,300,0,0,1,1,2,Matavun,"940, Matavun, Divača, Upravna enota Sežana, 6215, Slovenija",nominatim/nominatim_free,verificado
europa_katia.csv,142,Ámsterdam,Amsterdam-Noord,Amsterdam-Noord,Barrio,52.409756,4.931946,52.402572,4.935327,831,1500,1,1,1,1,4,Amsterdam,"Ringweg-Noord, Noord, Zunderdorp, Amsterdam, Noord-Holland, Nederland, 1025 ZZ, Nederland",photon/photon,verificado
europa_occidental.csv,195,Ámsterdam,Vondelpark,Vondelpark,Parque,52.360700,4.873706,52.357197,4.864119,759,600,0,1,1,1,3,Amsterdam,"Vondelpark, Museumkwartier, Oud-Zuid, Zuid, Amsterdam, Noord-Holland, Nederland, 1054 GS, ",nominatim/nominatim_free,verificado
europa_del_sur.csv,286,Noto,Lido di Noto / Noto Marina,Lido di Noto,Sitio,36.861456,15.115043,36.855034,15.113084,735,300,0,1,1,1,3,Noto,"Lido di Noto, Via Vela, Lido di Noto, Noto, Siracusa, Sicilia, 96017, Italia",nominatim/nominatim_bounded,verificado
europa_central.csv,148,Budapest,Margit-sziget (Isla Margarita),Margaret Island,Excursión,47.526919,19.047821,47.532455,19.052701,716,3000,1,0,1,1,3,Budapest,"Soó Rezső sétány, Margitsziget, Budapest, Közép-Magyarország, 1007, Magyarország",photon/bajo_umbral,verificado
europa_occidental.csv,263,París,Belleville (19ème/20ème),Belleville,Barrio,48.872035,2.376880,48.871727,2.385085,601,1500,1,1,1,1,4,Paris,"Belleville, Rue du Faubourg du Temple, Quartier de l'Hôpital Saint-Louis, Paris 10e Arrond",photon/fuentes discrepan 1.1 km,verificado
europa_del_sur.csv,263,Agrigento,Scala dei Turchi,Scala dei Turchi,Playa,37.289918,13.472700,37.287933,13.478309,543,500,0,0,1,1,2,Punta Grande,"Via Panoramica, Scavuzzo, Punta Grande, Realmonte, Agrigento, Sicilia, 92010, Italia",photon/photon,verificado
europa_central.csv,140,Cracovia,Zakrzówek,Zakrzówek,Sitio histórico,50.039500,19.915500,50.036549,19.909502,540,200,0,1,1,1,3,Kraków,"Na Kapelance, Wyłom, Zakrzówek, Dębniki, Kraków, województwo małopolskie, 30-374, Polska",nominatim/nominatim_bounded,verificado
europa_katia.csv,261,Friburgo,Kaiser-Joseph-Straße,Kaiser-Joseph-Straße,Calle,47.991891,7.848479,47.996180,7.851260,520,2000,1,1,1,1,4,Freiburg im Breisgau,"Holzmarkt, Kaiser-Joseph-Straße, Altstadt-Ring, Altstadt, Freiburg im Breisgau, Ballrechte",nominatim/nominatim_bounded,verificado
europa_central.csv,39,Interlaken,Paseo del río Aare,Aare,Paseo,46.688831,7.855717,46.686537,7.850356,482,2000,1,1,1,1,4,Interlaken,"Aare, 15, Strandbadstrasse, Interlaken, Verwaltungskreis Interlaken-Oberhasli, Verwaltungs",nominatim/nominatim_bounded,verificado
europa_occidental.csv,139,Highlands,Quiraing,Quiraing,Trekking,57.643600,-6.270500,57.639736,-6.274133,481,3000,1,1,1,1,4,Highland,"Quiraing Road, Brògaig, Stafainn, Highland, Alba / Scotland, United Kingdom",nominatim/fuentes discrepan 115.7 km,verificado
europa_occidental.csv,122,Highlands,Fort William Town,Fort William,Pueblo,56.820558,-5.105313,56.817826,-5.110952,458,6000,1,1,1,1,4,Fort William,"Fort William, Nevis Terrace, The Parade, An Àird, Fort William, Highland, Alba / Scotland,",nominatim/nominatim_free,verificado
europa_central.csv,30,Grindelwald,Pfingstegg,Pfingstegg,Teleférico,46.621224,8.057985,46.617438,8.056420,438,300,0,1,1,1,3,Grindelwald,"7a, Pfingsteggstrasse, Stählisboden, Grindelwald, Verwaltungskreis Interlaken-Oberhasli, V",nominatim/nominatim_free,verificado
europa_del_sur.csv,305,Barcelona,Las Ramblas + Mercado de la Boqueria,La Rambla,Sitio,41.382014,2.172457,41.378743,2.175307,435,300,0,1,1,1,3,Barcelona,"El Quim De La Boqueria, 91, La Rambla, Santa Maria del Pi, el Gòtic, Ciutat Vella, Barcelo",nominatim/nominatim_bounded,verificado
europa_del_sur.csv,179,Ostuni,Ceglie Messapica,Ceglie Messapica,Pueblo,40.646960,17.522042,40.646044,17.517057,433,6000,1,1,1,1,4,Ceglie Messapica,"Ceglie Messapica, Via Ostuni, Ceglie Messapica, Brindisi, Puglia, 72013, Italia",photon/photon,verificado
europa_occidental.csv,233,Estrasburgo,Jardin des Deux Rives,Jardin des Deux Rives,Parque,48.569074,7.794975,48.567617,7.800251,421,600,1,1,1,1,4,Strasbourg,"Jardin des Deux Rives, Rue Lina Ritter, Port du Rhin, Strasbourg, Bas-Rhin, Collectivité e",nominatim/nominatim_free,verificado
europa_central.csv,69,Innsbruck,Castillo Ambras (Schloss Ambras),Schloss Ambras,Museo,47.255674,11.429931,47.256643,11.435199,412,150,0,0,1,1,2,Innsbruck,"Schloßstraße, Amras, Innsbruck, Tirol, 6020, Österreich",nominatim/nominatim_bounded,verificado
europa_central.csv,164,Budapest,Dandár,Dandár Baths,Termas,47.479500,19.068500,47.476378,19.071104,399,150,0,0,1,1,2,Budapest,"BB pedikűr, Liliom utca, Középső-Ferencváros Malmok, Középső-Ferencváros, IX. kerület, Bud",photon/bajo_umbral,verificado
europa_occidental.csv,144,Highlands,Elgol,Elgol,Paisaje,57.152323,-6.098404,57.149235,-6.101430,389,2500,1,1,1,1,4,Elgol,"Elgol Church of Scotland, Elgol, Highland, Alba / Scotland, IV49 9BL, United Kingdom",nominatim/nominatim_bounded,verificado
europa_katia.csv,208,Cracovia,Błonia,Błonia Krakowskie,Parque,50.059729,19.910145,50.063116,19.910894,380,600,1,0,1,1,3,Kraków,"Głaz papieski, Aleja 3 Maja, Błonia, Zwierzyniec, Kraków, województwo małopolskie, 30-053,",photon/photon,verificado
europa_central.csv,61,Innsbruck,Altstadt (callejeo),Altstadt,Sitio histórico,47.271057,11.395455,47.268197,11.392773,377,200,0,1,1,1,3,Innsbruck,"Altstadt, Innenstadt, Innsbruck, Tirol, 6020, Österreich",nominatim/nominatim_bounded,verificado
europa_central.csv,124,Praga,Letenský zámeček,Letenský zámeček,Sitio,50.096500,14.420500,50.096349,14.425548,360,300,0,0,1,1,2,Praha,"Letenské sady, Bubeneč, Praha 7, obvod Praha 7, Praha, 116 93, Česko",nominatim/nominatim_bounded,verificado
europa_central.csv,150,Budapest,Instant-Fogas,Instant-Fogas,Ruin bar,47.497500,19.064500,47.500527,19.065523,345,120,0,0,1,1,2,Budapest,"18, Nagy Diófa utca, Erzsébetváros, VII. kerület, Budapest, Közép-Magyarország, 1072, Magy",nominatim/nominatim_bounded,verificado
europa_central.csv,44,Interlaken,Ballenberg,Ballenberg Freilichtmuseum,Museo,46.748762,8.084871,46.748700,8.080405,340,150,0,0,1,1,2,Hofstetten bei Brienz,"Freilichtmuseum Ballenberg, 131, Museumsstrasse, Schried, Hofstetten bei Brienz, Verwaltun",nominatim/nominatim_free,verificado
europa_central.csv,116,Praga,Žižkov,Žižkov,Barrio,50.087657,14.468136,50.085631,14.471633,336,1500,1,1,1,1,4,Praha,"1774/16, Na Parukářce, Žižkov, obvod Praha 3, Praha, 130 00, Česko",nominatim/nominatim_free,verificado
europa_katia.csv,102,París,Avenue des Champs-Élysées,Avenue des Champs-Élysées,Calle,48.867027,2.316247,48.868331,2.312152,333,2000,1,1,1,1,4,Paris,"Avenue des Champs-Élysées, Quartier des Champs-Élysées, Paris 8e Arrondissement, Paris, Îl",nominatim/nominatim_bounded,verificado
europa_occidental.csv,222,Estrasburgo,Grande Île,Grande Île,Casco histórico,48.580517,7.745507,48.582957,7.747833,321,1500,1,0,1,1,3,Strasbourg,"2 b, Rue Salzmann, La Petite France, Centre, Strasbourg, Bas-Rhin, Collectivité européenne",nominatim/nominatim_bounded,verificado
europa_del_sur.csv,23,Lisboa,Alfama,Alfama,Barrio,38.711756,-9.132011,38.711770,-9.128380,315,1500,1,0,1,1,3,Lisboa,"Travessa de São Bartolomeu, Santiago, Santa Maria Maior, Madalena, Lisboa, 1100-571, Portu",nominatim/nominatim_free,verificado
europa_occidental.csv,159,Highlands,Pitlochry,Pitlochry,Pueblo,56.702364,-3.735640,56.701969,-3.730685,306,6000,1,1,1,1,4,Pitlochry,"Pitlochry, Station Road, Pitlochry, Perth and Kinross, Alba / Scotland, PH16 5AN, United K",nominatim/nominatim_free,verificado
europa_occidental.csv,79,York,Micklegate,Micklegate,Barrio,53.957285,-1.085875,53.956384,-1.090200,300,1500,1,1,1,1,4,York,"Mail Boxes etc., 13, Micklegate, Bishophill, York, York and North Yorkshire, England, YO1 ",nominatim/nominatim_bounded,verificado
europa_central.csv,27,Grindelwald,Jungfraujoch,Jungfraujoch,Excursión,46.547496,7.982709,46.547579,7.978974,286,3000,1,1,1,1,4,Fieschertal,"Jungfraujoch, Fieschertal, Goms, Oberwallis, Valais/Wallis, 3801, Schweiz/Suisse/Svizzera/",nominatim/nominatim_bounded,verificado
europa_del_sur.csv,58,Porto,Teleférico de Gaia,Teleférico de Gaia,Transporte,41.137325,-8.616209,41.137617,-8.612911,278,300,1,0,1,1,3,Vila Nova de Gaia,"331, Avenida Ramos Pinto, Lugar do Castelo, Santa Marinha, Vila Nova de Gaia, Porto, 4430-",nominatim/nominatim_bounded,verificado
europa_central.csv,153,Budapest,Anker't,Anker't,Ruin bar,47.499500,19.058500,47.497910,19.055661,277,120,0,0,1,1,2,Budapest,"24, Király utca, Terézváros, VI. kerület, Budapest, Közép-Magyarország, 1061, Magyarország",photon/bajo_umbral,verificado
europa_central.csv,49,Lauterbrunnen,Trümmelbachfälle,Trümmelbachfälle,Naturaleza,46.572260,7.911818,46.570006,7.913207,272,2000,1,1,1,1,4,Mürren,"Trümmelbachfälle, 236, 222, Gydisdorf, Trümmelbach, Mürren, Lauterbrunnen, Verwaltungskrei",nominatim/nominatim_bounded,verificado
europa_del_sur.csv,303,Barcelona,Passeig de Gràcia,Passeig de Gràcia lateral Llobregat,Sitio,41.393404,2.163081,41.391641,2.165265,268,300,1,1,1,1,4,Barcelona,"Sandro, 67, Passeig de Gràcia (lateral Llobregat), la Dreta de l'Eixample, l'Eixample, Bar",nominatim/nominatim_bounded,verificado
europa_del_sur.csv,14,Lisboa,Miradouro Parque Eduardo VII,Parque Eduardo VII,Mirador,38.728212,-9.153014,38.730336,-9.154395,265,150,0,0,1,1,2,Lisboa,"São Sebastião da Pedreira, Campo Pequeno, Avenidas Novas, Lisboa, 1070-044, Portugal",photon/photon,verificado
europa_del_sur.csv,87,Roma,Museos Vaticanos + Capilla Sixtina,Musei Vaticani,Sitio,41.904927,12.454622,41.906907,12.452931,261,300,1,0,1,1,3,,"Biblioteca Apostolica Vaticana, Via Pius X, Civitas Vaticana - Città del Vaticano, 00120, ",nominatim/nominatim_bounded,verificado
europa_occidental.csv,132,Highlands,Castle Stalker,Castle Stalker,Castillo,56.572574,-5.382622,56.571555,-5.386109,242,250,1,1,1,1,4,Appin,"Castle Stalker Jetty (private), A828, Portnacroish, Appin, Argyll and Bute, Alba / Scotlan",nominatim/nominatim_free,verificado
europa_occidental.csv,48,Londres,Spitalfields Market,Old Spitalfields Market,Mercado,51.519018,-0.078722,51.519600,-0.075363,241,300,1,0,1,1,3,City of London,"Mr Coffee, Brushfield Street, Spitalfields, Whitechapel, City of London, Greater London, E",nominatim/nominatim_free,verificado
europa_central.csv,68,Innsbruck,Alpenzoo (Alpenzoo Innsbruck),Alpenzoo,Museo,47.282371,11.400626,47.281727,11.397571,241,150,0,1,1,1,3,Innsbruck,"Alpenzoo, Mühlau, Innsbruck, Tirol, 6020, Österreich",nominatim/nominatim_free,verificado
europa_central.csv,151,Budapest,Mazel Tov,Mazel Tov,Ruin bar,47.498500,19.063800,47.500231,19.065616,236,120,0,0,1,1,2,Budapest,"Massolit Books and Café, 30, Nagy Diófa utca, Erzsébetváros, VII. kerület, Budapest, Közép",nominatim/nominatim_bounded,verificado
europa_del_sur.csv,267,Agrigento,Eraclea Minoa,Via Eraclea Minoa,Sitio,37.249307,13.624635,37.250435,13.626724,223,300,1,1,1,1,4,Agrigento,"Via Eraclea Minoa, Fiumenaro, Agrigento, Sicilia, 92100, Italia",photon/bajo_umbral,verificado
europa_occidental.csv,44,Londres,Brick Lane Market,Brick Lane Market,Mercado,51.522286,-0.071581,51.524274,-0.071561,221,300,1,1,1,1,4,Greater London,"Brick Lane Market, Brick Lane, Spitalfields, Whitechapel, London Borough of Tower Hamlets,",nominatim/nominatim_free,verificado
europa_central.csv,185,Praga,Barrio Judío (Josefov),Josefov,Barrio,50.090000,14.421000,50.090019,14.418023,212,1500,1,1,-1,1,2,Praha,"Dušní, Josefov, obvod Praha 1, Praha, 115 72, Česko",nominatim/nominatim_free,verificado
europa_del_sur.csv,43,Porto,Ponte Dom Luís I,Ponte Luís I,Monumento,41.140170,-8.609458,41.138383,-8.608862,205,200,0,0,1,1,2,Vila Nova de Gaia,"Miradouro Ponte Luiz I, Ponte Luiz I (tabuleiro inferior), Santa Marinha, Cedofeita, Santo",photon/bajo_umbral,verificado
europa_occidental.csv,50,Londres,Maltby Street Market,Maltby Street Market,Mercado,51.497500,-0.075500,51.499258,-0.075624,196,300,1,0,1,1,3,Greater London,"Maltby Street, Bermondsey Spa, Bermondsey Village, Old Kent Road, London Borough of Southw",nominatim/nominatim_free,verificado
europa_central.csv,52,Lauterbrunnen,Gimmelwald,Gimmelwald,Pueblo,46.547352,7.891651,46.546862,7.894003,188,6000,1,1,1,1,4,Gimmelwald,"857, Wylern, Matte, Gimmelwald, Lauterbrunnen, Verwaltungskreis Interlaken-Oberhasli, Verw",nominatim/nominatim_free,verificado
europa_occidental.csv,306,Ámsterdam,Boerejongens,Boerejongens Coffeeshop,Coffee shop,52.366500,4.897500,52.364853,4.898025,187,120,0,0,1,1,2,Amsterdam,"29, Rembrandtplein, Grachtengordel, Centrum, Amsterdam, Noord-Holland, Nederland, 1017 CT,",photon/bajo_umbral,verificado
europa_central.csv,36,Interlaken,Harder Kulm,Harder Kulm,Mirador,46.699682,7.856141,46.698250,7.854904,185,150,0,0,1,1,2,Unterseen,"Obere Goldey, Spielmatte, Unterseen, Verwaltungskreis Interlaken-Oberhasli, Verwaltungsreg",nominatim/nominatim_bounded,verificado
europa_central.csv,119,Praga,Holešovice,Holešovice,Barrio,50.102495,14.442798,50.102873,14.440273,185,1500,1,1,1,1,4,Praha,"Argentinská, Holešovice, Praha 7, obvod Praha 7, Praha, 170 04, Česko",nominatim/nominatim_free,verificado
europa_occidental.csv,199,Ámsterdam,Albert Cuypmarkt,Albert Cuypmarkt,Mercado,52.355730,4.894361,52.355233,4.891779,184,300,1,0,1,1,3,Amsterdam,"Albert Cuyp-markt, 1073, Albert Cuypstraat, Oude Pijp, De Pijp, Zuid, Amsterdam, Noord-Hol",nominatim/nominatim_free,verificado
europa_del_sur.csv,108,Nápoles,Spaccanapoli,Spaccanapoli,Termas,40.849562,14.261901,40.849857,14.259774,182,150,0,0,1,1,2,Napoli,"B&B I colori di Napoli, 24, Via Sant'Arcangelo a Baiano, Pendino, Municipalità 2, Napoli, ",photon/photon,verificado
europa_del_sur.csv,82,Roma,Foro Romano + Palatino,Foro Romano,Sitio histórico,41.892629,12.487049,41.893175,12.485076,174,200,1,1,1,1,4,Roma,"Foro Romano, Largo della Salara Vecchia, Campitelli, Municipio Roma I, Roma, Roma Capitale",photon/bajo_umbral,verificado
europa_katia.csv,101,París,Canal de l'Ourcq,Canal de l'Ourcq,Paseo,48.889736,2.383347,48.891008,2.384669,171,2000,1,1,1,1,4,Paris,"Canal de l'Ourcq, Rue de l'Ourcq, Quartier du Pont-de-Flandre, Paris 19e Arrondissement, P",photon/bajo_umbral,verificado
europa_central.csv,46,Interlaken,Schynige Platte,Schynige Platte,Trekking,46.651443,7.909311,46.652261,7.911173,169,3000,1,0,1,1,3,Gsteigwiler,"Panoramaweg, Gsteigwiler, Verwaltungskreis Interlaken-Oberhasli, Verwaltungsregion Oberlan",nominatim/nominatim_bounded,verificado
europa_central.csv,186,Praga,Letná (Letenské sady),Letenské sady,Barrio,50.096500,14.416500,50.096404,14.414141,169,1500,1,1,1,1,4,Praha,"Letenské sady, Bubeneč, Praha 7, obvod Praha 7, Praha, 116 93, Česko",nominatim/nominatim_bounded,verificado
europa_central.csv,145,Budapest,Bastión de los Pescadores (Halászbástya),Fisherman's Bastion,Sitio histórico,47.502100,19.034800,47.502821,19.032889,164,200,1,0,1,1,3,Budapest,"5, Szentháromság tér, Vár, I. kerület, Budapest, Közép-Magyarország, 1014, Magyarország",photon/bajo_umbral,verificado
europa_occidental.csv,198,Ámsterdam,Sarphatipark,Sarphatipark,Parque,52.354862,4.898651,52.354375,4.896388,163,600,1,1,1,1,4,Amsterdam,"117-1, Sarphatipark, Oude Pijp, De Pijp, Zuid, Amsterdam, Noord-Holland, Nederland, 1073 C",nominatim/nominatim_free,verificado
europa_central.csv,160,Budapest,Corvin Mozi (Cine Corvin),Corvin Mozi,Puente,47.485500,19.069500,47.486180,19.071423,163,150,0,0,1,1,2,Budapest,"Raiffeisen Bank, 39-43, Üllői út, Belső-Ferencváros, IX. kerület, Budapest, Közép-Magyaror",nominatim/nominatim_bounded,verificado
europa_del_sur.csv,28,Lisboa,Belém,Belém,Barrio,38.699193,-9.209627,38.697769,-9.209432,159,1500,1,1,1,1,4,Lisboa,"3, Praça de Malaca, Restelo, São Francisco Xavier, Belém, Lisboa, 1400-239, Portugal",nominatim/nominatim_bounded,verificado
europa_central.csv,191,Cracovia,Plaza de los Héroes del Gueto (Plac Bohaterów Getta),Plac Bohaterów Getta,Plaza,50.045500,19.953500,50.046776,19.954406,156,250,1,0,1,1,3,Kraków,"PN181, Józefińska, Stare Podgórze, Podgórze, Kraków, województwo małopolskie, 30-529, Pols",nominatim/nominatim_free,verificado
europa_central.csv,117,Praga,Vyšehrad,Vyšehrad,Barrio,50.064500,14.419500,50.064423,14.417386,151,1500,1,1,1,1,4,Praha,"V Pevnosti, Vyšehrad, obvod Praha 2, Praha, 128 00, Česko",nominatim/nominatim_free,verificado
europa_occidental.csv,317,Estrasburgo,Consejo de Europa,Conseil de l'Europe,Institución,48.595000,7.772000,48.593877,7.770920,148,200,1,1,-1,1,2,Strasbourg,"Conseil de l'Europe, Avenue de l'Europe, Quartier des XV, Orangerie-Conseil des XV, Strasb",nominatim/nominatim_bounded,verificado
europa_occidental.csv,197,Ámsterdam,Nieuwmarkt,Nieuwmarkt,Plaza,52.371318,4.900879,52.372595,4.900345,147,250,1,1,1,1,4,Amsterdam,"2, J.W. Siebbeleshof, Nieuwmarktbuurt, Nieuwmarkt/Lastage, Centrum, Amsterdam, Noord-Holla",nominatim/nominatim_free,verificado
europa_central.csv,200,Budapest,Iglesia de Matías (Mátyás-templom),Matthias Church,Iglesia,47.501900,19.034300,47.502821,19.032889,147,150,1,0,1,1,3,Budapest,"Budavári Mátyás-templom Egyházművészeti Gyűjteménye, 2, Szentháromság tér, Vár, I. kerület",photon/bajo_umbral,verificado
europa_del_sur.csv,323,Barcelona,El Cementiri de Poblenou,Cementiri del Poblenou,Sitio,41.395274,2.201858,41.396136,2.203188,147,300,1,1,1,1,4,Barcelona,"Cementiri del Poblenou, Carrer del Taulat, la Plata, el Poblenou, Sant Martí, Barcelona, B",nominatim/nominatim_bounded,verificado
europa_occidental.csv,202,Colmar,Petite Venise,La Petite Venise,Casco histórico,48.073977,7.357306,48.072687,7.357018,145,1500,1,0,1,1,3,Colmar,"2, Rue de Turenne, Colmar, Colmar-Ribeauvillé, Haut-Rhin, Collectivité européenne d'Alsace",nominatim/nominatim_bounded,verificado
europa_katia.csv,8,Roma,Barrio judío (Ghetto),Portico d'Ottavia,Barrio,41.893147,12.477071,41.892520,12.478571,142,1500,1,1,1,1,4,Roma,"Ba' Ghetto Milky, 2, Via del Portico d'Ottavia, Sant'Angelo, Municipio Roma I, Roma, Roma ",nominatim/nominatim_bounded,verificado
europa_central.csv,55,Lauterbrunnen,Allmendhubel,Allmendhubel,Trekking,46.566276,7.888915,46.565211,7.888020,137,3000,1,1,1,1,4,Mürren,"Allmendhubel, (Höhenweg), Gritt, Mirrenberg, Mürren, Lauterbrunnen, Verwaltungskreis Inter",nominatim/nominatim_bounded,verificado
europa_central.csv,32,Grindelwald,Kleine Scheidegg,Kleine Scheidegg,Mirador,46.586439,7.961675,46.585246,7.961313,136,150,1,1,1,1,4,Grindelwald,"Restaurant Eigernordwand, 354l, Kleine Scheidegg, Grindelwald, Verwaltungskreis Interlaken",nominatim/nominatim_bounded,verificado
europa_central.csv,249,Costa Eslovena,Murallas de Piran (Piranske obzidje),Mestno obzidje,Sitio,45.527085,13.570906,45.527964,13.572037,132,300,1,1,1,1,4,Piran / Pirano,"Mestno obzidje, Rozmanova ulica, Mogoron, Raštel, Piran / Pirano (naselje), Piran / Pirano",nominatim/nominatim_bounded,verificado
europa_occidental.csv,305,Ámsterdam,NDSM Wharf,NDSM Wharf,Barrio,52.401500,4.893500,52.400374,4.892954,131,1500,1,0,1,1,3,Amsterdam,"MTV Benelux, 6, NDSM-plein, Cornelis Douwesterrein, Noord, Amsterdam, Noord-Holland, Neder",photon/photon,verificado
europa_occidental.csv,37,Londres,Primrose Hill,Primrose Hill,Parque,51.539538,-0.160757,51.539048,-0.162457,130,600,1,1,1,1,4,Greater London,"Iolo Morganwg, Primrose Hill Road, Primrose Hill, Chalk Farm, London Borough of Camden, Gr",nominatim/nominatim_free,verificado
europa_occidental.csv,187,Ámsterdam,Café 't Smalle,Café 't Smalle,Bar,52.377500,4.885500,52.376719,4.884139,127,120,0,0,1,1,2,Amsterdam,"72K, Prinsengracht, Jordaan, Centrum, Amsterdam, Noord-Holland, Nederland, 1015 DX, Nederl",nominatim/nominatim_bounded,verificado
europa_central.csv,134,Cracovia,Plac Centralny,Plac Centralny,Sitio,50.072641,20.036828,50.071882,20.038067,122,300,1,1,1,1,4,Kraków,"79, Plac Centralny imienia Ronalda Reagana, Nowa Huta, Kraków, województwo małopolskie, 31",nominatim/nominatim_bounded,verificado
europa_occidental.csv,25,Londres,Trafalgar Square,Trafalgar Square,Plaza,51.507398,-0.128241,51.508450,-0.128450,118,250,1,1,1,1,4,City of Westminster,"Uganda High Commission, 58-59, Trafalgar Square, Westminster, Covent Garden, City of Westm",nominatim/nominatim_free,verificado
europa_occidental.csv,278,Edimburgo,Scottish National Gallery of Modern Art,Scottish National Gallery of Modern Art,Museo,55.951500,-3.226500,55.950904,-3.227905,110,150,1,0,1,1,3,City of Edinburgh,"Femme, Belford Road, West Coates, Haymarket, West End, City of Edinburgh, Alba / Scotland,",photon/bajo_umbral,verificado
europa_central.csv,190,Cracovia,Ulica Szeroka,Ulica Szeroka,Sitio,50.052500,19.948500,50.053112,19.947344,107,300,1,0,1,1,3,Kraków,"Hotel Rubinstein, Szeroka, Kazimierz, Stare Miasto, Kraków, województwo małopolskie, 31-05",photon/bajo_umbral,verificado
europa_del_sur.csv,48,Porto,Cais da Ribeira,Cais da Ribeira,Paseo,41.140352,-8.613047,41.140546,-8.611842,103,2000,1,1,1,1,4,Porto,"Cais da Ribeira, Barredo, Ribeira, Centro Histórico do Porto, Cedofeita, Santo Ildefonso, ",nominatim/nominatim_bounded,verificado
europa_occidental.csv,19,Londres,Tower Bridge,Tower Bridge,Sitio histórico,51.504670,-0.075932,51.505516,-0.075367,102,200,1,1,1,1,4,Greater London,"The Vault, Tower Bridge, Butler's Wharf, Bermondsey Village, Bermondsey, London Borough of",nominatim/nominatim_bounded,verificado
europa_occidental.csv,182,Ámsterdam,Grey Area,Grey Area Coffeeshop,Coffee shop,52.375500,4.889500,52.374690,4.888872,100,120,1,0,1,1,3,Amsterdam,"10, Bergstraat, Grachtengordel, Centrum, Amsterdam, Noord-Holland, Nederland, 1015 AV, Ned",nominatim/nominatim_bounded,verificado
europa_del_sur.csv,4,Lisboa,Padrão dos Descobrimentos,Padrão dos Descobrimentos,Monumento,38.694466,-9.206026,38.693605,-9.205700,100,200,1,1,1,1,4,Lisboa,"Padrão dos Descobrimentos, Rosa dos Ventos, São Francisco Xavier, Belém, Lisboa, 1449-003,",nominatim/nominatim_bounded,verificado
europa_occidental.csv,275,York,Museum Gardens,Museum Gardens,Parque,53.961800,-1.087500,53.961786,-1.088957,95,600,1,0,1,1,3,York,"Yorkshire Museum, Museum Street, Bootham, Bishophill, York, York and North Yorkshire, Engl",nominatim/nominatim_free,verificado
europa_occidental.csv,109,Edimburgo,Edinburgh Farmers' Market,Castle Terrace,Mercado,55.947248,-3.202363,55.947930,-3.203257,94,300,1,1,1,1,4,City of Edinburgh,"31, Castle Terrace, Lauriston, Tollcross, City of Edinburgh, Alba / Scotland, EH1 2EL, Uni",nominatim/nominatim_bounded,verificado
europa_del_sur.csv,62,Porto,World of Wine (WOW),World of Wine,Museo,41.134737,-8.614346,41.135152,-8.613392,92,150,1,0,1,1,3,Vila Nova de Gaia,"Wine Museum, 39, Rua do Choupelo, Devesas, Santa Marinha, Vila Nova de Gaia, Porto, 4400-0",photon/bajo_umbral,verificado
europa_central.csv,108,Praga,Puente de Carlos (Karlův most),Karlův most,Puente,50.086500,14.411400,50.086626,14.410149,90,150,1,1,1,1,4,Praha,"svatí Cyril a Metoděj, Karlův most, Malá Strana, obvod Praha 1, Praha, 116 93, Česko",nominatim/nominatim_free,verificado
europa_del_sur.csv,346,Florencia,Duomo + Brunelleschi Pass,Duomo Brunelleschi Pass,Sitio,43.773328,11.257986,43.773080,11.256951,88,300,1,0,1,1,3,Firenze,"Mandragora, 9, Piazza del Duomo, Quartiere 1, Firenze, Toscana, 50122, Italia",photon/bajo_umbral,verificado
europa_central.csv,118,Praga,Karlín,Karlín,Barrio,50.095573,14.458295,50.096170,14.459067,86,1500,1,1,1,1,4,Praha,"Karlín, Praha 8, obvod Praha 8, Praha, 186 72, Česko",nominatim/nominatim_free,verificado
europa_central.csv,133,Cracovia,Apoteka Pod Orlem (Farmacia del Águila),Apoteka Pod Orlem,Sitio,50.045500,19.954500,50.046236,19.954148,86,300,1,0,1,1,3,Kraków,"31, Józefińska, Stare Podgórze, Podgórze, Kraków, województwo małopolskie, 30-530, Polska",photon/bajo_umbral,verificado
europa_central.csv,159,Budapest,Kazinczy utca (no confundir con Kazimierz),Kazinczy utca,Puente,47.497500,19.062500,47.498261,19.062561,85,150,1,0,1,1,3,Budapest,"Gettó Gulyás, 18, Wesselényi utca, Erzsébetváros, VII. kerület, Budapest, Közép-Magyarorsz",photon/photon,verificado
europa_central.csv,98,Viena,Donauturm,Donauturm,Puente,48.240070,16.408950,48.240244,16.410052,84,150,1,1,1,1,4,Wien,"Donauturmplatz, Katastralgemeinde Kaisermühlen, Donaustadt, Wien, 1220, Österreich",nominatim/nominatim_free,verificado
europa_del_sur.csv,36,Lisboa,Óbidos,Óbidos,Day trip,38.704370,-9.162792,38.704322,-9.163747,83,3000,1,0,1,1,3,Lisboa,"Rua Presidente Arriaga, Santos-o-Velho, Prazeres, Estrela, Lisboa, 1200-773, Portugal",nominatim/nominatim_bounded,verificado
europa_occidental.csv,319,París,Jardines de Luxemburgo,Jardin du Luxembourg,Parque,48.846200,2.337200,48.846723,2.336415,82,600,1,0,1,1,3,Paris,"Diane à la biche, Rue Auguste Comte, Quartier de l'Odéon, Paris 6e Arrondissement, Paris, ",nominatim/nominatim_free,verificado
europa_del_sur.csv,2,Lisboa,Mosteiro dos Jerónimos,Mosteiro dos Jerónimos,Monumento,38.698008,-9.205744,38.697758,-9.206624,81,200,1,1,1,1,4,Lisboa,"Mosteiro dos Jerónimos, Praça do Império, São Francisco Xavier, Belém, Lisboa, 1400-206, P",nominatim/nominatim_bounded,verificado
europa_occidental.csv,62,Londres,Islington / Angel,Angel,Barrio,51.532487,-0.106036,51.533195,-0.106114,79,1500,1,1,1,1,4,Greater London,"Angel, Islington High Street, Angel, Islington, London Borough of Islington, Greater Londo",nominatim/nominatim_free,verificado
europa_central.csv,172,Lucerna,Altstadt de Lucerna,Altstadt,Casco histórico,47.052000,8.307000,47.052678,8.306856,76,1500,1,1,-1,1,2,Luzern,"8, Rathausquai, Altstadt, Luzern, 6004, Schweiz/Suisse/Svizzera/Svizra",nominatim/nominatim_bounded,verificado
europa_del_sur.csv,59,Porto,Jardim do Morro,Jardim do Morro,Parque,41.137615,-8.608707,41.137144,-8.609348,75,600,1,1,1,1,4,Vila Nova de Gaia,"Jardim do Morro, Avenida da República, Devesas, Santa Marinha, Vila Nova de Gaia, Porto, 4",nominatim/nominatim_free,verificado
europa_katia.csv,96,París,Les Halles,Les Halles,Barrio,48.862700,2.346214,48.862373,2.345313,75,1500,1,1,1,1,4,Paris,"Les Halles, Allée Saint-John Perse, Quartier Les Halles, Paris 1er Arrondissement, Paris, ",photon/photon,verificado
europa_central.csv,198,Budapest,Mercado Central (Nagy Vásárcsarnok),Central Market Hall,Mercado,47.486900,19.058700,47.487545,19.058929,74,300,1,0,1,1,3,Budapest,"Kofa, 1-3, Vámház körút, Belső-Ferencváros, IX. kerület, Budapest, Közép-Magyarország, 109",photon/bajo_umbral,verificado
europa_del_sur.csv,5,Lisboa,Castelo de São Jorge,Castelo de São Jorge,Monumento,38.714263,-9.132760,38.713926,-9.133483,73,200,1,0,1,1,3,Lisboa,"Cerca Fernandina, Largo de Santa Cruz do Castelo, Castelo, Santa Maria Maior, Madalena, Li",nominatim/nominatim_bounded,verificado
europa_del_sur.csv,103,Roma,Giardino degli Aranci (Terraza del Aventino),Giardino degli Aranci,Sitio,41.885426,12.479908,41.884926,12.480451,71,300,1,0,1,1,3,Roma,"Belvedere Luigi Magni, Ripa, Municipio Roma I, Roma, Roma Capitale, Lazio, 00153, Italia",nominatim/nominatim_bounded,verificado
europa_del_sur.csv,124,Nápoles,Castel dell'Ovo,Castel dell'Ovo,Sitio,40.828315,14.247656,40.827742,14.248029,71,300,1,1,1,1,4,Napoli,"Pontile di Castel dell'Ovo, Pizzofalcone, San Ferdinando, Municipalità 1, Napoli, Campania",nominatim/nominatim_bounded,verificado
europa_occidental.csv,105,Edimburgo,Princes Street Gardens,Princes Street Gardens,Parque,55.950250,-3.199495,55.949668,-3.199080,70,600,1,1,1,1,4,City of Edinburgh,"Princes Street Gardens, Middle Footbridge, Abbeyhill, Old Town, City of Edinburgh, Alba / ",photon/photon,verificado
europa_katia.csv,231,Budapest,Gozsdu Udvar,Gozsdu udvar,Sitio histórico,47.497823,19.060613,47.498226,19.059890,70,200,1,0,1,1,3,Budapest,"Fish bar, 16, Dob utca, Erzsébetváros, VII. kerület, Budapest, Közép-Magyarország, 1072, M",photon/bajo_umbral,verificado
europa_occidental.csv,203,Colmar,Quai de la Poissonnerie,Quai de la Poissonnerie,Casco histórico,48.074404,7.360127,48.074094,7.359329,69,1500,1,1,1,1,4,Colmar,"16, Quai de la Poissonnerie, Colmar, Colmar-Ribeauvillé, Haut-Rhin, Collectivité européenn",nominatim/nominatim_bounded,verificado
europa_occidental.csv,245,París,Louvre,Louvre,Museo,48.860600,2.337600,48.861147,2.338028,68,150,1,1,1,1,4,Paris,"Place du Musée du Louvre, Saint-Germain-l'Auxerrois, Paris 1er Arrondissement, Paris, Île-",nominatim/nominatim_free,verificado
europa_central.csv,180,Innsbruck,Wiltener Basilika,Wiltener Basilika,Sitio,47.253500,11.398500,47.254088,11.398315,67,300,1,0,1,1,3,Innsbruck,"1, Pastorstraße, Wilten, Innsbruck, Tirol, 6020, Österreich",photon/bajo_umbral,verificado
europa_central.csv,70,Innsbruck,Tirol Panorama + Kaiserjäger Museum,Tirol Panorama,Museo,47.250872,11.400937,47.250476,11.401576,65,150,1,0,1,1,3,Innsbruck,"Bergisel, Wilten, Innsbruck, Tirol, 6020, Österreich",nominatim/nominatim_free,verificado
europa_occidental.csv,18,Londres,Tower of London,Tower of London,Sitio histórico,51.508543,-0.076902,51.508217,-0.076188,61,200,1,0,1,1,3,Greater London,"Chapel of Saint Peter ad Vincula, Tower Hill, East Smithfield, Tower Hill, Whitechapel, Lo",nominatim/nominatim_bounded,verificado
europa_occidental.csv,111,Edimburgo,Victoria Street,Victoria Street,Harry Potter,55.948679,-3.192792,55.948650,-3.193769,61,300,1,1,1,1,4,City of Edinburgh,"2, Victoria Street, Abbeyhill, Old Town, City of Edinburgh, Alba / Scotland, EH1 2EX, Unit",nominatim/nominatim_bounded,verificado
europa_central.csv,156,Budapest,Memento Park (Szoborpark),Memento Park,Parque,47.426400,18.999700,47.426226,18.998962,59,600,1,0,1,1,3,Budapest,"Szabadkai utca, Erdődűlő, Baross Gábor-telep, XXII. kerület, Budapest, Közép-Magyarország,",nominatim/nominatim_free,verificado
europa_central.csv,187,Cracovia,Barrio Judío (Kazimierz),Kazimierz,Barrio,50.051500,19.945500,50.051855,19.944947,56,1500,1,1,1,1,4,Kraków,"Komisariat, 16, Estery, Kazimierz, Stare Miasto, Kraków, województwo małopolskie, 31-056, ",photon/photon,verificado
europa_central.csv,77,Viena,Graben & Kohlmarkt,Graben,Sitio histórico,48.208500,16.369500,48.208366,16.370204,54,200,1,0,1,1,3,Wien,"Starbucks, 2, Bräunerstraße, Widmerviertel, Katastralgemeinde Innere Stadt, Innere Stadt, ",nominatim/nominatim_bounded,verificado
europa_occidental.csv,225,Estrasburgo,Place Kléber,Place Kléber,Plaza,48.583276,7.746674,48.583311,7.745962,53,250,1,1,1,1,4,Strasbourg,"31, Place Kléber, La Petite France, Centre, Strasbourg, Bas-Rhin, Collectivité européenne ",nominatim/nominatim_free,verificado
europa_occidental.csv,129,Highlands,Devil's Staircase,Devil's Staircase,Trekking,56.673443,-4.912884,56.673899,-4.912936,51,3000,1,1,1,1,4,Highland,"Devil's Staircase, Highland, Alba / Scotland, United Kingdom",photon/bajo_umbral,verificado
europa_occidental.csv,308,Ámsterdam,OBA Biblioteca Central,OBA Oosterdok,Mirador,52.375800,4.908300,52.376246,4.908198,50,150,1,0,1,1,3,Amsterdam,"150, Oosterdoksstraat, Oosterdokseiland, Nieuwmarkt/Lastage, Centrum, Amsterdam, Noord-Hol",nominatim/nominatim_bounded,verificado
europa_occidental.csv,86,Edimburgo,Calton Hill,Calton Hill,Mirador,55.955254,-3.182798,55.955557,-3.182256,48,150,1,1,1,1,4,City of Edinburgh,"Calton Hill Drive, Greenside, Broughton, New Town/Broughton, City of Edinburgh, Alba / Sco",nominatim/nominatim_free,verificado
europa_occidental.csv,270,Londres,Horizon 22,Horizon 22,Mirador,51.514500,-0.082500,51.514367,-0.083149,47,150,1,0,1,1,3,City of London,"22 Bishopsgate Tower, 22-24, Bishopsgate, Leadenhall Market, Bishopsgate, City of London, ",nominatim/nominatim_free,verificado
europa_occidental.csv,29,Londres,Sky Garden,Sky Garden,Mirador,51.511500,-0.083500,51.511096,-0.083602,45,150,1,0,1,1,3,City of London,"Untitled x3, 20, Fenchurch Street, Leadenhall Market, Monument, City of London, Greater Lo",nominatim/nominatim_free,verificado
europa_del_sur.csv,37,Porto,Estação de São Bento,Estação de São Bento,Monumento,41.145510,-8.611012,41.145480,-8.610522,41,200,1,1,1,1,4,Porto,"Estação de São Bento, Praça de Almeida Garrett, Lóios, Conjunto Urbano da Ribeira, Centro ",nominatim/nominatim_bounded,verificado
europa_central.csv,85,Viena,Café Sacher,Café Sacher,Café,48.203837,16.370172,48.203939,16.369660,40,120,1,0,1,1,3,Wien,"Sacher Eck, Kärntner Straße, Kärntner Viertel, Katastralgemeinde Innere Stadt, Innere Stad",nominatim/nominatim_bounded,verificado
europa_occidental.csv,194,Ámsterdam,Rembrandtplein,Rembrandtplein,Plaza,52.366311,4.896839,52.365988,4.896611,39,250,1,0,1,1,3,Amsterdam,"Grachtengordel, Centrum, Amsterdam, Noord-Holland, Nederland, 1017 CT, Nederland",nominatim/nominatim_free,verificado
europa_central.csv,56,Lucerna,Kapellbrücke,Kapellbrücke,Sitio histórico,47.051543,8.307429,47.051833,8.307713,39,200,1,1,1,1,4,Luzern,"Wasserturm Souvenirshop GmbH, Kapellbrücke, Bramberg, Altstadt, Luzern, 6002, Schweiz/Suis",nominatim/nominatim_bounded,verificado
europa_central.csv,80,Viena,Hofburg exterior + Heldenplatz,Heldenplatz,Plaza,48.206000,16.363500,48.206092,16.364009,39,250,1,1,-1,1,2,Wien,"Heldenplatz, Regierungsviertel, Katastralgemeinde Innere Stadt, Innere Stadt, Wien, 1010, ",nominatim/nominatim_free,verificado
europa_central.csv,64,Innsbruck,Hofburg Innsbruck,Hofburg Innsbruck,Sitio histórico,47.268864,11.394899,47.269181,11.394709,38,200,1,0,1,1,3,Innsbruck,"Hofburg, 1, Rennweg, Innenstadt, Innsbruck, Tirol, 6020, Österreich",nominatim/nominatim_bounded,verificado
europa_central.csv,178,Innsbruck,Hofkirche (Iglesia de la Corte),Hofkirche,Iglesia,47.268500,11.395500,47.268206,11.395262,37,150,1,0,1,1,3,Innsbruck,"2, Universitätsstraße, Innenstadt, Innsbruck, Tirol, 6020, Österreich",nominatim/nominatim_free,verificado
europa_del_sur.csv,42,Porto,Sé do Porto,Sé do Porto,Iglesia,41.142894,-8.611624,41.142799,-8.611206,37,150,1,0,1,1,3,Porto,"Terreiro da Sé, Sé, Conjunto Urbano da Ribeira, Centro Histórico do Porto, Cedofeita, Sant",nominatim/nominatim_free,verificado
europa_occidental.csv,45,Londres,Columbia Road Flower Market,Columbia Road Flower Market,Mercado,51.529500,-0.069500,51.529218,-0.069620,32,300,1,0,1,1,3,Greater London,"Play Vinyl, 14, Ezra Street, Whitechapel, London Borough of Tower Hamlets, Greater London,",nominatim/nominatim_free,verificado
europa_central.csv,79,Viena,Secession,Secession,Sitio histórico,48.200499,16.366200,48.200497,16.365768,32,200,1,1,1,1,4,Wien,"Secession, Friedrichstraße, Katastralgemeinde Innere Stadt, Innere Stadt, Wien, 1010, Öste",nominatim/nominatim_bounded,verificado
europa_occidental.csv,312,Estrasburgo,MAMCS - Arte Moderno,Musée d'Art Moderne et Contemporain,Museo,48.579500,7.736500,48.579480,7.736100,30,150,1,0,1,1,3,Strasbourg,"Art Café, 1, Place Hans-Jean Arp, Tribunal-Gare-Porte de Schirmeck, Strasbourg, Bas-Rhin, ",nominatim/nominatim_free,verificado
europa_del_sur.csv,49,Porto,Ribeira,Ribeira,Barrio,41.140700,-8.612595,41.140754,-8.612931,29,1500,1,1,1,1,4,Porto,"Viela do Buraco, Barredo, Ribeira, Centro Histórico do Porto, Cedofeita, Santo Ildefonso, ",nominatim/nominatim_free,verificado
europa_katia.csv,104,París,Passerelle Debilly,Passerelle Debilly,Puente,48.862561,2.296930,48.862795,2.296744,29,150,1,1,1,1,4,Paris,"Passerelle Debilly, Quartier du Gros-Caillou, Paris 7e Arrondissement, Paris, Île-de-Franc",photon/photon,verificado
europa_katia.csv,241,Estrasburgo,Saint-Pierre-le-Jeune,Église Saint-Pierre-le-Jeune,Iglesia,48.585438,7.746794,48.585530,7.746429,29,150,1,1,1,1,4,Strasbourg,"Église Saint-Pierre-le-Jeune, Place Saint-Pierre-le-Jeune, La Petite France, Centre, Stras",photon/photon,verificado
europa_occidental.csv,277,Edimburgo,Real Mary King's Close,Real Mary King's Close,Sitio histórico,55.950200,-3.190300,55.949961,-3.190446,28,200,1,0,1,1,3,City of Edinburgh,"Royal Mail, City Chambers Quadrangle, Abbeyhill, Old Town, City of Edinburgh, Alba / Scotl",photon/bajo_umbral,verificado
europa_occidental.csv,304,Ámsterdam,NEMO Science Museum,NEMO Science Museum,Museo,52.374200,4.912300,52.373947,4.912320,28,150,1,0,1,1,3,Amsterdam,"IJ-tunnel, Rapenburg, Nieuwmarkt/Lastage, Centrum, Amsterdam, Noord-Holland, Nederland, 10",photon/bajo_umbral,verificado
europa_del_sur.csv,217,Catania,Castello Ursino,Castello Ursino,Museo,37.498969,15.084386,37.499158,15.084603,28,150,1,1,1,1,4,Catania,"Museo Civico Castello Ursino, Piazza Federico di Svevia, Giudecca, Centro storico, Catania",photon/photon,verificado
europa_occidental.csv,227,Estrasburgo,Palais Rohan (3 museos),Palais Rohan,Museo,48.580967,7.752282,48.581007,7.752646,27,150,1,0,1,1,3,Strasbourg,"2, Place du Château, Centre, Strasbourg, Bas-Rhin, Collectivité européenne d'Alsace, Grand",nominatim/nominatim_free,verificado
europa_katia.csv,131,Ámsterdam,Beurspassage,Beurspassage,Sitio histórico,52.374750,4.894481,52.374630,4.894831,27,200,1,1,1,1,4,Amsterdam,"12, Beurspassage, Centrum, Amsterdam, Noord-Holland, Nederland, 1012 LW, Nederland",photon/bajo_umbral,verificado
europa_occidental.csv,135,Highlands,Eilean Donan Castle,Eilean Donan Castle,Castillo,57.274096,-5.515916,57.273868,-5.516033,26,250,1,1,1,1,4,Dornie,"Eilean Donan Castle, A87, Lagg, Dornie, Highland, Alba / Scotland, IV40 8EZ, United Kingdo",nominatim/nominatim_free,verificado
europa_central.csv,173,Lucerna,Lion Monument,Löwendenkmal,Sitio histórico,47.058300,8.310600,47.058444,8.310868,26,200,1,0,1,1,3,Luzern,"Denkmalstrasse, Hochwacht, Altstadt, Luzern, 6004, Schweiz/Suisse/Svizzera/Svizra",nominatim/nominatim_bounded,verificado
europa_central.csv,176,Innsbruck,Catedral de Santiago (Dom zu St. Jakob),Dom zu St. Jakob,Iglesia,47.269500,11.394500,47.269364,11.394213,26,150,1,0,1,1,3,Innsbruck,"7a, Domplatz, Altstadt, Innenstadt, Innsbruck, Tirol, 6020, Österreich",nominatim/nominatim_free,verificado
europa_del_sur.csv,44,Porto,Alfândega do Porto,Alfândega do Porto,Monumento,41.144179,-8.622269,41.144021,-8.622047,26,200,1,0,1,1,3,Porto,"Alfândega, Escadas das Sereias, Bandeirinha, Conjunto Urbano da Ribeira, Zona Histórica do",nominatim/nominatim_bounded,verificado
europa_occidental.csv,93,Edimburgo,National Museum of Scotland,National Museum of Scotland,Museo,55.947288,-3.189240,55.947071,-3.189335,25,150,1,0,1,1,3,City of Edinburgh,"Balcony Cafe, 44, Chambers Street, Abbeyhill, Old Town, City of Edinburgh, Alba / Scotland",nominatim/nominatim_free,verificado
europa_central.csv,126,Cracovia,Plaza del Mercado (Rynek Główny),Rynek Główny,Mercado,50.061700,19.937300,50.061517,19.937107,25,300,1,1,1,1,4,Kraków,"9, 3, Rynek Główny, Stare Miasto, Kraków, województwo małopolskie, 31-042, Polska",nominatim/nominatim_free,verificado
europa_del_sur.csv,145,Lecce,Chiesa di Sant'Irene,Chiesa di Sant'Irene,Iglesia,40.352827,18.170341,40.352912,18.170069,25,150,1,1,1,1,4,Lecce,"Chiesa di Sant'Irene, Via Vittorio Emanuele Secondo, Lecce, Puglia, 73100, Italia",photon/photon,verificado
europa_occidental.csv,188,Ámsterdam,Proeflokaal Wynand Fockink,Wynand Fockink,Bar,52.372500,4.895500,52.372320,4.895300,24,120,1,0,1,1,3,Amsterdam,"Servetsteeg, Burgwallen-Oude Zijde, Centrum, Amsterdam, Noord-Holland, Nederland, 1012 GJ,",nominatim/nominatim_bounded,verificado
europa_katia.csv,179,Viena,Vorgartenmarkt,Vorgartenmarkt,Mercado,48.221710,16.402029,48.221725,16.402349,24,300,1,0,1,1,3,Wien,"Ennsgasse, Stuwerviertel, Leopoldstadt, Katastralgemeinde Leopoldstadt, Leopoldstadt, Wien",photon/photon,verificado
europa_central.csv,181,Innsbruck,Tiroler Volkskunstmuseum,Tiroler Volkskunstmuseum,Museo,47.268500,11.395800,47.268298,11.395851,23,150,1,0,1,1,3,Innsbruck,"2, Universitätsstraße, Innenstadt, Innsbruck, Tirol, 6020, Österreich",photon/photon,verificado
europa_occidental.csv,148,Highlands,Victorian Market,Victorian Market,Mercado,57.478999,-4.225864,57.479058,-4.225507,22,300,1,0,1,1,3,Inverness,"Highland Pulled Meats, Queensgate, Haugh, Crown and City Centre, Inverness, Highland, Alba",nominatim/nominatim_free,verificado
europa_occidental.csv,274,York,Shambles Market,Shambles Market,Mercado,53.959500,-1.080500,53.959308,-1.080608,22,300,1,0,1,1,3,York,"Newgate Market, Bishophill, York, York and North Yorkshire, England, YO1 7LY, United Kingd",photon/bajo_umbral,verificado
europa_central.csv,189,Cracovia,Sinagoga Remuh y Cementerio Remuh,Remuh Synagogue,Iglesia,50.052500,19.947500,50.052649,19.947294,22,150,1,0,1,1,3,Kraków,"Synagoga Remuh, Lewkowa, Kazimierz, Stare Miasto, Kraków, województwo małopolskie, 31-053,",photon/photon,verificado
europa_occidental.csv,90,Edimburgo,Grassmarket,Grassmarket,Plaza,55.947380,-3.195953,55.947481,-3.196246,21,250,1,1,1,1,4,City of Edinburgh,"41, Grassmarket, Abbeyhill, Old Town, City of Edinburgh, Alba / Scotland, EH1 2LJ, United ",nominatim/nominatim_free,verificado
europa_occidental.csv,164,Highlands,Falkirk Wheel,Falkirk Wheel,Sitio,56.000500,-3.841500,56.000356,-3.841725,21,300,1,1,1,1,4,Falkirk,"Falkirk Wheel Visitor Centre, Forth and Clyde Canal Towpath, Tamfourhill, Falkirk, Alba / ",nominatim/nominatim_bounded,verificado
europa_occidental.csv,26,Londres,Piccadilly Circus,Piccadilly Circus,Plaza,51.510100,-0.134200,51.510138,-0.133936,19,250,1,1,1,1,4,City of Westminster,"Granaio, 224, Piccadilly Circus, St. James's, East Marylebone, Covent Garden, City of West",nominatim/nominatim_free,verificado
europa_central.csv,7,Friburgo,Rathausplatz,Rathausplatz,Plaza,47.996217,7.849349,47.996161,7.849594,19,250,1,1,1,1,4,Freiburg im Breisgau,"Touristeninformation Freiburg, 2, Rathausplatz, Altstadt-Mitte, Altstadt, Freiburg im Brei",photon/photon,verificado
europa_occidental.csv,42,Londres,Borough Market,Borough Market,Mercado,51.505526,-0.090438,51.505581,-0.090198,18,300,1,1,1,1,4,Greater London,"Hobb's Barber Shop, Bedale Street, Borough Market, Bermondsey Village, The Borough, London",nominatim/nominatim_free,verificado
europa_occidental.csv,98,Edimburgo,Museum of Childhood,Museum of Childhood,Museo,55.950491,-3.185489,55.950330,-3.185507,18,150,1,1,1,1,4,City of Edinburgh,"Museum of Childhood, High Street, Canongate, Old Town, City of Edinburgh, Alba / Scotland,",nominatim/nominatim_free,verificado
europa_central.csv,131,Cracovia,Plac Nowy,Plac Nowy,Sitio,50.051892,19.944674,50.051737,19.944619,18,300,1,1,1,1,4,Kraków,"Zakąski u Ani, 9, Plac Nowy, Kazimierz, Stare Miasto, Kraków, województwo małopolskie, 31-",nominatim/nominatim_bounded,verificado
europa_katia.csv,54,Berna,Marktgasse,Marktgasse,Calle,46.947989,7.445398,46.948081,7.445219,17,2000,1,1,1,1,4,Bern,"37, Marktgasse, Gelbes Quartier, Stadtteil I, Bern, Verwaltungskreis Bern-Mittelland, Verw",photon/bajo_umbral,verificado
europa_occidental.csv,30,Londres,The Shard,The Shard,Mirador,51.504365,-0.086474,51.504510,-0.086437,16,150,1,1,1,1,4,Greater London,"View from the Shard, 32, London Bridge Street, London Bridge Quarter, Bermondsey Village, ",nominatim/nominatim_free,verificado
europa_occidental.csv,49,Londres,Leadenhall Market,Leadenhall Market,Mercado,51.512800,-0.083600,51.512728,-0.083395,16,300,1,1,1,1,4,City of London,"8 & 9, Leadenhall Market, Monument, City of London, Greater London, England, EC3V 1LR, Uni",nominatim/nominatim_free,verificado
europa_occidental.csv,236,París,Torre Eiffel,Tour Eiffel,Sitio histórico,48.858400,2.294500,48.858260,2.294501,16,200,1,0,1,1,3,Paris,"Avenue Gustave Eiffel, Quartier du Gros-Caillou, Paris 7e Arrondissement, Paris, Île-de-Fr",nominatim/nominatim_bounded,verificado
europa_central.csv,8,Friburgo,Colombischlössle,Colombischlössle,Museo,47.997746,7.845955,47.997731,7.846163,16,150,1,1,1,1,4,Freiburg im Breisgau,"Colombischlössle, Altstadt-Ring, Altstadt, Freiburg im Breisgau, Baden-Württemberg, 79098,",nominatim/nominatim_free,verificado
europa_occidental.csv,74,York,Clifford's Tower,Clifford's Tower,Sitio histórico,53.955865,-1.079952,53.955829,-1.080180,15,200,1,1,1,1,4,York,"Clifford’s Tower, Tower Street, Clementhorpe, Bishophill, York, York and North Yorkshire, ",nominatim/nominatim_bounded,verificado
europa_occidental.csv,92,Edimburgo,Canongate Tolbooth,Canongate Tolbooth,Museo,55.951478,-3.179947,55.951501,-3.180176,14,150,1,0,1,1,3,City of Edinburgh,"Burgh of Canongate War Memorial, 163, Canongate, Holyrood, Canongate, Old Town, City of Ed",photon/bajo_umbral,verificado
europa_occidental.csv,75,York,Merchant Adventurers' Hall,Merchant Adventurers' Hall,Sitio histórico,53.957996,-1.078923,53.957900,-1.078820,13,200,1,0,1,1,3,York,"Merchants’ Coffee House, Fossgate, Fishergate, York, York and North Yorkshire, England, YO",nominatim/nominatim_bounded,verificado
europa_occidental.csv,176,Ámsterdam,Magere Brug,Magere Brug,Sitio,52.363700,4.902400,52.363584,4.902375,13,300,1,1,1,1,4,Amsterdam,"Magere Brug, Amstel, Grachtengordel, Centrum, Amsterdam, Noord-Holland, Nederland, 1017 AL",nominatim/nominatim_bounded,verificado
europa_occidental.csv,238,París,Notre-Dame,Notre-Dame,Sitio histórico,48.853000,2.349900,48.852937,2.350050,13,200,1,1,-1,1,2,Paris,"Tours de Notre-Dame, 6, Parvis Notre-Dame - Place Jean-Paul II, Quartier Les Îles, Paris 4",nominatim/nominatim_free,verificado
europa_occidental.csv,240,París,Sacré-Cœur,Basilique du Sacré-Cœur,Sitio histórico,48.886700,2.343100,48.886806,2.343015,13,200,1,0,1,1,3,Paris,"Parvis du Sacré-Cœur, Quartier de Clignancourt, Paris 18e Arrondissement, Paris, Île-de-Fr",nominatim/nominatim_bounded,verificado
europa_occidental.csv,297,Highlands,Urquhart Castle,Urquhart Castle,Castillo,57.324200,-4.441900,57.324109,-4.441989,11,250,1,1,1,1,4,Lewiston,"Urquhart Castle Drive, Strone, Lewiston, Highland, Alba / Scotland, IV63 6XL, United Kingd",nominatim/nominatim_free,verificado
europa_central.csv,111,Praga,Plaza de la Ciudad Vieja (Staroměstské náměstí),Staroměstské náměstí,Plaza,50.087500,14.421100,50.087445,14.420971,11,250,1,1,1,1,4,Praha,"Staroměstské náměstí, Josefov, obvod Praha 1, Praha, 110 00, Česko",nominatim/nominatim_free,verificado
europa_central.csv,194,Cracovia,"Galería de Arte Polaco del s. XIX (Sukiennice, planta alta)",Sukiennice,Museo,50.061700,19.937500,50.061701,19.937351,11,150,1,0,1,1,3,Kraków,"Galeria Sztuki Polskiej XIX wieku, 3, Rynek Główny, Stare Miasto, Kraków, województwo mało",nominatim/nominatim_free,verificado
europa_occidental.csv,246,París,Catacumbas de París,Catacombes de Paris,Museo,48.833800,2.332400,48.833744,2.332292,10,150,1,0,1,1,3,Paris,"Avenue du Colonel Henri Rol Tanguy, Quartier du Petit-Montrouge, Paris 14e Arrondissement,",nominatim/nominatim_free,verificado
europa_central.csv,193,Cracovia,Barrio Universitario (Collegium Maius),Collegium Maius,Barrio,50.061500,19.933500,50.061563,19.933409,10,1500,1,0,1,1,3,Kraków,"Gołębia, Stare Miasto, Kraków, województwo małopolskie, 31-007, Polska",nominatim/nominatim_bounded,verificado
europa_central.csv,201,Budapest,Puente de las Cadenas (Széchenyi Lánchíd),Széchenyi Chain Bridge,Puente,47.498900,19.043700,47.498979,19.043649,10,150,1,0,1,1,3,Budapest,"Széchenyi lánchíd, 24498;14397;14398;14400, Széchenyi lánchíd, Lipótváros, V. kerület, Bud",nominatim/nominatim_free,verificado
europa_del_sur.csv,307,Barcelona,MNAC (Museu Nacional d'Art de Catalunya),Zona bus MNAC,Museo,41.368108,2.151918,41.368070,2.151807,10,150,1,1,1,1,4,Barcelona,"Zona bus MNAC, Avinguda dels Montanyans, Montjuïc, el Poble-sec, Sants-Montjuïc, Barcelona",nominatim/nominatim_bounded,verificado
europa_katia.csv,43,Karst y Cuevas,Veliki naravni most,Veliki naravni most,Naturaleza,45.795392,14.288260,45.795426,14.288142,10,2000,1,1,1,1,4,Cerknica,"Veliki naravni most, 914, Cerknica, 1381, Slovenija",nominatim/nominatim_bounded,verificado
europa_central.csv,149,Budapest,Szimpla Kert,Szimpla Kert,Ruin bar,47.497000,19.063300,47.496930,19.063313,8,120,1,1,-1,1,2,Budapest,"Szimpla Kert, 14, Kazinczy utca, Erzsébetváros, VII. kerület, Budapest, Közép-Magyarország",nominatim/nominatim_bounded,verificado
europa_occidental.csv,16,Londres,Southwark Cathedral,Southwark Cathedral,Iglesia,51.506158,-0.089682,51.506129,-0.089625,5,150,1,1,1,1,4,Greater London,"Southwark Cathedral, Cathedral Street, Borough Market, Bankside, The Borough, London Borou",nominatim/nominatim_free,verificado
europa_del_sur.csv,38,Porto,Livraria Lello,Livraria Lello,Monumento,41.146817,-8.614911,41.146832,-8.614849,5,200,1,1,1,1,4,Porto,"Edifício da Livraria Lello e Irmão (97), Rua das Carmelitas, Baixa do Porto, Conjunto Urba",nominatim/nominatim_bounded,verificado
europa_del_sur.csv,47,Porto,Graham's 1890 Lodge,Graham's Port Lodge,Bodega,41.137472,-8.624142,41.137428,-8.624126,5,300,1,0,1,1,3,Vila Nova de Gaia,"Vinum, 141, Rua do Agro, Lugar do Castelo, Santa Marinha, Afurada, Vila Nova de Gaia, Port",nominatim/nominatim_bounded,verificado
europa_occidental.csv,239,París,Arco del Triunfo,Arc de Triomphe,Sitio histórico,48.873800,2.295000,48.873779,2.295037,4,200,1,1,-1,1,2,Paris,"Toit de l'Arc de Triomphe, Place Charles de Gaulle, Quartier du Faubourg-du-Roule, Paris 8",nominatim/fuentes discrepan 3.1 km,verificado
europa_central.csv,60,Innsbruck,Goldenes Dachl (Tejadillo de Oro),Goldenes Dachl,Sitio histórico,47.268600,11.393300,47.268568,11.393275,4,200,1,1,1,1,4,Innsbruck,"Museum Goldenes Dachl, 15, Herzog-Friedrich-Straße, Altstadt, Innenstadt, Innsbruck, Tirol",nominatim/nominatim_bounded,verificado
europa_occidental.csv,20,Londres,Big Ben y Palacio de Westminster,Big Ben,Sitio histórico,51.500700,-0.124600,51.500704,-0.124572,2,200,1,1,1,1,4,City of Westminster,"Big Ben, Bridge Street, Westminster, Millbank, City of Westminster, Greater London, Englan",nominatim/nominatim_bounded,verificado
europa_katia.csv,74,Edimburgo,The Vennel,The Vennel,Mirador,55.946520,-3.197300,55.946505,-3.197319,2,150,1,0,1,1,3,City of Edinburgh,"1, Vennel, Abbeyhill, Old Town, City of Edinburgh, Alba / Scotland, EH1 2HU, United Kingdo",photon/fuentes discrepan 3.0 km,verificado
europa_occidental.csv,237,París,Sainte-Chapelle,Sainte-Chapelle,Sitio histórico,48.855400,2.345000,48.855393,2.344994,1,200,1,1,-1,1,2,Paris,"Sainte-Chapelle, 8, Boulevard du Palais, Saint-Germain-l'Auxerrois, Paris 1er Arrondisseme",nominatim/nominatim_free,verificado
europa_del_sur.csv,88,Roma,Basílica de San Pedro,Basilica di San Pietro in Vaticano,Sitio,41.902162,12.453713,41.902157,12.453710,1,300,1,0,1,1,3,,"Cupola di San Pietro, Piazza San Pietro, Civitas Vaticana - Città del Vaticano, 00120, Civ",photon/bajo_umbral,verificado
europa_occidental.csv,2,Londres,British Museum,British Museum,Museo,51.519312,-0.126705,51.519312,-0.126705,0,150,1,0,1,1,3,Greater London,"Great Court, St Giles, Bloomsbury, London Borough of Camden, Greater London, England, WC1B",nominatim/nominatim_free,verificado
europa_occidental.csv,3,Londres,Natural History Museum,Natural History Museum,Museo,51.496511,-0.176002,51.496511,-0.176002,0,150,1,0,1,1,3,Greater London,"T. Rex Restaurant, Cromwell Road, Brompton, Royal Borough of Kensington and Chelsea, Great",nominatim/nominatim_free,verificado
europa_occidental.csv,4,Londres,Victoria & Albert Museum,Victoria and Albert Museum,Museo,51.496884,-0.171637,51.496884,-0.171637,0,150,1,0,1,1,3,Greater London,"V&A Bookstore, Cromwell Gardens, Brompton, Royal Borough of Kensington and Chelsea, Greate",nominatim/nominatim_free,verificado
europa_occidental.csv,5,Londres,Tate Modern,Tate Modern,Museo,51.507429,-0.099342,51.507429,-0.099342,0,150,1,0,1,1,3,Greater London,"Members Bar, Bankside, Southwark, London Borough of Southwark, Greater London, England, SE",photon/photon,verificado
europa_occidental.csv,6,Londres,National Gallery,National Gallery,Museo,51.508881,-0.128383,51.508881,-0.128383,0,150,1,1,1,1,4,City of Westminster,"National Gallery Shop, Trafalgar Square, Westminster, Covent Garden, City of Westminster, ",nominatim/nominatim_free,verificado
europa_occidental.csv,7,Londres,National Portrait Gallery,National Portrait Gallery,Museo,51.509284,-0.128319,51.509284,-0.128319,0,150,1,0,1,1,3,City of Westminster,"NPG gift shop, Charing Cross Road, East Marylebone, Covent Garden, City of Westminster, Gr",nominatim/nominatim_free,verificado
europa_occidental.csv,8,Londres,Science Museum,Science Museum,Museo,51.497398,-0.174673,51.497398,-0.174673,0,150,1,0,1,1,3,Greater London,"Museum Lane, Brompton, Royal Borough of Kensington and Chelsea, Greater London, England, S",nominatim/nominatim_free,verificado
europa_occidental.csv,9,Londres,Imperial War Museum,Imperial War Museum,Museo,51.495931,-0.108599,51.495931,-0.108599,0,150,1,0,1,1,3,Greater London,"Museum Café, Lambeth Road, Elephant and Castle, London Borough of Southwark, Greater Londo",photon/photon,verificado
europa_occidental.csv,10,Londres,Churchill War Rooms,Churchill War Rooms,Museo,51.502210,-0.129252,51.502210,-0.129252,0,150,1,0,1,1,3,City of Westminster,"King Charles Street, Westminster, Millbank, City of Westminster, Greater London, England, ",nominatim/nominatim_free,verificado
europa_occidental.csv,11,Londres,Sir John Soane's Museum,Sir John Soane's Museum,Museo,51.517075,-0.117495,51.517075,-0.117495,0,150,1,1,1,1,4,Greater London,"Sir John Soane's Museum, 13, Lincoln's Inn Fields, Hatton Garden, Holborn, London Borough ",nominatim/nominatim_free,verificado
europa_occidental.csv,12,Londres,Museum of London Docklands,Museum of London Docklands,Museo,51.507634,-0.023869,51.507634,-0.023869,0,150,1,0,1,1,3,Greater London,"Museum Cafe, Hertsmere Road, Canary Wharf, London Borough of Tower Hamlets, Greater London",nominatim/nominatim_free,verificado
europa_occidental.csv,13,Londres,The Courtauld Gallery,Courtauld Gallery,Museo,51.511624,-0.117700,51.511624,-0.117700,0,150,1,1,1,1,4,City of Westminster,"The Courtauld Gallery, Strand, St Clement Danes, Covent Garden, City of Westminster, Great",photon/photon,verificado
europa_occidental.csv,14,Londres,Westminster Abbey,Westminster Abbey,Iglesia,51.499399,-0.127391,51.499399,-0.127391,0,150,1,1,1,1,4,City of Westminster,"Westminster Abbey, 20, Dean's Yard, Westminster, Millbank, City of Westminster, Greater Lo",nominatim/nominatim_free,verificado
europa_occidental.csv,15,Londres,St Paul's Cathedral,St Paul's Cathedral,Iglesia,51.513787,-0.098451,51.513787,-0.098451,0,150,1,0,1,1,3,City of London,"Horatio Nelson, St Paul's Churchyard, West Smithfield, St Paul's, City of London, Greater ",nominatim/nominatim_free,verificado
europa_occidental.csv,17,Londres,Temple Church,Temple Church,Iglesia,51.513257,-0.110224,51.513257,-0.110224,0,150,1,1,1,1,4,City of London,"Temple Church, Church Court, Inner and Middle Temples, City of London, Greater London, Eng",nominatim/nominatim_free,verificado
europa_occidental.csv,21,Londres,Buckingham Palace,Buckingham Palace,Sitio histórico,51.500835,-0.143005,51.500835,-0.143005,0,200,1,1,1,1,4,City of Westminster,"Buckingham Palace, Buckingham Gate, Victoria, City of Westminster, Greater London, England",nominatim/nominatim_free,verificado
europa_occidental.csv,22,Londres,Kensington Palace,Kensington Palace,Sitio histórico,51.505086,-0.187628,51.505086,-0.187628,0,200,1,1,1,1,4,Greater London,"Kensington Palace, Palace Avenue, South Kensington, Royal Borough of Kensington and Chelse",nominatim/nominatim_bounded,verificado
europa_occidental.csv,23,Londres,Cutty Sark,Cutty Sark,Sitio histórico,51.482933,-0.009614,51.482933,-0.009614,0,200,1,1,1,1,4,Greater London,"Cutty Sark, 43, King William Walk, Greenwich Town Centre, East Greenwich, Royal Borough of",nominatim/nominatim_bounded,verificado
europa_occidental.csv,24,Londres,Greenwich Observatory,Royal Observatory Greenwich,Sitio histórico,51.477362,-0.000846,51.477362,-0.000846,0,200,1,0,1,1,3,Greater London,"Blackheath Avenue, Greenwich Town Centre, East Greenwich, Royal Borough of Greenwich, Grea",nominatim/nominatim_bounded,verificado
europa_occidental.csv,27,Londres,Covent Garden,Covent Garden,Barrio,51.511736,-0.122677,51.511736,-0.122677,0,1500,1,1,1,1,4,City of Westminster,"Chez Antoinette, Covent Garden Piazza, St Clement Danes, Covent Garden, City of Westminste",nominatim/nominatim_free,verificado
europa_occidental.csv,28,Londres,Hampton Court Palace,Hampton Court Palace,Sitio histórico,51.403684,-0.337696,51.403684,-0.337696,0,200,1,0,1,1,3,Greater London,"Clock Court, Hampton Wick, London Borough of Richmond upon Thames, Greater London, England",nominatim/fuentes discrepan 19.1 km,verificado
europa_occidental.csv,31,Londres,London Eye,London Eye,Mirador,51.503342,-0.119677,51.503342,-0.119677,0,150,1,1,1,1,4,Greater London,"London Eye, Westminster Bridge Road, South Bank, Lambeth, London Borough of Lambeth, Great",nominatim/nominatim_free,verificado
europa_occidental.csv,32,Londres,Hyde Park,Hyde Park,Parque,51.507489,-0.162207,51.507489,-0.162207,0,600,1,0,1,1,3,City of Westminster,"Serpentine Road, Knightsbridge, City of Westminster, Greater London, England, W1H 7EJ, Uni",nominatim/nominatim_free,verificado
europa_occidental.csv,33,Londres,Kensington Gardens,Kensington Gardens,Parque,51.506646,-0.180389,51.506646,-0.180389,0,600,1,0,1,1,3,City of Westminster,"Lancaster Walk, Bayswater, City of Westminster, Greater London, England, W2 3XA, United Ki",nominatim/nominatim_free,verificado
europa_occidental.csv,34,Londres,Regent's Park,Regent's Park,Parque,51.530107,-0.153769,51.530107,-0.153769,0,600,1,0,1,1,3,City of Westminster,"Inner Circle, East Marylebone, Marylebone, City of Westminster, Greater London, England, N",nominatim/nominatim_free,verificado
europa_occidental.csv,35,Londres,St James's Park,St James's Park,Parque,51.503130,-0.133165,51.503130,-0.133165,0,600,1,0,1,1,3,City of Westminster,"The Mall, St. James's, Westminster, Victoria, City of Westminster, Greater London, England",nominatim/nominatim_free,verificado
europa_occidental.csv,36,Londres,Hampstead Heath,Hampstead Heath,Parque,51.564149,-0.167172,51.564149,-0.167172,0,600,1,0,1,1,3,Greater London,"Boundary Path, North End, Highgate, London Borough of Camden, Greater London, England, N6 ",nominatim/nominatim_free,verificado
europa_occidental.csv,38,Londres,Greenwich Park,Greenwich Park,Parque,51.477235,0.000923,51.477235,0.000923,0,600,1,0,1,1,3,Greater London,"Blackheath Avenue, Greenwich Town Centre, East Greenwich, Royal Borough of Greenwich, Grea",nominatim/nominatim_free,verificado
europa_occidental.csv,39,Londres,Richmond Park,Richmond Park,Parque,51.438512,-0.274735,51.438512,-0.274735,0,600,1,0,1,1,3,Greater London,"Petersham, London Borough of Richmond upon Thames, Greater London, England, United Kingdom",nominatim/nominatim_free,verificado
europa_occidental.csv,40,Londres,Victoria Park,Victoria Park,Parque,51.538956,-0.034064,51.538956,-0.034064,0,600,1,0,1,1,3,Greater London,"Pools Playground, Central Drive, Old Ford, Mile End, London Borough of Tower Hamlets, Grea",nominatim/nominatim_free,verificado
europa_occidental.csv,41,Londres,Victoria Embankment Gardens,Victoria Embankment Gardens,Parque,51.508643,-0.121418,51.508643,-0.121418,0,600,1,0,1,1,3,City of Westminster,"Savoy Place, St Clement Danes, Westminster, Covent Garden, City of Westminster, Greater Lo",nominatim/nominatim_free,verificado
europa_occidental.csv,43,Londres,Portobello Road Market,Portobello Road Market,Mercado,51.516086,-0.205117,51.516086,-0.205117,0,300,1,0,1,1,3,Greater London,"Zoot Vintage, 201, Portobello Road, Notting Hill, Royal Borough of Kensington and Chelsea,",nominatim/nominatim_free,verificado
europa_occidental.csv,46,Londres,Broadway Market,Broadway Market,Mercado,51.536808,-0.061658,51.536808,-0.061658,0,300,1,1,1,1,4,Greater London,"Calm Indian Cow, 67B, Broadway Market, Haggerston, London Borough of Hackney, Greater Lond",nominatim/nominatim_free,verificado
europa_occidental.csv,47,Londres,Camden Market,Camden Market,Mercado,51.542378,-0.147195,51.542378,-0.147195,0,300,1,1,1,1,4,Greater London,"Camden Market, 56-56, Camden Lock Place, Maitland Park, Chalk Farm, London Borough of Camd",nominatim/nominatim_free,verificado
europa_occidental.csv,51,Londres,Shakespeare's Globe,Shakespeare's Globe,Teatro,51.508121,-0.097186,51.508121,-0.097186,0,150,1,1,1,1,4,Greater London,"Shakespeare's Globe, 21, New Globe Walk, Borough Market, Bankside, Southwark, London Borou",nominatim/nominatim_free,verificado
europa_occidental.csv,52,Londres,Royal Albert Hall,Royal Albert Hall,Música,51.501007,-0.177406,51.501007,-0.177406,0,300,1,0,1,1,3,City of Westminster,"Verdi, 4, Kensington Gore, Knightsbridge, City of Westminster, Greater London, England, SW",nominatim/nominatim_bounded,verificado
europa_occidental.csv,54,Londres,South Bank,South Bank,Barrio,51.506532,-0.113420,51.506532,-0.113420,0,1500,1,1,1,1,4,Greater London,"Dorfman Theatre, Upper Ground, South Bank, Waterloo, London Borough of Lambeth, Greater Lo",nominatim/nominatim_free,verificado
europa_occidental.csv,55,Londres,Shoreditch / Brick Lane,Shoreditch,Barrio,51.526669,-0.079893,51.526669,-0.079893,0,1500,1,1,1,1,4,Greater London,"Curtain House, 134-146, Curtain Road, Shoreditch, London Borough of Hackney, Greater Londo",nominatim/nominatim_free,verificado
europa_occidental.csv,56,Londres,Notting Hill,Notting Hill,Barrio,51.510999,-0.205527,51.510999,-0.205527,0,1500,1,1,1,1,4,Greater London,"2, Lansdowne Crescent, Notting Hill, Royal Borough of Kensington and Chelsea, Greater Lond",nominatim/nominatim_free,verificado
europa_occidental.csv,57,Londres,Soho,Soho,Barrio,51.514065,-0.135049,51.514065,-0.135049,0,1500,1,1,1,1,4,City of Westminster,"Namaiki, 14, Broadwick Street, Soho, City of Westminster, Greater London, England, W1F 8HP",nominatim/nominatim_free,verificado
europa_occidental.csv,58,Londres,Kensington / Chelsea,Kensington,Barrio,51.498995,-0.199123,51.498995,-0.199123,0,1500,1,1,1,1,4,Greater London,"Kensington High Street, Kensington, Royal Borough of Kensington and Chelsea, Greater Londo",nominatim/nominatim_free,verificado
europa_occidental.csv,59,Londres,Marylebone,Marylebone,Barrio,51.519637,-0.151963,51.519637,-0.151963,0,1500,1,1,1,1,4,City of Westminster,"96, Marylebone High Street, East Marylebone, Marylebone, City of Westminster, Greater Lond",nominatim/nominatim_free,verificado
europa_occidental.csv,60,Londres,Greenwich,Greenwich,Barrio,51.482084,-0.004542,51.482084,-0.004542,0,1500,1,1,1,1,4,Greater London,"Romney Road, Greenwich Town Centre, East Greenwich, Royal Borough of Greenwich, Greater Lo",nominatim/nominatim_free,verificado
europa_occidental.csv,61,Londres,Camden,Camden Town,Barrio,51.539253,-0.142757,51.539253,-0.142757,0,1500,1,0,1,1,3,Greater London,"HSBC UK, 176, Camden High Street, Maitland Park, Chalk Farm, London Borough of Camden, Gre",nominatim/nominatim_free,verificado
europa_occidental.csv,63,Londres,Highgate Cemetery,Highgate Cemetery,Cementerio,51.567776,-0.148594,51.567776,-0.148594,0,400,1,0,1,1,3,Greater London,"Main Drive, Highgate, London Borough of Camden, Greater London, England, N6 6PL, United Ki",nominatim/nominatim_free,verificado
europa_occidental.csv,64,Londres,King's Cross Station,King's Cross Station,Harry Potter,51.530456,-0.123259,51.530456,-0.123259,0,300,1,0,1,1,3,Greater London,"King's Cross, London Borough of Camden, Greater London, England, N1C 4DE, United Kingdom",nominatim/nominatim_bounded,verificado
europa_occidental.csv,65,Londres,Cecil Court,Cecil Court,Harry Potter,51.510727,-0.127657,51.510727,-0.127657,0,300,1,1,1,1,4,City of Westminster,"Christopher St James, 14, Cecil Court, East Marylebone, Covent Garden, City of Westminster",nominatim/nominatim_bounded,verificado
europa_occidental.csv,66,York,York Minster,York Minster,Catedral,53.962356,-1.082083,53.962356,-1.082083,0,150,1,0,1,1,3,York,"Minster Yard, Bootham, Bishophill, York, York and North Yorkshire, England, YO1 7HH, Unite",nominatim/nominatim_free,verificado
europa_occidental.csv,67,York,National Railway Museum,National Railway Museum,Museo,53.960496,-1.096110,53.960496,-1.096110,0,150,1,0,1,1,3,York,"Coffee Station, Leeman Road, Clifton, York, York and North Yorkshire, England, YO26 4XJ, U",nominatim/nominatim_free,verificado
europa_occidental.csv,68,York,JORVIK Viking Centre,JORVIK Viking Centre,Museo,53.957393,-1.080294,53.957393,-1.080294,0,150,1,1,1,1,4,York,"Jorvik Viking Centre, Coppergate, Bishophill, York, York and North Yorkshire, England, YO1",nominatim/nominatim_free,verificado
europa_occidental.csv,69,York,York Castle Museum,York Castle Museum,Museo,53.955221,-1.078129,53.955221,-1.078129,0,150,1,0,1,1,3,York,"YO1 548, Tower Street, Clementhorpe, Fishergate, York, York and North Yorkshire, England, ",nominatim/nominatim_free,verificado
europa_occidental.csv,70,York,Yorkshire Museum,Yorkshire Museum,Museo,53.961809,-1.087571,53.961809,-1.087571,0,150,1,1,1,1,4,York,"Yorkshire Museum, Museum Street, Bootham, Bishophill, York, York and North Yorkshire, Engl",nominatim/nominatim_free,verificado
europa_occidental.csv,71,York,Barley Hall,Barley Hall,Museo,53.960910,-1.082595,53.960910,-1.082595,0,150,1,1,1,1,4,York,"Barley Hall, Coffee Yard, Bootham, Bishophill, York, York and North Yorkshire, England, YO",nominatim/nominatim_free,verificado
europa_occidental.csv,72,York,York Chocolate Story,York's Chocolate Story,Museo,53.960003,-1.080388,53.960003,-1.080388,0,150,1,1,1,1,4,York,"York's Chocolate Story, Kings Square, Bootham, Bishophill, York, York and North Yorkshire,",nominatim/nominatim_free,verificado
europa_occidental.csv,73,York,The Shambles,The Shambles,Sitio histórico,53.959299,-1.080033,53.959299,-1.080033,0,200,1,0,1,1,3,York,"The King's Inn, 15, Shambles, Bootham, Bishophill, York, York and North Yorkshire, England",nominatim/nominatim_bounded,verificado
europa_occidental.csv,76,York,Micklegate Bar,Micklegate Bar,Sitio histórico,53.955856,-1.090889,53.955852,-1.090889,0,200,1,1,1,1,4,York,"Micklegate Bar Museum, Micklegate, Scarcroft, Bishophill, York, York and North Yorkshire, ",nominatim/nominatim_bounded,verificado
europa_occidental.csv,77,York,Rowntree Park,Rowntree Park,Parque,53.948184,-1.081908,53.948184,-1.081908,0,600,1,0,1,1,3,York,"Terry Avenue, Clementhorpe, Fishergate, York, York and North Yorkshire, England, YO10 4DS,",nominatim/nominatim_free,verificado
europa_occidental.csv,78,York,Fossgate / Gillygate,Fossgate,Barrio,53.958295,-1.079282,53.958295,-1.079282,0,1500,1,0,1,1,3,York,"Lady Pecketts Yard, Bishophill, York, York and North Yorkshire, England, YO1 9US, United K",nominatim/nominatim_bounded,verificado
europa_occidental.csv,80,Edimburgo,Edinburgh Castle,Edinburgh Castle,Sitio histórico,55.948688,-3.200418,55.948688,-3.200418,0,200,1,0,1,1,3,City of Edinburgh,"Whisky & Finest Foods, 362, Castlehill, Abbeyhill, Old Town, City of Edinburgh, Alba / Sco",nominatim/nominatim_bounded,verificado
europa_occidental.csv,81,Edimburgo,Palace of Holyroodhouse,Palace of Holyroodhouse,Sitio histórico,55.952695,-3.171613,55.952695,-3.171613,0,200,1,1,1,1,4,City of Edinburgh,"Palace of Holyroodhouse, Canongate, Holyrood, Abbeyhill, Old Town, City of Edinburgh, Alba",nominatim/nominatim_bounded,verificado
europa_occidental.csv,82,Edimburgo,Holyrood Abbey,Holyrood Abbey,Sitio histórico,55.953151,-3.171648,55.953151,-3.171648,0,200,1,1,1,1,4,City of Edinburgh,"Holyrood Abbey, Croft-an-Righ, Abbeyhill, Old Town, City of Edinburgh, Alba / Scotland, EH",nominatim/nominatim_bounded,verificado
europa_occidental.csv,83,Edimburgo,Scottish Parliament,Scottish Parliament,Sitio histórico,55.952469,-3.175663,55.952469,-3.175663,0,200,1,1,1,1,4,City of Edinburgh,"Scottish Parliament, Canongate, Holyrood, Canongate, Old Town, City of Edinburgh, Alba / S",nominatim/nominatim_bounded,verificado
europa_occidental.csv,84,Edimburgo,Greyfriars Kirkyard,Greyfriars Kirkyard,Cementerio,55.946828,-3.192895,55.946828,-3.192895,0,400,1,0,1,1,3,City of Edinburgh,"Candlemaker Row, Abbeyhill, Old Town, City of Edinburgh, Alba / Scotland, EH1 2QB, United ",nominatim/nominatim_free,verificado
europa_occidental.csv,85,Edimburgo,Scott Monument,Scott Monument,Sitio histórico,55.952360,-3.193256,55.952360,-3.193256,0,200,1,0,1,1,3,City of Edinburgh,"SJS059, Princes Street, Abbeyhill, Old Town, City of Edinburgh, Alba / Scotland, EH2 2BY, ",nominatim/nominatim_bounded,verificado
europa_occidental.csv,87,Edimburgo,Gladstone's Land,Gladstone's Land,Sitio histórico,55.949445,-3.193699,55.949445,-3.193699,0,200,1,1,1,1,4,City of Edinburgh,"Gladstone's Land, 477B, Lawnmarket, Abbeyhill, Old Town, City of Edinburgh, Alba / Scotlan",nominatim/nominatim_bounded,verificado
europa_occidental.csv,88,Edimburgo,John Knox House,John Knox House,Sitio histórico,55.950649,-3.185098,55.950649,-3.185098,0,200,1,0,1,1,3,City of Edinburgh,"45, High Street, Canongate, Old Town, City of Edinburgh, Alba / Scotland, EH1 1SR, United ",nominatim/nominatim_bounded,verificado
europa_occidental.csv,89,Edimburgo,Dean Village,Dean Village,Sitio histórico,55.952259,-3.218221,55.952259,-3.218221,0,200,1,1,1,1,4,City of Edinburgh,"20, Damside, Dean Village, West End, City of Edinburgh, Alba / Scotland, EH4 3BB, United K",nominatim/nominatim_bounded,verificado
europa_occidental.csv,91,Edimburgo,George Heriot's School,George Heriot's School,Sitio histórico,55.946271,-3.195020,55.946271,-3.195020,0,200,1,1,1,1,4,City of Edinburgh,"George Heriot's School, Lauriston Place, Quartermile, Tollcross, City of Edinburgh, Alba /",nominatim/nominatim_bounded,verificado
europa_occidental.csv,94,Edimburgo,Scottish National Gallery,Scottish National Gallery,Museo,55.950885,-3.195612,55.950885,-3.195612,0,150,1,0,1,1,3,City of Edinburgh,"The Mound, Abbeyhill, Old Town, City of Edinburgh, Alba / Scotland, EH2 2EL, United Kingdo",nominatim/nominatim_free,verificado
europa_occidental.csv,95,Edimburgo,Scottish National Portrait Gallery,Scottish National Portrait Gallery,Museo,55.955466,-3.193592,55.955466,-3.193592,0,150,1,0,1,1,3,City of Edinburgh,"1, Queen Street, Gayfield, New Town, New Town/Broughton, City of Edinburgh, Alba / Scotlan",nominatim/nominatim_free,verificado
europa_occidental.csv,96,Edimburgo,Writers' Museum,Writers' Museum,Museo,55.949691,-3.193742,55.949691,-3.193742,0,150,1,1,1,1,4,City of Edinburgh,"Writers' Museum, Lady Stair's Close, Abbeyhill, Old Town, City of Edinburgh, Alba / Scotla",nominatim/nominatim_free,verificado
europa_occidental.csv,97,Edimburgo,Museum of Edinburgh,Museum of Edinburgh,Museo,55.951210,-3.179500,55.951210,-3.179500,0,150,1,1,1,1,4,City of Edinburgh,"Museum of Edinburgh, 142-146, Canongate, Holyrood, Canongate, Old Town, City of Edinburgh,",nominatim/nominatim_free,verificado
europa_occidental.csv,99,Edimburgo,Surgeons' Hall Museum,Surgeons' Hall Museums,Museo,55.946767,-3.184680,55.946767,-3.184680,0,150,1,0,1,1,3,City of Edinburgh,"Spirit of Scotland, 18A, Nicolson Street, Pleasance, Southside, City of Edinburgh, Alba / ",nominatim/nominatim_free,verificado
europa_occidental.csv,100,Edimburgo,Camera Obscura,Camera Obscura,Museo,55.949029,-3.195604,55.949029,-3.195604,0,150,1,1,1,1,4,City of Edinburgh,"Camera Obscura & World of Illusions, 549, Castlehill, Abbeyhill, Old Town, City of Edinbur",nominatim/nominatim_bounded,verificado
europa_occidental.csv,101,Edimburgo,The Scotch Whisky Experience,Scotch Whisky Experience,Experiencia,55.948743,-3.195875,55.948743,-3.195875,0,300,1,1,1,1,4,City of Edinburgh,"The Scotch Whisky Experience, 354, Castlehill, Abbeyhill, Old Town, City of Edinburgh, Alb",nominatim/nominatim_bounded,verificado
europa_occidental.csv,102,Edimburgo,Arthur's Seat,Arthur's Seat,Mirador,55.944069,-3.161603,55.944069,-3.161603,0,150,1,0,1,1,3,City of Edinburgh,"Piper's Walk, Willowbrae, Northfield/Willowbrae, City of Edinburgh, Alba / Scotland, EH8 8",nominatim/nominatim_free,verificado
europa_occidental.csv,103,Edimburgo,Salisbury Crags,Salisbury Crags,Mirador,55.946042,-3.173881,55.946042,-3.173881,0,150,1,0,1,1,3,City of Edinburgh,"Radical Road, Willowbrae, Northfield/Willowbrae, City of Edinburgh, Alba / Scotland, EH16 ",nominatim/nominatim_free,verificado
europa_occidental.csv,104,Edimburgo,Holyrood Park,Holyrood Park,Parque,55.945640,-3.163800,55.945640,-3.163800,0,600,1,0,1,1,3,City of Edinburgh,"Piper's Walk, Willowbrae, Northfield/Willowbrae, City of Edinburgh, Alba / Scotland, EH8 8",nominatim/nominatim_free,verificado
europa_occidental.csv,106,Edimburgo,Royal Botanic Garden,Royal Botanic Garden Edinburgh,Parque,55.965285,-3.208859,55.965285,-3.208859,0,600,1,0,1,1,3,City of Edinburgh,"Inverleith Terrace, Comely Bank, Inverleith, City of Edinburgh, Alba / Scotland, EH3 5HS, ",nominatim/nominatim_free,verificado
europa_occidental.csv,107,Edimburgo,The Meadows,The Meadows,Parque,55.942341,-3.194293,55.942341,-3.194293,0,600,1,0,1,1,3,City of Edinburgh,"North Meadow Walk, Quartermile, Tollcross, City of Edinburgh, Alba / Scotland, EH3 9GT, Un",nominatim/nominatim_free,verificado
europa_occidental.csv,108,Edimburgo,Stockbridge Market,Stockbridge Market,Mercado,55.957629,-3.208443,55.957629,-3.208443,0,300,1,1,1,1,4,City of Edinburgh,"Stockbridge Market, Saunders Street, Silvermills, Stockbridge/Inverleith, City of Edinburg",nominatim/nominatim_free,verificado
europa_occidental.csv,110,Edimburgo,Sandy Bell's,Sandy Bell's,Pub,55.946081,-3.191290,55.946081,-3.191290,0,120,1,1,1,1,4,City of Edinburgh,"Sandy Bell's, 25, Forrest Road, Abbeyhill, Old Town, City of Edinburgh, Alba / Scotland, E",nominatim/nominatim_bounded,verificado
europa_occidental.csv,112,Edimburgo,The Elephant House,The Elephant House,Harry Potter,55.947570,-3.191785,55.947570,-3.191785,0,300,1,1,1,1,4,City of Edinburgh,"The Elephant House, 21, George IV Bridge, Abbeyhill, Old Town, City of Edinburgh, Alba / S",nominatim/nominatim_bounded,verificado
europa_occidental.csv,113,Edimburgo,Balmoral Hotel,The Balmoral Hotel,Harry Potter,55.953088,-3.189263,55.953088,-3.189263,0,300,1,0,1,1,3,City of Edinburgh,"The Balmoral Bar, 1, Princes Street, Abbeyhill, Old Town, City of Edinburgh, Alba / Scotla",nominatim/nominatim_bounded,verificado
europa_occidental.csv,115,Edimburgo,New Town,New Town,Barrio,55.955458,-3.199000,55.955458,-3.199000,0,1500,1,1,-1,1,2,City of Edinburgh,"3, Heriot Row, Silvermills, New Town, New Town/Broughton, City of Edinburgh, Alba / Scotla",nominatim/nominatim_free,verificado
europa_occidental.csv,116,Edimburgo,Stockbridge,Stockbridge,Barrio,55.957972,-3.209340,55.957972,-3.209340,0,1500,1,1,1,1,4,City of Edinburgh,"2, Dean Terrace, Silvermills, Stockbridge/Inverleith, City of Edinburgh, Alba / Scotland, ",nominatim/nominatim_free,verificado
europa_occidental.csv,117,Edimburgo,Leith,Leith,Barrio,55.972550,-3.170949,55.972550,-3.170949,0,1500,1,1,1,1,4,City of Edinburgh,"99, Kirkgate, The Shore, North Leith, Leith Harbour & Newhaven, City of Edinburgh, Alba / ",nominatim/nominatim_free,verificado
europa_occidental.csv,118,Highlands,West Highland Museum,West Highland Museum,Museo,56.817630,-5.111046,56.817630,-5.111046,0,150,1,1,1,1,4,Fort William,"West Highland Museum, Cameron Square, The Parade, Plantation, Fort William, Highland, Alba",nominatim/nominatim_free,verificado
europa_occidental.csv,120,Highlands,Ben Nevis,Ben Nevis,Trekking,56.796858,-5.003526,56.796858,-5.003526,0,3000,1,1,1,1,4,Highland,"Ben Nevis Mountain Path, Highland, Alba / Scotland, United Kingdom",nominatim/fuentes discrepan 6.0 km,verificado
europa_occidental.csv,121,Highlands,Neptune's Staircase,Neptune's Staircase,Sitio histórico,56.845559,-5.096915,56.845559,-5.096915,0,200,1,1,1,1,4,Banavie,"Neptune's Staircase, B8004, Camaghael, Banavie, Highland, Alba / Scotland, PH33 7LY, Unite",nominatim/nominatim_bounded,verificado
europa_occidental.csv,124,Highlands,Glen Etive,Glen Etive,Paisaje,56.616060,-4.963061,56.616060,-4.963061,0,2500,1,1,1,1,4,Highland,"Glen Etive Road, Highland, Alba / Scotland, United Kingdom",nominatim/nominatim_bounded,verificado
europa_occidental.csv,125,Highlands,Lost Valley (Coire Gabhail),Lost Valley,Trekking,56.648928,-5.003205,56.648928,-5.003205,0,3000,override,,,,3,,,overpass:natural=valley Coire Gabhail,verificado
europa_occidental.csv,126,Highlands,Signal Rock,Signal Rock,Sitio histórico,56.664936,-5.067192,56.664936,-5.067192,0,200,override,,,,3,,,overpass:tourism=attraction Tom a' Ghrianain,verificado
europa_occidental.csv,127,Highlands,Glencoe Lochan,Glencoe Lochan,Naturaleza,56.690691,-5.095836,56.690691,-5.095836,0,2000,1,0,1,1,3,Glencoe,"Lochan Trail, Invercoe, Glencoe, Highland, Alba / Scotland, PH49 4HT, United Kingdom",nominatim/nominatim_bounded,verificado
europa_occidental.csv,128,Highlands,Glencoe Visitor Centre,Glencoe Visitor Centre,Museo,56.670703,-5.079679,56.670703,-5.079679,0,150,1,1,1,1,4,Glencoe,"Glencoe Visitor Centre, A82, Glencoe, Highland, Alba / Scotland, PH49 4LA, United Kingdom",nominatim/nominatim_bounded,verificado
europa_occidental.csv,130,Highlands,Glenfinnan Viaduct,Glenfinnan Viaduct,Sitio histórico,56.875824,-5.429320,56.875824,-5.429320,0,200,1,1,1,1,4,Glenfinnan,"Glenfinnan Viaduct, Glenfinnan Viaduct Trail, Glenfinnan, Highland, Alba / Scotland, Unite",nominatim/nominatim_bounded,verificado
europa_occidental.csv,131,Highlands,Glenfinnan Monument,Glenfinnan Monument,Sitio histórico,56.869173,-5.437050,56.869173,-5.437050,0,200,1,0,1,1,3,Glenfinnan,"Road to the Isles, Glenfinnan, Highland, Alba / Scotland, PH37 4LT, United Kingdom",nominatim/nominatim_bounded,verificado
europa_occidental.csv,133,Highlands,Oban,Oban,Pueblo,56.412017,-5.472373,56.412017,-5.472373,0,6000,1,1,1,1,4,Oban,"Argyll Square, Town Centre, Oban, Argyll and Bute, Alba / Scotland, PA34 4AT, United Kingd",nominatim/nominatim_free,verificado
europa_occidental.csv,136,Highlands,Plockton,Plockton,Pueblo,57.338081,-5.651894,57.338081,-5.651894,0,6000,1,1,1,1,4,Plockton,"Innes Street, Plockton, Highland, Alba / Scotland, IV52 8TE, United Kingdom",nominatim/nominatim_bounded,verificado
europa_occidental.csv,137,Highlands,Bealach na Bà / Applecross,Bealach na Ba,Paisaje,57.407683,-5.674971,57.407683,-5.674971,0,2500,1,1,1,1,4,Highland,"Bealach na Bà, Highland, Alba / Scotland, United Kingdom",nominatim/fuentes discrepan 2.8 km,verificado
europa_occidental.csv,141,Highlands,Skye Museum of Island Life,Skye Museum of Island Life,Museo,57.660216,-6.368944,57.660216,-6.368944,0,150,1,1,1,1,4,Cille Mhoire,"Skye Museum of Island Life, A855, Hungladar, Cille Mhoire, Highland, Alba / Scotland, IV51",nominatim/nominatim_free,verificado
europa_occidental.csv,142,Highlands,Neist Point Lighthouse,Neist Point Lighthouse,Paisaje,57.423388,-6.788237,57.423388,-6.788237,0,2500,1,1,1,1,4,Glendale,"Neist Point Lighthouse, Waterstein Road, Upper Milovaig, Borrodale, Glendale, Highland, Al",nominatim/nominatim_bounded,verificado
europa_occidental.csv,143,Highlands,Fairy Pools,Fairy Pools,Trekking,57.249108,-6.248658,57.249108,-6.248658,0,3000,1,1,1,1,4,Highland,"Fairy Pools, Cuckoo Road, Highland, Alba / Scotland, United Kingdom",nominatim/nominatim_bounded,verificado
europa_occidental.csv,145,Highlands,Loch Cluanie,Loch Cluanie,Paisaje,57.139610,-5.088876,57.139610,-5.088876,0,2500,override,,,,3,,,wikidata:Q1867216,verificado
europa_occidental.csv,146,Highlands,Ness Islands,Ness Islands,Naturaleza,57.464031,-4.230526,57.464031,-4.230526,0,2000,1,0,1,1,3,Inverness,"Great Glen Way, Bught, Ballifeary, Inverness, Highland, Alba / Scotland, IV2 4RT, United K",nominatim/nominatim_bounded,verificado
europa_occidental.csv,147,Highlands,Inverness Castle,Inverness Castle,Castillo,57.476433,-4.225644,57.476433,-4.225644,0,250,1,0,1,1,3,Inverness,"Saltire Bistro, Castle Steps, Haugh, Crown and City Centre, Inverness, Highland, Alba / Sc",nominatim/nominatim_free,verificado
europa_occidental.csv,149,Highlands,Church Street,Church Street,Barrio,57.477762,-4.225662,57.477762,-4.225662,0,1500,1,1,1,1,4,Inverness,"Revolution, 11-19, Church Street, Haugh, Crown and City Centre, Inverness, Highland, Alba ",nominatim/fuentes discrepan 77.7 km,verificado
europa_occidental.csv,150,Highlands,Loch Ness Centre,Loch Ness Centre,Museo,57.337370,-4.477875,57.337370,-4.477875,0,150,1,1,1,1,4,Drumnadrochit,"Loch Ness Centre & Exhibition, A82, Borlum, Drumnadrochit, Highland, Alba / Scotland, IV63",nominatim/nominatim_free,verificado
europa_occidental.csv,151,Highlands,Fort Augustus,Fort Augustus,Pueblo,57.144332,-4.681487,57.144332,-4.681487,0,6000,1,1,1,1,4,Fort Augustus,"Canal Side Road South, Blairconard, Fort Augustus, Highland, Alba / Scotland, PH32 4DU, Un",nominatim/nominatim_free,verificado
europa_occidental.csv,155,Highlands,Chanonry Point,Chanonry Point,Naturaleza,57.574137,-4.091792,57.574137,-4.091792,0,2000,1,1,1,1,4,Fortrose,"Chanonry Point, Ness Road, Fortrose, Highland, Alba / Scotland, IV10 8SD, United Kingdom",nominatim/nominatim_bounded,verificado
europa_occidental.csv,157,Highlands,Cairngorms / Aviemore,Aviemore,Parque nacional,57.193753,-3.828750,57.193753,-3.828750,0,5000,1,1,1,1,4,Aviemore,"160, Grampian Road, Aviemore, Highland, Alba / Scotland, PH22 1RN, United Kingdom",nominatim/nominatim_free,verificado
europa_occidental.csv,158,Highlands,Corrieshalloch Gorge,Corrieshalloch Gorge,Naturaleza,57.757699,-5.023221,57.757699,-5.023221,0,2000,1,1,1,1,4,Highland,"Corrieshalloch Gorge, A835, Auchlunachan, Highland, Alba / Scotland, IV23 2RS, United King",nominatim/nominatim_bounded,verificado
europa_occidental.csv,161,Highlands,Dunkeld,Dunkeld,Pueblo,56.565571,-3.586255,56.565571,-3.586255,0,6000,1,1,1,1,4,Dunkeld,"19, High Street, Dunkeld, Perth and Kinross, Alba / Scotland, PH8 0AJ, United Kingdom",nominatim/nominatim_free,verificado
europa_occidental.csv,162,Highlands,Stirling Castle,Stirling Castle,Castillo,56.124031,-3.948011,56.124031,-3.948011,0,250,1,0,1,1,3,Stirling,"Upper Square, Top of the Town, Raploch, Stirling, Alba / Scotland, FK8 1EJ, United Kingdom",nominatim/nominatim_free,verificado
europa_occidental.csv,165,Highlands,Tomatin Distillery,Tomatin Distillery,Destilería,57.338986,-4.009283,57.338986,-4.009283,0,250,1,1,1,1,4,Inverness,"Tomatin Distillery, A9, Inverness, Highland, Alba / Scotland, IV13 7YT, United Kingdom",nominatim/nominatim_free,verificado
europa_occidental.csv,166,Ámsterdam,Anne Frank House,Anne Frank House,Museo,52.375156,4.884081,52.375156,4.884081,0,150,1,0,1,1,3,Amsterdam,"267, Prinsengracht, Grachtengordel, Centrum, Amsterdam, Noord-Holland, Nederland, 1016 GV,",nominatim/nominatim_free,verificado
europa_occidental.csv,167,Ámsterdam,Rijksmuseum,Rijksmuseum,Museo,52.359843,4.885040,52.359843,4.885040,0,150,1,0,1,1,3,Amsterdam,"Museumstraat, Museumkwartier, Oud-Zuid, Zuid, Amsterdam, Noord-Holland, Nederland, 1071 XX",nominatim/nominatim_free,verificado
europa_occidental.csv,168,Ámsterdam,Van Gogh Museum,Van Gogh Museum,Museo,52.358367,4.881090,52.358367,4.881090,0,150,1,0,1,1,3,Amsterdam,"7, Paulus Potterstraat, Museumkwartier, Oud-Zuid, Zuid, Amsterdam, Noord-Holland, Nederlan",nominatim/nominatim_free,verificado
europa_occidental.csv,169,Ámsterdam,Stedelijk Museum,Stedelijk Museum,Museo,52.357900,4.879860,52.357900,4.879860,0,150,1,0,1,1,3,Amsterdam,"10, Museumplein, Museumkwartier, Oud-Zuid, Zuid, Amsterdam, Noord-Holland, Nederland, 1071",nominatim/nominatim_free,verificado
europa_occidental.csv,170,Ámsterdam,Rembrandt House,Rembrandt House Museum,Museo,52.369369,4.901250,52.369369,4.901250,0,150,1,0,1,1,3,Amsterdam,"Rembrandthuis, 4, Jodenbreestraat, Uilenburg, Nieuwmarkt/Lastage, Centrum, Amsterdam, Noor",nominatim/fuentes discrepan 1.3 km,verificado
europa_occidental.csv,171,Ámsterdam,Hortus Botanicus,Hortus Botanicus,Jardín,52.366806,4.907778,52.366806,4.907778,0,400,1,0,1,1,3,Amsterdam,"2A, Plantage Middenlaan, Plantage, Centrum, Amsterdam, Noord-Holland, Nederland, 1018 DD, ",nominatim/nominatim_bounded,verificado
europa_occidental.csv,172,Ámsterdam,Red Light Secrets,Red Light Secrets,Museo,52.373646,4.898975,52.373646,4.898975,0,150,1,1,1,1,4,Amsterdam,"Red Light Secrets, 60, Oudezijds Achterburgwal, Burgwallen-Oude Zijde, Centrum, Amsterdam,",nominatim/nominatim_free,verificado
europa_occidental.csv,173,Ámsterdam,Hash Marihuana & Hemp Museum,Hash Marihuana Hemp Museum,Museo,52.371762,4.896959,52.371762,4.896959,0,150,1,1,1,1,4,Amsterdam,"Hash Marihuana & Hemp Museum, 148, Oudezijds Achterburgwal, Burgwallen-Oude Zijde, Centrum",nominatim/nominatim_free,verificado
europa_occidental.csv,174,Ámsterdam,Amsterdam Museum,Amsterdam Museum,Museo,52.370431,4.890429,52.370431,4.890429,0,150,1,1,1,1,4,Amsterdam,"Amsterdam Museum, 92, Kalverstraat, Centrum, Amsterdam, Noord-Holland, Nederland, 1012 PH,",nominatim/nominatim_free,verificado
europa_occidental.csv,175,Ámsterdam,Moco Museum,Moco Museum,Museo,52.358716,4.881962,52.358716,4.881962,0,150,1,1,1,1,4,Amsterdam,"Moco Museum, 20, Honthorststraat, Museumkwartier, Oud-Zuid, Zuid, Amsterdam, Noord-Holland",nominatim/nominatim_free,verificado
europa_occidental.csv,177,Ámsterdam,Jordaan,Jordaan,Barrio,52.375416,4.881096,52.375416,4.881096,0,1500,1,1,1,1,4,Amsterdam,"78, Nieuwe Leliestraat, Jordaan, Centrum, Amsterdam, Noord-Holland, Nederland, 1015 SV, Ne",nominatim/nominatim_free,verificado
europa_occidental.csv,178,Ámsterdam,De Pijp,De Pijp,Barrio,52.353346,4.896962,52.353346,4.896962,0,1500,1,0,1,1,3,Amsterdam,"90-1, Sarphatipark, Zuid, Amsterdam, Noord-Holland, Nederland, 1073 EB, Nederland",nominatim/nominatim_free,verificado
europa_occidental.csv,179,Ámsterdam,De Wallen (Red Light District),De Wallen,Barrio,52.373408,4.898281,52.373408,4.898281,0,1500,1,0,1,1,3,Amsterdam,"Sapora Concept, Kreupelsteeg, Burgwallen-Oude Zijde, Centrum, Amsterdam, Noord-Holland, Ne",nominatim/nominatim_bounded,verificado
europa_occidental.csv,180,Ámsterdam,Oud-West,Oud-West,Barrio,52.364815,4.869762,52.364815,4.869762,0,1500,1,0,1,1,3,Amsterdam,"120B, Jacob van Lennepkade, Borgerbuurt, Van Lennepbuurt, West, Amsterdam, Noord-Holland, ",nominatim/nominatim_free,verificado
europa_occidental.csv,181,Ámsterdam,Oost,Amsterdam-Oost,Barrio,52.351814,4.930553,52.351814,4.930553,0,1500,1,0,1,1,3,Amsterdam,"De Kas, 3, Kamerlingh Onneslaan, Oost, Amsterdam, Noord-Holland, Nederland, 1097 DE, Neder",photon/photon,verificado
europa_occidental.csv,184,Ámsterdam,Paradox,Paradox Coffeeshop,Coffee shop,52.374536,4.881251,52.374536,4.881251,0,120,1,0,1,1,3,Amsterdam,"Coffeeshop Paradox, 2-HR, Eerste Bloemdwarsstraat, Jordaan, Centrum, Amsterdam, Noord-Holl",nominatim/nominatim_bounded,verificado
europa_occidental.csv,185,Ámsterdam,Magic Mushroom Gallery,Magic Mushroom Gallery,Smart shop,52.370677,4.889363,52.370677,4.889363,0,120,1,1,1,1,4,Amsterdam,"The Magic Mushroom Gallery, 249, Spuistraat, Burgwallen-Nieuwe Zijde, Centrum, Amsterdam, ",nominatim/nominatim_bounded,verificado
europa_occidental.csv,186,Ámsterdam,Tatanka,Tatanka Smartshop,Smart shop,52.366587,4.895745,52.366587,4.895745,0,120,1,1,1,1,4,Amsterdam,"Tatanka Smartshop, 12, Halvemaansteeg, Grachtengordel, Centrum, Amsterdam, Noord-Holland, ",nominatim/nominatim_bounded,verificado
europa_occidental.csv,189,Ámsterdam,Brouwerij 't IJ,Brouwerij 't IJ,Bar,52.366698,4.926347,52.366698,4.926347,0,120,1,1,1,1,4,Amsterdam,"Brouwerij 't IJ, 7, Funenkade, Centrum, Amsterdam, Noord-Holland, Nederland, 1018 AL, Nede",nominatim/nominatim_bounded,verificado
europa_occidental.csv,190,Ámsterdam,Café de Dokter,Café de Dokter,Bar,52.369255,4.890812,52.369255,4.890812,0,120,1,1,1,1,4,Amsterdam,"Café de Dokter, 4, Rozenboomsteeg, Centrum, Amsterdam, Noord-Holland, Nederland, 1012 PR, ",nominatim/nominatim_bounded,verificado
europa_occidental.csv,193,Ámsterdam,Heineken Experience,Heineken Experience,Experiencia,52.357840,4.891784,52.357840,4.891784,0,300,1,1,1,1,4,Amsterdam,"Heineken Experience, 78, Stadhouderskade, Oude Pijp, De Pijp, Zuid, Amsterdam, Noord-Holla",nominatim/nominatim_bounded,verificado
europa_occidental.csv,196,Ámsterdam,Begijnhof,Begijnhof,Sitio,52.369431,4.890043,52.369431,4.890043,0,300,1,1,1,1,4,Amsterdam,"Heilig Hartbeeld, Begijnhof, Centrum, Amsterdam, Noord-Holland, Nederland, 1012 WT, Nederl",nominatim/nominatim_bounded,verificado
europa_occidental.csv,200,Ámsterdam,Noordermarkt,Noordermarkt,Mercado,52.379258,4.886632,52.379258,4.886632,0,300,1,1,1,1,4,Amsterdam,"Noordermarkt, Prinsengracht, Jordaan, Centrum, Amsterdam, Noord-Holland, Nederland, 1015 D",nominatim/nominatim_free,verificado
europa_occidental.csv,201,Ámsterdam,Bloemenmarkt,Bloemenmarkt,Mercado,52.366931,4.890765,52.366931,4.890765,0,300,1,0,1,1,3,Amsterdam,"610, Singel, Grachtengordel, Centrum, Amsterdam, Noord-Holland, Nederland, 1017 AZ, Nederl",nominatim/nominatim_free,verificado
europa_occidental.csv,204,Colmar,Maison Pfister,Maison Pfister,Casco histórico,48.076751,7.358151,48.076751,7.358151,0,1500,1,1,1,1,4,Colmar,"Maison Pfister, Rue Mercière, Colmar, Colmar-Ribeauvillé, Haut-Rhin, Collectivité européen",nominatim/nominatim_bounded,verificado
europa_occidental.csv,205,Colmar,Maison des Têtes,Maison des Têtes,Casco histórico,48.078560,7.355532,48.078560,7.355532,0,1500,1,1,1,1,4,Colmar,"Maison des Têtes, Rue des Têtes, Colmar, Colmar-Ribeauvillé, Haut-Rhin, Collectivité europ",nominatim/nominatim_bounded,verificado
europa_occidental.csv,206,Colmar,Collégiale Saint-Martin,Collégiale Saint-Martin,Iglesia,48.077347,7.358110,48.077347,7.358110,0,150,1,0,1,1,3,Colmar,"Place de la Cathédrale, Colmar, Colmar-Ribeauvillé, Haut-Rhin, Collectivité européenne d'A",nominatim/nominatim_free,verificado
europa_occidental.csv,207,Colmar,Ancien Corps de Garde,Ancien Corps de Garde,Casco histórico,48.076867,7.357818,48.076867,7.357818,0,1500,1,0,1,1,3,Colmar,"Choco Story, 12, Place de la Cathédrale, Colmar, Colmar-Ribeauvillé, Haut-Rhin, Collectivi",nominatim/nominatim_bounded,verificado
europa_occidental.csv,209,Colmar,Rue des Têtes,Rue des Têtes,Casco histórico,48.078683,7.355487,48.078683,7.355487,0,1500,1,1,1,1,4,Colmar,"19, Rue des Têtes, Colmar, Colmar-Ribeauvillé, Haut-Rhin, Collectivité européenne d'Alsace",nominatim/nominatim_bounded,verificado
europa_occidental.csv,210,Colmar,Musée Unterlinden,Musée Unterlinden,Museo,48.079864,7.355556,48.079864,7.355556,0,150,1,0,1,1,3,Colmar,"Couvent des Unterlinden, 1, Rue d'Unterlinden, Colmar, Colmar-Ribeauvillé, Haut-Rhin, Coll",nominatim/nominatim_free,verificado
europa_occidental.csv,211,Colmar,Musée Bartholdi,Musée Bartholdi,Museo,48.076609,7.357482,48.076609,7.357482,0,150,1,0,1,1,3,Colmar,"Au Croissant Doré, Rue des Marchands, Colmar, Colmar-Ribeauvillé, Haut-Rhin, Collectivité ",nominatim/nominatim_free,verificado
europa_occidental.csv,212,Colmar,Musée du Jouet,Musée du Jouet,Museo,48.079104,7.362284,48.079104,7.362284,0,150,1,0,1,1,3,Colmar,"Rue des Tilleuls, Colmar, Colmar-Ribeauvillé, Haut-Rhin, Collectivité européenne d'Alsace,",nominatim/nominatim_free,verificado
europa_occidental.csv,213,Colmar,Musée d'Histoire Naturelle et d'Ethnographie,Musée d'Histoire Naturelle et d'Ethnographie,Museo,48.073624,7.358822,48.073624,7.358822,0,150,1,0,1,1,3,Colmar,"Cour, Colmar, Colmar-Ribeauvillé, Haut-Rhin, Collectivité européenne d'Alsace, Grand Est, ",nominatim/nominatim_free,verificado
europa_occidental.csv,214,Colmar,Marché Couvert (Les Halles),Marché Couvert Colmar,Mercado,48.074621,7.359800,48.074620,7.359802,0,300,1,0,1,1,3,Colmar,"13, Rue des Écoles, Colmar, Colmar-Ribeauvillé, Haut-Rhin, Collectivité européenne d'Alsac",nominatim/nominatim_free,verificado
europa_occidental.csv,215,Colmar,Eguisheim,Eguisheim,Pueblo Route des Vins,48.044797,7.307962,48.044797,7.307962,0,6000,1,1,1,1,4,Eguisheim,"5, Rue de la Mésange, Eguisheim, Colmar-Ribeauvillé, Haut-Rhin, Collectivité européenne d'",photon/bajo_umbral,verificado
europa_occidental.csv,216,Colmar,Kaysersberg,Kaysersberg,Pueblo Route des Vins,48.139339,7.261328,48.139339,7.261328,0,6000,1,1,1,1,4,Kaysersberg-Vignoble,"87, Rue du Général de Gaulle, Kaysersberg, Kaysersberg-Vignoble, Colmar-Ribeauvillé, Haut-",nominatim/bajo_umbral,verificado
europa_occidental.csv,221,Estrasburgo,Catedral Notre-Dame,Cathédrale Notre-Dame de Strasbourg,Catedral,48.581888,7.751052,48.581888,7.751052,0,150,1,0,1,1,3,Strasbourg,"Galerie extérieure, Centre, Strasbourg, Bas-Rhin, Collectivité européenne d'Alsace, Grand ",nominatim/nominatim_free,verificado
europa_occidental.csv,223,Estrasburgo,Petite France,Petite France,Casco histórico,48.581365,7.742181,48.581365,7.742181,0,1500,1,1,1,1,4,Strasbourg,"33, Rue du Bain aux Plantes, La Petite France, Centre, Strasbourg, Bas-Rhin, Collectivité ",nominatim/nominatim_bounded,verificado
europa_occidental.csv,226,Estrasburgo,Place Gutenberg,Place Gutenberg,Plaza,48.581190,7.748539,48.581190,7.748539,0,250,1,1,1,1,4,Strasbourg,"Place Gutenberg, La Petite France, Centre, Strasbourg, Bas-Rhin, Collectivité européenne d",nominatim/nominatim_free,verificado
europa_occidental.csv,228,Estrasburgo,Château Vodou,Château Vodou,Museo,48.580383,7.728755,48.580383,7.728755,0,150,1,1,1,1,4,Strasbourg,"Château Vodou, 4, Rue de Koenigshoffen, Tribunal-Gare-Porte de Schirmeck, Strasbourg, Bas-",nominatim/nominatim_free,verificado
europa_occidental.csv,229,Estrasburgo,Musée de l'Œuvre Notre-Dame,Musée de l'Œuvre Notre-Dame,Museo,48.580869,7.751294,48.580869,7.751294,0,150,1,0,1,1,3,Strasbourg,"3, Rue des Cordiers, Centre, Strasbourg, Bas-Rhin, Collectivité européenne d'Alsace, Grand",nominatim/nominatim_free,verificado
europa_occidental.csv,230,Estrasburgo,Barrio Krutenau,Krutenau,Barrio,48.579692,7.756768,48.579692,7.756768,0,1500,1,1,1,1,4,Strasbourg,"Place de Zurich, Krutenau, Bourse-Esplanade-Krutenau, Strasbourg, Bas-Rhin, Collectivité e",nominatim/nominatim_free,verificado
europa_occidental.csv,231,Estrasburgo,Quai des Bateliers,Quai des Bateliers,Barrio,48.580627,7.753660,48.580627,7.753660,0,1500,1,1,1,1,4,Strasbourg,"23, Quai des Bateliers, Krutenau, Bourse-Esplanade-Krutenau, Strasbourg, Bas-Rhin, Collect",nominatim/nominatim_bounded,verificado
europa_occidental.csv,232,Estrasburgo,Parc de l'Orangerie,Parc de l'Orangerie,Parque,48.591730,7.774478,48.591730,7.774478,0,600,1,0,1,1,3,Strasbourg,"Allée de l'Orangerie Joséphine, Quartier des XV, Orangerie-Conseil des XV, Strasbourg, Bas",nominatim/nominatim_free,verificado
europa_occidental.csv,234,Estrasburgo,Batorama (barco canales),Batorama,Transporte,48.580171,7.752093,48.580171,7.752093,0,300,1,1,1,1,4,Strasbourg,"Batorama - bornes automatiques, Place du Marché aux Poissons, Centre, Strasbourg, Bas-Rhin",nominatim/nominatim_bounded,verificado
europa_occidental.csv,235,Estrasburgo,Palais des Droits de l'Homme,Cour Européenne des Droits de l'Homme,Institución,48.597282,7.774640,48.597282,7.774640,0,200,1,0,1,1,3,Strasbourg,"2, Allée René Cassin, Wacken, Robertsau, Strasbourg, Bas-Rhin, Collectivité européenne d'A",nominatim/nominatim_bounded,verificado
europa_occidental.csv,241,París,Conciergerie,Conciergerie,Sitio histórico,48.855949,2.346026,48.855949,2.346026,0,200,1,1,1,1,4,Paris,"Conciergerie, 2, Boulevard du Palais, Saint-Germain-l'Auxerrois, Paris 1er Arrondissement,",nominatim/nominatim_free,verificado
europa_occidental.csv,242,París,Panthéon,Panthéon,Sitio histórico,48.846195,2.346051,48.846195,2.346051,0,200,1,1,1,1,4,Paris,"28, Place du Panthéon, Quartier de la Sorbonne, Paris 5e Arrondissement, Paris, Île-de-Fra",nominatim/nominatim_free,verificado
europa_occidental.csv,243,París,Palais Royal (jardines),Jardin du Palais Royal,Parque,48.864908,2.337759,48.864908,2.337759,0,600,1,0,1,1,3,Paris,"Allée Colette, Quartier du Palais Royal, Paris 1er Arrondissement, Paris, Île-de-France, F",nominatim/nominatim_free,verificado
europa_occidental.csv,244,París,Tour Montparnasse,Tour Montparnasse,Sitio histórico,48.842110,2.321972,48.842110,2.321972,0,200,1,0,1,1,3,Paris,"Le ciel de Paris, Place Raoul Dautry, Quartier Necker, Paris 15e Arrondissement, Paris, Îl",nominatim/nominatim_bounded,verificado
europa_occidental.csv,247,París,Musée Carnavalet,Musée Carnavalet,Museo,48.857323,2.362473,48.857323,2.362473,0,150,1,0,1,1,3,Paris,"Rue Payenne, Quartier des Archives, Paris 3e Arrondissement, Paris, Île-de-France, France ",nominatim/nominatim_free,verificado
europa_occidental.csv,248,París,Musée de Cluny (Musée national du Moyen Âge),Musée de Cluny,Museo,48.850650,2.343564,48.850650,2.343564,0,150,1,1,1,1,4,Paris,"Musée de Cluny, 6, Place Paul Painlevé, Quartier de la Sorbonne, Paris 5e Arrondissement, ",nominatim/nominatim_free,verificado
europa_occidental.csv,251,París,Musée de l'Armée,Musée de l'Armée,Museo,48.857037,2.311878,48.857037,2.311878,0,150,1,1,1,1,4,Paris,"Musée de l'Armée, 129, Rue de Grenelle, Quartier des Invalides, Paris 7e Arrondissement, P",nominatim/nominatim_free,verificado
europa_occidental.csv,252,París,Centre Pompidou,Centre Pompidou,Museo,48.860496,2.352422,48.860496,2.352422,0,150,1,0,1,1,3,Paris,"19, Rue Beaubourg, Quartier Saint-Merri, Paris 4e Arrondissement, Paris, Île-de-France, Fr",photon/photon,verificado
europa_occidental.csv,253,París,Père Lachaise,Cimetière du Père-Lachaise,Parque,48.861130,2.394009,48.861130,2.394009,0,600,1,0,1,1,3,Paris,"Chemin de la Citerne, Quartier du Père-Lachaise, Paris 20e Arrondissement, Paris, Île-de-F",nominatim/nominatim_bounded,verificado
europa_occidental.csv,254,París,Parc de Belleville,Parc de Belleville,Parque,48.871548,2.384229,48.871548,2.384229,0,600,1,0,1,1,3,Paris,"Allée de la Courtille, Quartier de Belleville, Paris 20e Arrondissement, Paris, Île-de-Fra",nominatim/nominatim_free,verificado
europa_occidental.csv,256,París,Bois de Boulogne,Bois de Boulogne,Parque,48.864093,2.248258,48.864093,2.248258,0,600,1,0,1,1,3,Paris,"Allée de la Reine Marguerite, Quartier de la Muette, Paris 16e Arrondissement, Paris, Île-",nominatim/nominatim_free,verificado
europa_occidental.csv,258,París,Champ de Mars,Champ de Mars,Parque,48.856145,2.297820,48.856145,2.297820,0,600,1,0,1,1,3,Paris,"Quartier du Gros-Caillou, Paris 7e Arrondissement, Paris, Île-de-France, France métropolit",nominatim/nominatim_free,verificado
europa_occidental.csv,260,París,Latin Quarter / Saint-Germain (5ème/6ème),Quartier Latin,Barrio,48.848603,2.342516,48.848603,2.342516,0,1500,1,0,1,1,3,Paris,"L'Écritoire, 3, Place de la Sorbonne, Quartier de la Sorbonne, Paris 5e Arrondissement, Pa",nominatim/nominatim_free,verificado
europa_occidental.csv,261,París,Canal Saint-Martin (10ème),Canal Saint-Martin,Barrio,48.868956,2.367169,48.868956,2.367169,0,1500,1,0,1,1,3,Paris,"Buste de Frédérick Lemaître, Rue du Faubourg du Temple, Quartier de la Porte-Saint-Martin,",nominatim/nominatim_bounded,verificado
europa_occidental.csv,262,París,Oberkampf / Ménilmontant (11ème/20ème),Oberkampf,Barrio,48.864112,2.369423,48.864112,2.369423,0,1500,1,1,1,1,4,Paris,"Oberkampf, Boulevard Voltaire, Quartier de la Folie-Méricourt, Paris 11e Arrondissement, P",nominatim/nominatim_bounded,verificado
europa_occidental.csv,264,París,Île de la Cité + Île Saint-Louis,Île Saint-Louis,Barrio,48.851605,2.356759,48.851605,2.356759,0,1500,1,0,1,1,3,Paris,"Café Berthillon, 29, Rue Saint-Louis en l'Île, Quartier Les Îles, Paris 4e Arrondissement,",nominatim/nominatim_free,verificado
europa_occidental.csv,265,París,"Pigalle / SoPi (South Pigalle, 9ème)",South Pigalle,Barrio,48.882046,2.333667,48.882046,2.333667,0,1500,1,1,1,1,4,Paris,"South Pigalle, Rue Pierre Fontaine, Quartier Saint-Georges, Paris 9e Arrondissement, Paris",nominatim/nominatim_bounded,verificado
europa_occidental.csv,267,París,Marché Bastille,Marché Bastille,Sitio,48.854837,2.369892,48.854837,2.369892,0,300,1,0,1,1,3,Paris,"Esplanade Roger Joseph Boscovich, Quartier de la Roquette, Paris 11e Arrondissement, Paris",nominatim/nominatim_bounded,verificado
europa_occidental.csv,280,Highlands,Old Inverlochy Castle,Old Inverlochy Castle,Castillo,56.832290,-5.082300,56.832290,-5.082300,0,250,override,,,,3,,,wikidata:Q17825866,verificado
europa_occidental.csv,283,Highlands,Puerto de Portree,Portree Harbour,Pueblo,57.411435,-6.189981,57.411435,-6.189981,0,6000,1,0,1,1,3,Portree,"Just Hooked, Quay Street, Portree, Highland, Alba / Scotland, IV51 9DE, United Kingdom",nominatim/nominatim_bounded,verificado
europa_occidental.csv,284,Highlands,Kilt Rock & Mealt Falls,Kilt Rock,Paisaje,57.610864,-6.172148,57.610864,-6.172148,0,2500,1,1,1,1,4,Stafainn,"Kilt Rock Viewpoint, A855, Cùl nan Cnoc, Stafainn, Highland, Alba / Scotland, IV51 9JD, Un",nominatim/nominatim_bounded,verificado
europa_occidental.csv,286,Highlands,Brothers' Point,Rubha nam Brathairean,Trekking,57.586542,-6.139123,57.586542,-6.139123,0,3000,override,,,,3,,,overpass:natural=cape Rubha nam Braithrean,verificado
europa_occidental.csv,287,Highlands,Duntulm Castle,Duntulm Castle,Castillo,57.684268,-6.346992,57.684268,-6.346992,0,250,1,1,1,1,4,Cille MoLuaig,"Duntulm Castle, A855, Dùn Tuilm, Cille Mhoire, Cille MoLuaig, Highland, Alba / Scotland, I",nominatim/nominatim_free,verificado
europa_occidental.csv,288,Highlands,Dunvegan Castle,Dunvegan Castle,Castillo,57.448425,-6.590076,57.448425,-6.590076,0,250,1,1,1,1,4,Dunvegan,"Dunvegan Castle, Woodland Walk, Totachocaire, Dunvegan, Highland, Alba / Scotland, United ",nominatim/nominatim_free,verificado
europa_occidental.csv,290,Highlands,Sligachan Old Bridge,Sligachan Old Bridge,Paisaje,57.289808,-6.173274,57.289808,-6.173274,0,2500,1,1,1,1,4,Highland,"The Sligachan old bridge, Sligachan, Highland, Alba / Scotland, IV47 8SW, United Kingdom",nominatim/nominatim_bounded,verificado
europa_occidental.csv,291,Highlands,Glen Brittle,Glen Brittle,Paisaje,57.210350,-6.289722,57.210350,-6.289722,0,2500,1,1,1,1,4,Highland,"Glen Brittle, Highland, Alba / Scotland, IV47 8TA, United Kingdom",nominatim/nominatim_bounded,verificado
europa_occidental.csv,292,Highlands,Talisker Distillery,Talisker Distillery,Destilería,57.301876,-6.356683,57.301876,-6.356683,0,250,1,1,1,1,4,Carbost,"Talisker Distillery, B8009, Carbostbeg, Carbost, Highland, Alba / Scotland, IV47 8SR, Unit",nominatim/nominatim_free,verificado
europa_occidental.csv,294,Highlands,Armadale Castle,Armadale Castle,Castillo,57.072647,-5.894729,57.072647,-5.894729,0,250,1,1,1,1,4,Armadal,"Armadale Castle, A851, Ostaig, Slèite, Armadal, Highland, Alba / Scotland, IV45 8RQ, Unite",nominatim/nominatim_free,verificado
europa_occidental.csv,300,Highlands,Clava Cairns,Clava Cairns,Sitio histórico,57.473063,-4.073688,57.473063,-4.073688,0,200,override,,,,3,,,overpass:tourism=attraction Balnuaran of Clava,verificado
europa_occidental.csv,302,Highlands,Killiecrankie,Killiecrankie,Sitio histórico,56.744957,-3.779317,56.744957,-3.779317,0,200,1,1,1,1,4,Killiecrankie,"B8079, Old Faskally, Killiecrankie, Perth and Kinross, Alba / Scotland, PH16 5GZ, United K",nominatim/nominatim_bounded,verificado
europa_occidental.csv,303,Highlands,Edradour Distillery,Edradour Distillery,Destilería,56.702173,-3.699381,56.702173,-3.699381,0,250,1,1,1,1,4,Kinnaird,"Edradour Distillery, Edradour Road, Milton of Edradour, Kinnaird, Perth and Kinross, Alba ",nominatim/nominatim_free,verificado
europa_central.csv,2,Friburgo,Freiburger Münster,Freiburger Münster,Catedral,47.995549,7.852921,47.995549,7.852921,0,150,1,0,1,1,3,Freiburg im Breisgau,"1, Münsterplatz, Altstadt-Mitte, Altstadt, Freiburg im Breisgau, Baden-Württemberg, 79098,",nominatim/nominatim_bounded,verificado
europa_central.csv,3,Friburgo,Altstadt + Bächle,Altstadt,Casco histórico,47.995303,7.852430,47.995303,7.852430,0,1500,1,1,1,1,4,Freiburg im Breisgau,"St. Alexander, Münsterplatz, Altstadt-Mitte, Altstadt, Freiburg im Breisgau, Baden-Württem",photon/bajo_umbral,verificado
europa_central.csv,4,Friburgo,Schlossberg,Schlossberg,Mirador,47.997494,7.867552,47.997494,7.867552,0,150,1,0,1,1,3,Freiburg im Breisgau,"Peterskreuz, Burghaldering, Neuburg, Freiburg im Breisgau, Baden-Württemberg, 79104, Deuts",nominatim/nominatim_free,verificado
europa_central.csv,5,Friburgo,Martinstor,Martinstor,Sitio histórico,47.993714,7.848947,47.993714,7.848947,0,200,1,1,1,1,4,Freiburg im Breisgau,"Martinstor, Kaiser-Joseph-Straße, Altstadt-Mitte, Altstadt, Freiburg im Breisgau, Ballrech",nominatim/nominatim_bounded,verificado
europa_central.csv,6,Friburgo,Schwabentor,Schwabentor,Sitio histórico,47.992899,7.854124,47.992899,7.854124,0,200,1,1,1,1,4,Freiburg im Breisgau,"Schwabentorplatz, Altstadt-Mitte, Altstadt, Freiburg im Breisgau, Ballrechten-Dottingen, B",nominatim/nominatim_bounded,verificado
europa_central.csv,9,Friburgo,Barrio Stühlinger,Stühlinger,Barrio,47.998880,7.837732,47.998880,7.837732,0,1500,1,1,1,1,4,Freiburg im Breisgau,"5, Tellstraße, Alt-Stühlinger, Stühlinger, Freiburg im Breisgau, Baden-Württemberg, 79106,",photon/photon,verificado
europa_central.csv,10,Friburgo,Barrio Vauban,Vauban,Barrio,47.976365,7.823605,47.976365,7.823605,0,1500,1,1,1,1,4,Freiburg im Breisgau,"6, Walter-Gropius-Straße, Vauban, Freiburg im Breisgau, Ballrechten-Dottingen, Baden-Württ",photon/photon,verificado
europa_central.csv,11,Friburgo,Augustinermuseum,Augustinermuseum,Museo,47.993806,7.853250,47.993806,7.853250,0,150,1,1,1,1,4,Freiburg im Breisgau,"Kien Augustinermuseum, 3, Augustinerplatz, Altstadt-Mitte, Altstadt, Freiburg im Breisgau,",nominatim/nominatim_free,verificado
europa_central.csv,12,Friburgo,Museum Natur und Mensch,Museum Natur und Mensch,Museo,47.993330,7.851602,47.993330,7.851602,0,150,1,1,1,1,4,Freiburg im Breisgau,"Museum Natur und Mensch, 32, Gerberau, Altstadt-Mitte, Altstadt, Freiburg im Breisgau, Bal",nominatim/nominatim_free,verificado
europa_central.csv,13,Friburgo,Uniseum,Uniseum,Museo,47.995414,7.848619,47.995414,7.848619,0,150,1,1,1,1,4,Freiburg im Breisgau,"Uniseum, 17, Bertoldstraße, Altstadt-Mitte, Altstadt, Freiburg im Breisgau, Baden-Württemb",nominatim/nominatim_free,verificado
europa_central.csv,14,Friburgo,Museum für Stadtgeschichte,Museum für Stadtgeschichte,Museo,47.994970,7.853131,47.994970,7.853131,0,150,1,1,1,1,4,Freiburg im Breisgau,"Museum für Stadtgeschichte, 30, Münsterplatz, Altstadt-Mitte, Altstadt, Freiburg im Breisg",nominatim/nominatim_free,verificado
europa_central.csv,15,Friburgo,Münstermarkt,Münstermarkt,Mercado,47.995830,7.852804,47.995830,7.852804,0,300,1,0,1,1,3,Freiburg im Breisgau,"Wanderbaum 7, Münsterplatz, Altstadt-Mitte, Altstadt, Freiburg im Breisgau, Baden-Württemb",nominatim/nominatim_free,verificado
europa_central.csv,16,Friburgo,Markt Stühlinger,Stühlinger Kirchplatz,Mercado,47.996877,7.837793,47.996877,7.837793,0,300,1,0,1,1,3,Freiburg im Breisgau,"Amalie-Gramm-Weg, Alt-Stühlinger, Stühlinger, Freiburg im Breisgau, Baden-Württemberg, 791",nominatim/nominatim_bounded,verificado
europa_central.csv,24,Grindelwald,Bachalpsee,Bachalpsee,Trekking,46.669581,8.020953,46.669581,8.020953,0,3000,1,0,1,1,3,Grindelwald,"50, Grindelwald, Verwaltungskreis Interlaken-Oberhasli, Verwaltungsregion Oberland, Bern/B",nominatim/nominatim_bounded,verificado
europa_central.csv,26,Grindelwald,First Flieger / Glider,First Flieger,Adrenalina,46.658817,8.059846,46.658817,8.059846,0,300,1,0,1,1,3,Grindelwald,"53, Uf Luegen, Grindelwald, Verwaltungskreis Interlaken-Oberhasli, Verwaltungsregion Oberl",nominatim/nominatim_bounded,verificado
europa_central.csv,28,Grindelwald,Grindelwald pueblo,Grindelwald,Pueblo,46.624273,8.036746,46.624273,8.036746,0,6000,1,1,1,1,4,Grindelwald,"Bruderklausenkirche, 4, Grossenhausweg, Swiss Alp Resort, Grindelwald, Verwaltungskreis In",photon/photon,verificado
europa_central.csv,29,Grindelwald,Grindelwald Terminal,Grindelwald Terminal,Sitio,46.623973,8.020877,46.623973,8.020877,0,300,1,0,1,1,3,Grindelwald,"Grundstrasse, Tuftbach, Grindelwald, Verwaltungskreis Interlaken-Oberhasli, Verwaltungsreg",nominatim/nominatim_bounded,verificado
europa_central.csv,34,Grindelwald,Grosse Scheidegg,Grosse Scheidegg,Trekking,46.655878,8.101867,46.655878,8.101867,0,3000,1,0,1,1,3,Grindelwald,"Grindelwald, Verwaltungskreis Interlaken-Oberhasli, Verwaltungsregion Oberland, Bern/Berne",nominatim/nominatim_bounded,verificado
europa_central.csv,35,Grindelwald,Faulhorn,Faulhorn,Trekking,46.674933,7.999324,46.674933,7.999324,0,3000,1,0,1,1,3,Grindelwald,"50, Grindelwald, Verwaltungskreis Interlaken-Oberhasli, Verwaltungsregion Oberland, Bern/B",nominatim/nominatim_bounded,verificado
europa_central.csv,37,Interlaken,Höhematte / Höheweg,Höhematte,Paseo,46.686015,7.857335,46.686015,7.857335,0,2000,1,1,1,1,4,Interlaken,"Gleitschirmlandeplatz Höhematte, Höheweg, Interlaken, Verwaltungskreis Interlaken-Oberhasl",nominatim/nominatim_bounded,verificado
europa_central.csv,38,Interlaken,Unterseen,Unterseen,Casco histórico,46.687165,7.849637,46.687165,7.849637,0,1500,1,1,1,1,4,Unterseen,"Gemeindeverwaltung Unterseen, 2, Stadthausplatz, Stedli, Unterseen, Verwaltungskreis Inter",nominatim/nominatim_bounded,verificado
europa_central.csv,40,Interlaken,Iseltwald (Lago de Brienz),Iseltwald,Lago,46.700176,7.941531,46.700176,7.941531,0,3000,1,1,1,1,4,Iseltwald,"Unterschwand, Iseltwald, Verwaltungskreis Interlaken-Oberhasli, Verwaltungsregion Oberland",nominatim/fuentes discrepan 2.0 km,verificado
europa_central.csv,41,Interlaken,Giessbachfälle,Giessbachfälle,Naturaleza,46.733552,8.023824,46.733552,8.023824,0,2000,1,0,1,1,3,Axalp,"Giessbach, Axalp, Brienz (BE), Verwaltungskreis Interlaken-Oberhasli, Verwaltungsregion Ob",nominatim/nominatim_bounded,verificado
europa_central.csv,42,Interlaken,Spiez (Lago de Thun),Spiez,Pueblo,46.691947,7.677466,46.691947,7.677466,0,6000,1,1,1,1,4,Spiez,"Sonnenfelsstrasse, Faulensee, Spiez, Verwaltungskreis Frutigen-Niedersimmental, Verwaltung",photon/photon,verificado
europa_central.csv,43,Interlaken,St. Beatus-Höhlen,St. Beatus-Höhlen,Cueva,46.684671,7.782307,46.684671,7.782307,0,300,1,1,1,1,4,Sundlauenen,"St.Beatus-Höhlen, Pilgerweg, Teuffi, Sundlauenen, Beatenberg, Verwaltungskreis Interlaken-",nominatim/nominatim_free,verificado
europa_central.csv,45,Interlaken,Brienz,Brienz,Pueblo,46.756000,8.030301,46.756000,8.030301,0,6000,1,1,-1,1,2,Brienz (BE),"14, Eschweg, Brienz (BE), Verwaltungskreis Interlaken-Oberhasli, Verwaltungsregion Oberlan",photon/bajo_umbral,verificado
europa_central.csv,48,Lauterbrunnen,Valle de Lauterbrunnen,Lauterbrunnen,Paisaje,46.593904,7.907802,46.593904,7.907802,0,2500,1,1,1,1,4,Wengen,"435d, Auf der Fuhren, Wengen, Lauterbrunnen, Verwaltungskreis Interlaken-Oberhasli, Verwal",nominatim/nominatim_bounded,verificado
europa_central.csv,50,Lauterbrunnen,Stechelberg,Stechelberg,Paisaje,46.545016,7.902199,46.545016,7.902199,0,2500,1,1,1,1,4,Stechelberg,"590, Rütti, Matte, Stechelberg, Lauterbrunnen, Verwaltungskreis Interlaken-Oberhasli, Verw",nominatim/nominatim_bounded,verificado
europa_central.csv,51,Lauterbrunnen,Mürren,Mürren,Pueblo,46.559140,7.892879,46.559140,7.892879,0,6000,1,1,1,1,4,Mürren,"1000b, Unterdorf, Lengwald, Mürren, Lauterbrunnen, Verwaltungskreis Interlaken-Oberhasli, ",nominatim/nominatim_free,verificado
europa_central.csv,53,Lauterbrunnen,Wengen,Wengen,Pueblo,46.605441,7.921724,46.605441,7.921724,0,6000,1,1,1,1,4,Wengen,"Waldschluecht, Auf der Burg, Wengen, Lauterbrunnen, Verwaltungskreis Interlaken-Oberhasli,",nominatim/nominatim_free,verificado
europa_central.csv,54,Lauterbrunnen,Schilthorn / Piz Gloria,Schilthorn,Teleférico,46.557282,7.835174,46.557282,7.835174,0,300,1,1,1,1,4,Lauterbrunnen,"Drehrestaurant Piz Gloria, 925k, Schilthorn, Lauterbrunnen, Verwaltungskreis Interlaken-Ob",nominatim/nominatim_bounded,verificado
europa_central.csv,57,Lucerna,Museggmauer,Museggmauer,Sitio histórico,47.055135,8.307193,47.055135,8.307193,0,200,1,0,1,1,3,Luzern,"1, Brambergstrasse, Hochwacht, Altstadt, Luzern, 6004, Schweiz/Suisse/Svizzera/Svizra",nominatim/nominatim_bounded,verificado
europa_central.csv,58,Lucerna,Jesuitenkirche,Jesuitenkirche,Iglesia,47.050438,8.305149,47.050438,8.305149,0,150,1,0,1,1,3,Luzern,"11a, Bahnhofstrasse, Kleinstadt, Luzern, 6003, Schweiz/Suisse/Svizzera/Svizra",nominatim/nominatim_free,verificado
europa_central.csv,59,Lucerna,Monte Rigi,Rigi,Excursión,47.056678,8.485265,47.056678,8.485265,0,3000,1,1,1,1,4,Arth,"Sender Rigi, Kulmweg, Arth, Schwyz, 6356, Schweiz/Suisse/Svizzera/Svizra",nominatim/nominatim_bounded,verificado
europa_central.csv,62,Innsbruck,María-Theresien-Strasse,María-Theresien-Strasse,Sitio histórico,47.266117,11.393969,47.266117,11.393969,0,200,1,0,1,1,3,Innsbruck,"La Mara, 10, Maria-Theresien-Straße, Innenstadt, Innsbruck, Tirol, 6020, Österreich",nominatim/nominatim_bounded,verificado
europa_central.csv,72,Viena,Palacio Schönbrunn,Schönbrunn Palace,Monumento,48.184989,16.311568,48.184989,16.311568,0,200,1,0,1,1,3,Wien,"Kindermuseum, Hietzinger Allee, Katastralgemeinde Schönbrunn, Hietzing, Wien, 1130, Österr",nominatim/bajo_umbral,verificado
europa_central.csv,73,Viena,Palacio Belvedere (Upper Belvedere),Upper Belvedere,Monumento,48.191541,16.380888,48.191541,16.380888,0,200,1,0,1,1,3,Wien,"Oberes Belvedere, 27, Prinz-Eugen-Straße, Wieden, Katastralgemeinde Landstraße, Landstraße",photon/bajo_umbral,verificado
europa_central.csv,74,Viena,Hofburg,Hofburg Palace,Sitio histórico,48.206329,16.365626,48.206329,16.365626,0,200,1,0,1,1,3,Wien,"Choralschola der Hofburgkapelle, Schlossergang, Widmerviertel, Katastralgemeinde Innere St",nominatim/nominatim_free,verificado
europa_central.csv,78,Viena,Karlskirche,Karlskirche,Sitio histórico,48.198279,16.371895,48.198279,16.371895,0,200,1,0,1,1,3,Wien,"10, Karlsplatz, Freihausviertel, Wieden, Wien, 1040, Österreich",nominatim/nominatim_bounded,verificado
europa_central.csv,82,Viena,Café Central,Café Central,Café,48.210367,16.365387,48.210367,16.365387,0,120,1,1,1,1,4,Wien,"Café Central, Herrengasse, Schottenviertel, Katastralgemeinde Innere Stadt, Innere Stadt, ",nominatim/nominatim_bounded,verificado
europa_central.csv,83,Viena,Café Sperl,Café Sperl,Café,48.199838,16.361170,48.199838,16.361170,0,120,1,1,1,1,4,Wien,"Café Sperl, 11, Gumpendorfer Straße, Untere Windmühle, Mariahilf, Katastralgemeinde Mariah",nominatim/nominatim_bounded,verificado
europa_central.csv,84,Viena,Café Hawelka,Café Hawelka,Café,48.207956,16.369805,48.207956,16.369805,0,120,1,1,1,1,4,Wien,"Café Hawelka, 6, Dorotheergasse, Kärntner Viertel, Katastralgemeinde Innere Stadt, Innere ",nominatim/nominatim_bounded,verificado
europa_central.csv,86,Viena,Demel,Demel,Café,48.208605,16.367211,48.208605,16.367211,0,120,1,1,1,1,4,Wien,"Demel, 14, Kohlmarkt, Widmerviertel, Katastralgemeinde Innere Stadt, Innere Stadt, Wien, 1",nominatim/nominatim_bounded,verificado
europa_central.csv,87,Viena,Riesenrad (noria gigante),Wiener Riesenrad,Parque,48.216741,16.395909,48.216741,16.395909,0,600,1,0,1,1,3,Wien,"Riesenrad, 90, Wurstelprater, Leopoldstadt, Katastralgemeinde Leopoldstadt, Leopoldstadt, ",nominatim/nominatim_bounded,verificado
europa_central.csv,88,Viena,Wurstelprater,Wurstelprater,Parque,48.215609,16.399577,48.215609,16.399577,0,600,1,1,1,1,4,Wien,"45, Wurstelprater, Leopoldstadt, Katastralgemeinde Leopoldstadt, Leopoldstadt, Wien, 1020,",nominatim/nominatim_bounded,verificado
europa_central.csv,89,Viena,Schweizerhaus,Schweizerhaus,Parque,48.213921,16.401556,48.213921,16.401556,0,600,1,1,1,1,4,Wien,"Schweizerhaus, 116, Wurstelprater, Leopoldstadt, Katastralgemeinde Leopoldstadt, Leopoldst",nominatim/nominatim_bounded,verificado
europa_central.csv,90,Viena,Kunsthistorisches Museum (KHM),Kunsthistorisches Museum,Museo,48.203739,16.361782,48.203739,16.361782,0,150,1,0,1,1,3,Wien,"5, Burgring, Kärntner Viertel, Katastralgemeinde Innere Stadt, Innere Stadt, Wien, 1010, Ö",nominatim/nominatim_free,verificado
europa_central.csv,91,Viena,Albertina,Albertina,Museo,48.204636,16.368261,48.204636,16.368261,0,150,1,1,1,1,4,Wien,"Albertina, 1, Albertinaplatz, Kärntner Viertel, Katastralgemeinde Innere Stadt, Innere Sta",nominatim/nominatim_free,verificado
europa_central.csv,92,Viena,Leopold Museum (MuseumsQuartier),Leopold Museum,Museo,48.202590,16.359067,48.202590,16.359067,0,150,1,0,1,1,3,Wien,"MQ Libelle, 1, Museumsplatz, Sankt Ulrich, Spittelberg, Katastralgemeinde Neubau, Neubau, ",nominatim/nominatim_free,verificado
europa_central.csv,93,Viena,Haus der Musik,Haus der Musik,Museo,48.203792,16.373155,48.203792,16.373155,0,150,1,1,1,1,4,Wien,"Haus der Musik, 30, Seilerstätte, Kärntner Viertel, Katastralgemeinde Innere Stadt, Innere",nominatim/nominatim_free,verificado
europa_central.csv,94,Viena,Kunsthalle Wien,Kunsthalle Wien,Museo,48.202973,16.357972,48.202973,16.357972,0,150,1,1,1,1,4,Wien,"Kunsthalle Wien, 1, Museumsplatz, Sankt Ulrich, Spittelberg, Katastralgemeinde Neubau, Neu",nominatim/nominatim_free,verificado
europa_central.csv,95,Viena,Naturhistorisches Museum,Naturhistorisches Museum,Museo,48.205269,16.359755,48.205269,16.359755,0,150,1,0,1,1,3,Wien,"Zoologische Hauptbibliothek, 7, Burgring, Regierungsviertel, Katastralgemeinde Innere Stad",nominatim/nominatim_free,verificado
europa_central.csv,97,Viena,Kahlenberg,Kahlenberg,Puente,48.276342,16.333068,48.276342,16.333068,0,150,1,0,1,1,3,Wien,"Villenweg, Katastralgemeinde Josefsdorf, Döbling, Wien, 1190, Österreich",nominatim/nominatim_bounded,verificado
europa_central.csv,99,Viena,Karl-Marx-Hof,Karl-Marx-Hof,Puente,48.250160,16.364539,48.250160,16.364539,0,150,1,0,1,1,3,Wien,"15-17/48, Boschstraße, Katastralgemeinde Heiligenstadt, Döbling, Wien, 1190, Österreich",nominatim/nominatim_bounded,verificado
europa_central.csv,100,Viena,Zentralfriedhof,Zentralfriedhof,Puente,48.149334,16.438663,48.149334,16.438663,0,150,1,0,1,1,3,Wien,"Johann-Hatzl-Platz, Katastralgemeinde Kaiserebersdorf, Simmering, Wien, 1110, Österreich",nominatim/nominatim_bounded,verificado
europa_central.csv,101,Viena,Spittelberg,Spittelberg,Puente,48.203354,16.355452,48.203354,16.355452,0,150,1,1,1,1,4,Wien,"Spittelberggasse, Sankt Ulrich, Spittelberg, Katastralgemeinde Neubau, Neubau, Wien, 1070,",nominatim/nominatim_bounded,verificado
europa_central.csv,102,Viena,Josefstadt (8º),Josefstadt,Puente,48.210598,16.351750,48.210598,16.351750,0,150,1,1,1,1,4,Wien,"Dr. Sylvia Artner, 1, Maria-Treu-Gasse, Buchfeld, Josefstadt, Katastralgemeinde Josefstadt",nominatim/nominatim_bounded,verificado
europa_central.csv,103,Viena,Ottakring (16º),Ottakring,Puente,48.211032,16.311357,48.211032,16.311357,0,150,1,1,1,1,4,Wien,"Ottakring, Paltaufgasse, Katastralgemeinde Ottakring, Ottakring, Wien, 1160, Österreich",nominatim/nominatim_bounded,verificado
europa_central.csv,105,Viena,Donauinsel,Donauinsel,Puente,48.226611,16.412238,48.226611,16.412238,0,150,1,0,1,1,3,Wien,"Rechter Uferbegleitweg, Katastralgemeinde Kaisermühlen, Donaustadt, Wien, 1220, Österreich",nominatim/nominatim_bounded,verificado
europa_central.csv,106,Viena,Stadtpark,Stadtpark,Parque,48.204767,16.379678,48.204767,16.379678,0,600,1,1,1,1,4,Wien,"Wettersäule, Stadtparksteg, Botschaftsviertel, Katastralgemeinde Innere Stadt, Innere Stad",nominatim/nominatim_free,verificado
europa_central.csv,107,Viena,Burggarten,Burggarten,Puente,48.204384,16.365932,48.204384,16.365932,0,150,1,0,1,1,3,Wien,"Herkulesbrunnen, Goethegasse, Kärntner Viertel, Katastralgemeinde Innere Stadt, Innere Sta",nominatim/nominatim_bounded,verificado
europa_central.csv,114,Praga,Malá Strana (Ciudad Pequeña),Malá Strana,Barrio,50.087158,14.404822,50.087158,14.404822,0,1500,1,1,1,1,4,Praha,"U Hradeb, Malá Strana, obvod Praha 1, Praha, 118 01, Česko",nominatim/nominatim_free,verificado
europa_central.csv,115,Praga,Vinohrady,Vinohrady,Barrio,50.073814,14.451943,50.073814,14.451943,0,1500,1,1,1,1,4,Praha,"2545/11, Hradešínská, Vinohrady, Praha 10, obvod Praha 10, Praha, 101 00, Česko",nominatim/nominatim_free,verificado
europa_central.csv,136,Cracovia,Bar Mleczny Centralny,Bar Mleczny Centralny,Sitio,50.073344,20.037421,50.073344,20.037421,0,300,1,0,1,1,3,Kraków,"Green Caffè Nero, 1, Osiedle Centrum C, Nowa Huta, Kraków, województwo małopolskie, 31-929",nominatim/nominatim_bounded,verificado
europa_central.csv,137,Cracovia,Planty,Planty,Sitio histórico,50.060209,19.941907,50.060209,19.941907,0,200,1,0,1,1,3,Kraków,"Sienna, Stare Miasto, Kraków, województwo małopolskie, 30-960, Polska",nominatim/nominatim_bounded,verificado
europa_central.csv,142,Budapest,Andrássy Út,Andrássy Avenue,Sitio histórico,47.508269,19.067768,47.508269,19.067768,0,200,1,0,1,1,3,Budapest,"Andrássy út, Terézváros, VI. kerület, Budapest, Közép-Magyarország, 1064, Magyarország",nominatim/nominatim_bounded,verificado
europa_central.csv,144,Budapest,Casa del Terror (Terror Háza),House of Terror,Sitio histórico,47.506897,19.065019,47.506897,19.065019,0,200,1,0,1,1,3,Budapest,"Terror Háza Múzeum, 60, Andrássy út, Terézváros, VI. kerület, Budapest, Közép-Magyarország",nominatim/bajo_umbral,verificado
europa_central.csv,147,Budapest,Colina Gellért (Gellért-hegy),Gellért Hill,Sitio histórico,47.486916,19.044562,47.486916,19.044562,0,200,1,0,1,1,3,Budapest,"Citadella sétány, Gellérthegy, XI. kerület, Budapest, Közép-Magyarország, 1118, Magyarorsz",nominatim/bajo_umbral,verificado
europa_central.csv,204,Liubliana,Prešernov trg (Plaza Prešeren),Prešernov trg,Sitio,46.051376,14.505990,46.051376,14.505990,0,300,1,1,1,1,4,Ljubljana,"Sten Time, 1, Prešernov trg, Ledina, Grajski grič, Četrtna skupnost Center, Ljubljana, Upr",nominatim/nominatim_bounded,verificado
europa_central.csv,205,Liubliana,Puente del Dragón (Zmajski most),Zmajski most,Sitio,46.051932,14.510414,46.051932,14.510414,0,300,1,1,1,1,4,Ljubljana,"Zmajski most, Resljeva cesta, Ledina, Grajski grič, Četrtna skupnost Center, Ljubljana, Up",nominatim/nominatim_bounded,verificado
europa_central.csv,206,Liubliana,Castillo de Liubliana (Ljubljanski grad),Ljubljanski grad,Sitio,46.048782,14.508538,46.048782,14.508538,0,300,1,0,1,1,3,Ljubljana,"Gostilna na Gradu, 1, Grajska planota, Žabjak, Grajski grič, Četrtna skupnost Center, Ljub",nominatim/nominatim_bounded,verificado
europa_central.csv,207,Liubliana,Plečnikove Arkade (Mercado Central),Plečnikove arkade,Sitio,46.051396,14.508070,46.051396,14.508070,0,300,1,0,1,1,3,Ljubljana,"LOO-BLAH-NAH, Pogačarjev trg, Ledina, Grajski grič, Četrtna skupnost Center, Ljubljana, Up",nominatim/nominatim_bounded,verificado
europa_central.csv,208,Liubliana,Río Ljubljanica (paseo orillas),Ljubljanica,Sitio,46.009171,14.487358,46.009171,14.487358,0,300,1,0,1,1,3,Črna vas,"200a, Črna vas, Lipe, Četrtna skupnost Rudnik, Črna vas, Ljubljana, Upravna Enota Ljubljan",nominatim/nominatim_bounded,verificado
europa_central.csv,209,Liubliana,Stari trg y Mestni trg,Stari trg,Sitio,46.046713,14.506748,46.046713,14.506748,0,300,1,1,1,1,4,Ljubljana,"34, Stari trg, Žabjak, Grajski grič, Četrtna skupnost Center, Ljubljana, Upravna Enota Lju",nominatim/nominatim_bounded,verificado
europa_central.csv,210,Liubliana,Plečnikova hiša (Casa Plečnik),Plečnikova hiša,Museo,46.042365,14.502127,46.042365,14.502127,0,150,1,1,1,1,4,Ljubljana,"Plečnikova hiša, 4-6, Karunova ulica, Krakovo, Murgle, Četrtna skupnost Trnovo, Ljubljana,",nominatim/nominatim_free,verificado
europa_central.csv,211,Liubliana,Galería Nacional de Eslovenia (Narodna Galerija),Narodni muzej Slovenije,Museo,46.052072,14.499536,46.052072,14.499536,0,150,1,1,1,1,4,Ljubljana,"Narodni muzej Slovenije – Prešernova, 20, Prešernova cesta, Vrtača, Grajski grič, Četrtna ",nominatim/nominatim_free,verificado
europa_central.csv,212,Liubliana,Moderna Galerija (MG+MSUM),Moderna Galerija,Museo,46.052968,14.498762,46.052968,14.498762,0,150,1,1,1,1,4,Ljubljana,"Moderna Galerija, 14, Tomšičeva ulica, Vrtača, Grajski grič, Četrtna skupnost Center, Ljub",nominatim/nominatim_free,verificado
europa_central.csv,213,Liubliana,BTC City,Tržnica BTC City,Museo,46.064203,14.544492,46.064203,14.544492,0,150,1,0,1,1,3,Ljubljana,"Francoska ulica, BTC, Nove Jarše, Četrtna skupnost Jarše, Ljubljana, Upravna Enota Ljublja",nominatim/nominatim_free,verificado
europa_central.csv,214,Liubliana,Tivoli Park,Park Tivoli,Naturaleza,46.055146,14.495728,46.055146,14.495728,0,2000,1,0,1,1,3,Ljubljana,"Javorjev rondo, Grajski grič, Četrtna skupnost Center, Ljubljana, Upravna Enota Ljubljana,",nominatim/nominatim_bounded,verificado
europa_central.csv,215,Liubliana,Barrio Trnovo,Četrtna skupnost Trnovo,Naturaleza,46.041719,14.503884,46.041719,14.503884,0,2000,1,1,1,1,4,Ljubljana,"3, Švabićeva ulica, Krakovo, Četrtna skupnost Trnovo, Ljubljana, Upravna Enota Ljubljana, ",nominatim/fuentes discrepan 3.4 km,verificado
europa_central.csv,216,Lagos Alpinos,Miradores Ojstrica + Mala Osojnica,Ojstrica,Lago,46.359633,14.078458,46.359633,14.078458,0,3000,1,0,1,1,3,Bled,"Kidričeva cesta, Bled, 4263, Slovenija",nominatim/nominatim_free,verificado
europa_central.csv,217,Lagos Alpinos,Bled Island (isla),Blejski otok,Lago,46.362293,14.090048,46.362293,14.090048,0,3000,1,0,1,1,3,Bled,"Tickets, Northern Stone Staircase, Mlino, Bled, 4260, Slovenija",nominatim/nominatim_free,verificado
europa_central.csv,218,Lagos Alpinos,Bled Castle / Blejski grad,Blejski grad,Lago,46.369703,14.100521,46.369703,14.100521,0,3000,1,0,1,1,3,Bled,"61, Grajska cesta, Bled, 4260, Slovenija",nominatim/nominatim_bounded,verificado
europa_central.csv,219,Lagos Alpinos,Orillas del lago Bohinj,Bohinjsko jezero,Lago,46.282265,13.864531,46.282265,13.864531,0,3000,1,0,1,1,3,Ribčev Laz,"904, Ribčev Laz, Bohinj, 4265, Slovenija",nominatim/nominatim_free,verificado
europa_central.csv,221,Lagos Alpinos,Mostnica Gorge + Valle de Voje,Korita Mostnice,Lago,46.298117,13.885490,46.298117,13.885490,0,3000,1,1,1,1,4,Stara Fužina,"Korita Mostnice, Stara Fužina, Bohinj, 4265, Slovenija",nominatim/nominatim_bounded,verificado
europa_central.csv,222,Lagos Alpinos,Vogar (mirador sobre el lago),Planina Zgornji Vogar,Lago,46.299885,13.866653,46.299885,13.866653,0,3000,1,0,1,1,3,Bohinj,"Planina Vogar, Bohinj, 4265, Slovenija",nominatim/nominatim_free,verificado
europa_central.csv,223,Lagos Alpinos,Iglesia de San Juan Bautista (Sv. Janez Krstnik),Sveti Janez Krstnik,Lago,46.390442,14.109666,46.390442,14.109666,0,3000,1,1,1,1,4,Zasip,"Sveti Janez Krstnik, Stagne, Zasip, Bled, 4260, Slovenija",nominatim/nominatim_bounded,verificado
europa_central.csv,225,Lagos Alpinos,Radovljica,Radovljica,Sitio,46.343509,14.172023,46.343509,14.172023,0,300,1,1,1,1,4,Radovljica,"Radovljica, 4240, Slovenija",nominatim/fuentes discrepan 2.0 km,verificado
europa_central.csv,226,Lagos Alpinos,Kropa,Kropa,Sitio,46.291089,14.204703,46.291089,14.204703,0,300,1,1,1,1,4,Kropa,"83, Kropa, Radovljica, 4245, Slovenija",nominatim/nominatim_bounded,verificado
europa_central.csv,228,Lagos Alpinos,Pokljuka (meseta),Športni center Triglav Pokljuka,Sitio,46.344147,13.921891,46.344147,13.921891,0,300,1,1,1,1,4,Bohinj,"Športni center Triglav Pokljuka, 906, Bohinj, 4267, Slovenija",nominatim/nominatim_bounded,verificado
europa_central.csv,230,Karst y Cuevas,Postojna Cave,Postojnska jama,Cueva,45.782711,14.203855,45.782711,14.203855,0,300,1,1,1,1,4,Veliki Otok,"Postojnska jama, Pot pastirčka Jakoba, Sovič, Veliki Otok, Postojna, 6230, Slovenija",nominatim/nominatim_free,verificado
europa_central.csv,231,Karst y Cuevas,Predjama Castle,Predjamski grad,Cueva,45.815734,14.126592,45.815734,14.126592,0,300,1,1,1,1,4,Predjama,"Predjamski grad, 1, Predjama, Pristava, Predjama, Postojna, 6230, Slovenija",nominatim/nominatim_bounded,verificado
europa_central.csv,232,Karst y Cuevas,Križna jama,Križna jama,Cueva,45.745231,14.467352,45.745231,14.467352,0,300,1,1,1,1,4,Bloška Polica,"Križna jama, Križna jama - Križna gora, Bloška Polica, Cerknica, 1384, Slovenija",nominatim/nominatim_free,verificado
europa_central.csv,233,Karst y Cuevas,Rakov Škocjan,Rakov Škocjan,Cueva,45.786116,14.299133,45.786116,14.299133,0,300,1,1,1,1,4,Cerknica,"25, Rakov Škocjan, Cerknica, 1380, Slovenija",nominatim/fuentes discrepan 1.0 km,verificado
europa_central.csv,234,Karst y Cuevas,Lago Cerknica (Cerkniško jezero),Cerkniško jezero,Cueva,45.741074,14.376964,45.741074,14.376964,0,300,1,0,1,1,3,Otok,"Opazovalnica Otoški grič, Otok, Cerknica, 1384, Slovenija",nominatim/nominatim_bounded,verificado
europa_central.csv,236,Valle del Soča,Tolminska korita / Tolmin Gorges,Tolmin,Naturaleza,46.182921,13.733338,46.182921,13.733338,0,2000,1,1,1,1,4,Tolmin,"Knjigarna in papirnica Tolmin, 19, Trg maršala Tita, Loče, Tolmin, 5220, Slovenija",nominatim/nominatim_bounded,verificado
europa_central.csv,237,Valle del Soča,Slap Kozjak,Slap Kozjak,Naturaleza,46.259103,13.590393,46.259103,13.590393,0,2000,1,0,1,1,3,Kobarid,"Soška pot, Kobarid, 5222, Slovenija",nominatim/nominatim_bounded,verificado
europa_central.csv,238,Valle del Soča,Slap Virje,Slap Virje,Naturaleza,46.334916,13.513972,46.334916,13.513972,0,2000,1,0,1,1,3,Plužna,"Plužna, Pod Turo, Plužna, Bovec, 5230, Slovenija",nominatim/nominatim_bounded,verificado
europa_central.csv,239,Valle del Soča,Slap Boka,Slap Boka,Naturaleza,46.322211,13.481585,46.322211,13.481585,0,2000,1,1,1,1,4,Žaga,"Slap Boka, 203, Gornja Žaga, Bočic, Žaga, Bovec, 5224, Slovenija",nominatim/nominatim_bounded,verificado
europa_central.csv,240,Valle del Soča,Velika korita Soče (Gran Garganta),Velika Korita Soče,Naturaleza,46.338444,13.646209,46.338444,13.646209,0,2000,1,0,1,1,3,Soča,"206, Podklanec, Soča, Bovec, 5232, Slovenija",nominatim/nominatim_bounded,verificado
europa_central.csv,241,Valle del Soča,Šunikov vodni gaj / Šunik Water Grove,Šunikov vodni gaj parkirišče,Naturaleza,46.312751,13.658013,46.312751,13.658013,0,2000,1,1,1,1,4,Bovec,"Šunikov vodni gaj parkirišče, Šunikov vodni gaj, Lepena, Bovec, 5232, Slovenija",nominatim/nominatim_bounded,verificado
europa_central.csv,242,Valle del Soča,Kobariški muzej / Museo de Kobarid,Kobarid,Sitio histórico,46.245546,13.579170,46.245546,13.579170,0,200,1,1,1,1,4,Kobarid,"19, Volaričeva ulica, Svino, Kobarid, 5222, Slovenija",nominatim/nominatim_bounded,verificado
europa_central.csv,243,Valle del Soča,Kobarid Historical Trail,Kobariška zgodovinska pot,Sitio histórico,46.252424,13.579462,46.252424,13.579462,0,200,1,1,1,1,4,Kobarid,"Kobariška Zgodovinska pot, Pot na gradič, Svino, Kobarid, 5222, Slovenija",nominatim/nominatim_bounded,verificado
europa_central.csv,244,Valle del Soča,SUP / baño en pozas del Soča,Soča,Trekking,46.323930,13.565052,46.323930,13.565052,0,3000,1,0,1,1,3,Kal-Koritnica,"Kal-Koritnica, Bovec, 5230, Slovenija",nominatim/fuentes discrepan 5.6 km,verificado
europa_central.csv,245,Valle del Soča,Bovec,Bovec,Pueblo,46.338585,13.552419,46.338585,13.552419,0,6000,1,1,1,1,4,Bovec,"Osnovna šola Bovec, 17, Trg golobarskih žrtev, Kaninska Vas, Dvor, Bovec, 5230, Slovenija",nominatim/nominatim_free,verificado
europa_central.csv,246,Valle del Soča,Trenta,Trenta,Pueblo,46.380809,13.751843,46.380809,13.751843,0,6000,1,1,1,1,4,Soča,"35, Trenta, Soča, Bovec, 5232, Slovenija",nominatim/nominatim_free,verificado
europa_central.csv,247,Valle del Soča,Most na Soči,Most na Soči,Pueblo,46.152094,13.744018,46.152094,13.744018,0,6000,1,1,1,1,4,Most na Soči,"13, Most na Soči, Tolmin, 5216, Slovenija",nominatim/nominatim_free,verificado
europa_central.csv,248,Costa Eslovena,Tartinijev trg (Plaza Tartini),Tartinijev trg,Sitio,45.528534,13.568419,45.528534,13.568419,0,300,1,1,1,1,4,Piran / Pirano,"Čokoladnica Olimlje, 5, Tartinijev Trg - Piazza Giuseppe Tartini, Raštel, Piran / Pirano (",nominatim/nominatim_bounded,verificado
europa_central.csv,250,Costa Eslovena,Iglesia/campanario de San Jorge (Sv. Jurij),Sv. Jurij,Sitio,45.529670,13.568329,45.529670,13.568329,0,300,1,1,1,1,4,Piran / Pirano,"Sv. Jurij / San Giorgio, Adamičeva ulica, Raštel, Piran / Pirano (naselje), Piran / Pirano",nominatim/nominatim_bounded,verificado
europa_central.csv,251,Costa Eslovena,Koper,Koper,Sitio,45.547986,13.730478,45.547986,13.730478,0,300,1,1,1,1,4,Koper / Capodistria,"Trg Brolo / Brolo, Olmo, Koper / Capodistria (naselje), Koper / Capodistria, Upravna enota",nominatim/nominatim_bounded,verificado
europa_central.csv,252,Costa Eslovena,Izola,Izola,Sitio,45.539894,13.659390,45.539894,13.659390,0,300,1,1,1,1,4,Izola / Isola,"24, Trubarjeva ulica, Izola / Isola (naselje), Izola / Isola, Upravna enota Izola / Unità ",nominatim/fuentes discrepan 1.2 km,verificado
europa_central.csv,253,Costa Eslovena,Portorož,Portorož,Sitio,45.514649,13.591011,45.514649,13.591011,0,300,1,1,1,1,4,Portorož / Portorose,"K stari cesti, Fizine / Fisine, Portorož / Portorose (naselje), Portorož / Portorose, Pira",nominatim/nominatim_bounded,verificado
europa_central.csv,256,Valle del Soča,Walk of Peace / Pot miru,The Walks of Peace,Sitio histórico,46.340924,13.583121,46.340924,13.583121,0,200,1,1,1,1,4,Kal-Koritnica,"The Walks of Peace, Ravni Laz, Kal-Koritnica, Bovec, 5230, Slovenija",photon/bajo_umbral,verificado
europa_central.csv,257,Liubliana,Barrio Krakovo,Krakovo,Naturaleza,46.044896,14.503783,46.044896,14.503783,0,2000,1,1,1,1,4,Ljubljana,"1, Kladezna ulica, Krakovo, Četrtna skupnost Trnovo, Ljubljana, Upravna Enota Ljubljana, 1",nominatim/nominatim_bounded,verificado
europa_central.csv,260,Valle del Soča,Zipline Kanin/Učja,Zipline Canyon Učja,Trekking,46.310624,13.469980,46.310624,13.469980,0,3000,1,1,1,1,4,Žaga,"Zipline Canyon Učja, 401, Potok, Njivica, Žaga, Bovec, 5224, Slovenija",nominatim/nominatim_bounded,verificado
europa_central.csv,261,Costa Eslovena,Strunjan Nature Park (acantilados + Moon Bay),Krajinski park Strunjan,Naturaleza,45.533873,13.616785,45.533873,13.616785,0,2000,1,0,1,1,3,Dobrava,"Dobrava / Dobrava presso Isola (naselje), Dobrava, Izola / Isola, Upravna enota Izola / Un",nominatim/nominatim_bounded,verificado
europa_del_sur.csv,3,Lisboa,Torre de Belém,Torre de Belém,Monumento,38.691586,-9.215929,38.691586,-9.215929,0,200,1,0,1,1,3,Lisboa,"Estátua de Nossa Senhora do Bom Sucesso, Avenida de Brasília, Pedrouços, São Francisco Xav",nominatim/nominatim_bounded,verificado
europa_del_sur.csv,6,Lisboa,Arco da Rua Augusta,Arco da Rua Augusta,Monumento,38.708443,-9.136816,38.708443,-9.136816,0,200,1,0,1,1,3,Lisboa,"Rua Augusta, Santa Maria Maior, Madalena, Lisboa, 1149-019, Portugal",nominatim/nominatim_bounded,verificado
europa_del_sur.csv,8,Lisboa,Igreja de São Roque,Igreja de São Roque,Iglesia,38.713620,-9.143427,38.713620,-9.143427,0,150,1,1,1,1,4,Lisboa,"Igreja de São Roque, Largo Trindade Coelho, Encarnação, Misericórdia, Lisboa, 1200-470, Po",nominatim/nominatim_free,verificado
europa_del_sur.csv,9,Lisboa,Sé de Lisboa,Sé de Lisboa,Iglesia,38.709818,-9.132800,38.709818,-9.132800,0,150,1,1,1,1,4,Lisboa,"Sé de Lisboa, Largo da Sé, Sé, Santa Maria Maior, Madalena, Lisboa, 1100-501, Portugal",nominatim/nominatim_free,verificado
europa_del_sur.csv,10,Lisboa,Miradouro da Graça,Miradouro da Graça,Mirador,38.716523,-9.131543,38.716523,-9.131543,0,150,1,0,1,1,3,Lisboa,"Miradouro Sophia de Mello Breyner Andresen, São Vicente de Fora, Graça, São Vicente, Lisbo",nominatim/fuentes discrepan 1.1 km,verificado
europa_del_sur.csv,11,Lisboa,Miradouro das Portas do Sol,Miradouro das Portas do Sol,Mirador,38.712346,-9.130366,38.712346,-9.130366,0,150,1,0,1,1,3,Lisboa,"88-108, Largo das Portas do Sol, Santiago, Santa Maria Maior, Madalena, Lisboa, 1100-411, ",nominatim/nominatim_free,verificado
europa_del_sur.csv,12,Lisboa,Miradouro de Santa Luzia,Miradouro de Santa Luzia,Mirador,38.711741,-9.130216,38.711741,-9.130216,0,150,1,1,1,1,4,Lisboa,"Miradouro de Santa Luzia, Largo de Santa Luzia, Santiago, Santa Maria Maior, Madalena, Lis",nominatim/nominatim_free,verificado
europa_del_sur.csv,13,Lisboa,Miradouro de Santa Catarina,Miradouro de Santa Catarina,Mirador,38.709450,-9.147724,38.709450,-9.147724,0,150,1,1,1,1,4,Lisboa,"Miradouro de Santa Catarina, Rua dos Cordoeiros, Santa Catarina, Misericórdia, Lisboa, 120",nominatim/nominatim_free,verificado
europa_del_sur.csv,15,Lisboa,Elevador de Santa Justa,Elevador de Santa Justa,Transporte,38.712117,-9.139375,38.712117,-9.139375,0,300,1,1,1,1,4,Lisboa,"Elevador de Santa Justa - Cabine 1, Rua de Santa Justa, Santa Maria Maior, Madalena, Lisbo",nominatim/nominatim_bounded,verificado
europa_del_sur.csv,16,Lisboa,MAAT,MAAT,Museo,38.695934,-9.193624,38.695934,-9.193624,0,150,1,0,1,1,3,Lisboa,"Avenida de Brasília, São Francisco Xavier, Belém, Lisboa, 1300-598, Portugal",nominatim/nominatim_free,verificado
europa_del_sur.csv,17,Lisboa,Fundação Calouste Gulbenkian,Fundação Calouste Gulbenkian,Museo,38.737290,-9.154801,38.737290,-9.154801,0,150,1,1,1,1,4,Lisboa,"Fundação Calouste Gulbenkian, 45A, Avenida de Berna, Campo Pequeno, Avenidas Novas, Lisboa",nominatim/nominatim_bounded,verificado
europa_del_sur.csv,18,Lisboa,Museu Nacional do Azulejo,Museu Nacional do Azulejo,Museo,38.724724,-9.113914,38.724724,-9.113914,0,150,1,1,1,1,4,Lisboa,"Museu Nacional do Azulejo, 4, Rua da Madre de Deus, São João, Penha de França, Lisboa, 190",nominatim/nominatim_free,verificado
europa_del_sur.csv,19,Lisboa,Museu Nacional de Arte Antiga,Museu Nacional de Arte Antiga,Museo,38.704785,-9.161466,38.704785,-9.161466,0,150,1,1,1,1,4,Lisboa,"Museu Nacional de Arte Antiga, 59, Rua das Janelas Verdes, Santos-o-Velho, Prazeres, Estre",nominatim/nominatim_free,verificado
europa_del_sur.csv,20,Lisboa,Museu dos Coches,Museu Nacional dos Coches,Museo,38.696864,-9.197987,38.696864,-9.197987,0,150,1,1,1,1,4,Lisboa,"Museu Nacional dos Coches, 136, Avenida da Índia, São Francisco Xavier, Belém, Lisboa, 130",nominatim/nominatim_free,verificado
europa_del_sur.csv,21,Lisboa,Museu do Fado,Museu do Fado,Museo,38.711025,-9.127660,38.711025,-9.127660,0,150,1,1,1,1,4,Lisboa,"Museu do Fado, 1, Largo do Chafariz de Dentro, Alfama, Santa Maria Maior, Madalena, Lisboa",nominatim/nominatim_free,verificado
europa_del_sur.csv,22,Lisboa,Museu Nacional de Arqueologia,Museu Nacional de Arqueologia,Museo,38.697366,-9.207079,38.697366,-9.207079,0,150,1,1,1,1,4,Lisboa,"Museu Nacional de Arqueologia, Praça do Império, São Francisco Xavier, Belém, Lisboa, 1400",nominatim/nominatim_free,verificado
europa_del_sur.csv,24,Lisboa,Baixa / Chiado,Chiado,Barrio,38.710330,-9.140519,38.710330,-9.140519,0,1500,1,1,1,1,4,Lisboa,"Baixa-Chiado, Rua de São Nicolau, Mártires, Santa Maria Maior, Madalena, Lisboa, 1100-048,",nominatim/nominatim_free,verificado
europa_del_sur.csv,25,Lisboa,Mouraria,Mouraria,Barrio,38.714991,-9.134842,38.714991,-9.134842,0,1500,1,1,1,1,4,Lisboa,"Palácio da Rosa, 2, Largo da Rosa, Mouraria, Santa Maria Maior, Madalena, Lisboa, 1100-611",nominatim/nominatim_free,verificado
europa_del_sur.csv,26,Lisboa,Bairro Alto,Bairro Alto,Barrio,38.713392,-9.145552,38.713392,-9.145552,0,1500,1,1,1,1,4,Lisboa,"Cunhal das Bolas, Bairro Alto, Misericórdia, Lisboa, 1200-249, Portugal",nominatim/nominatim_free,verificado
europa_del_sur.csv,27,Lisboa,Príncipe Real,Príncipe Real,Barrio,38.716576,-9.148204,38.716576,-9.148204,0,1500,1,1,1,1,4,Lisboa,"Príncipe Real, Praça do Príncipe Real, Mercês, Santo António, Misericórdia, Lisboa, 1250-1",nominatim/nominatim_bounded,verificado
europa_del_sur.csv,29,Lisboa,Cais do Sodré,Cais do Sodré,Barrio,38.705681,-9.143548,38.705681,-9.143548,0,1500,1,1,1,1,4,Lisboa,"Cais do Sodré, Misericórdia, Lisboa, 1249-289, Portugal",nominatim/nominatim_free,verificado
europa_del_sur.csv,30,Lisboa,Campo de Ourique,Campo de Ourique,Barrio,38.715326,-9.167935,38.715326,-9.167935,0,1500,1,1,1,1,4,Lisboa,"Campo de Ourique (Igreja), Rua Azedo Gneco, Santo Condestável, Santa Isabel, Campo de Ouri",photon/photon,verificado
europa_del_sur.csv,31,Lisboa,LX Factory,LX Factory,Barrio,38.702600,-9.178662,38.702600,-9.178662,0,1500,1,1,1,1,4,Lisboa,"Central da avenida, Rua de Santo António ao Calvário;Rua de Santo António, LX Factory, Alc",nominatim/nominatim_bounded,verificado
europa_del_sur.csv,32,Lisboa,Elevador da Bica,Elevador da Bica,Transporte,38.709758,-9.146205,38.709758,-9.146205,0,300,1,0,1,1,3,Lisboa,"Moreira Barber, 12, Rua da Bica de Duarte Belo, Santa Catarina, Misericórdia, Lisboa, 1200",nominatim/nominatim_bounded,verificado
europa_del_sur.csv,33,Lisboa,Elevador da Glória,Elevador da Glória,Transporte,38.715232,-9.143404,38.715232,-9.143404,0,300,1,0,1,1,3,Lisboa,"35, Calçada da Glória, Encarnação, Santo António, Misericórdia, Lisboa, 1250-174, Portugal",nominatim/nominatim_bounded,verificado
europa_del_sur.csv,39,Porto,Torre dos Clérigos,Torre dos Clérigos,Monumento,41.145655,-8.614627,41.145655,-8.614627,0,200,1,1,1,1,4,Porto,"Torre dos Clérigos, Rua da Assunção, Baixa do Porto, Conjunto Urbano da Ribeira, Zona Hist",nominatim/nominatim_bounded,verificado
europa_del_sur.csv,41,Porto,Igreja de São Francisco,Igreja de São Francisco,Iglesia,41.140982,-8.615708,41.140982,-8.615708,0,150,1,1,1,1,4,Porto,"Igreja de São Francisco, Rua do Infante Dom Henrique, São Nicolau, Conjunto Urbano da Ribe",nominatim/nominatim_free,verificado
europa_del_sur.csv,45,Porto,Igreja do Carmo,Igreja do Carmo,Iglesia,41.147456,-8.616255,41.147456,-8.616255,0,150,1,0,1,1,3,Porto,"Azulejos in Nossa Senhora do Carmo, Praça de Carlos Alberto, Baixa do Porto, Conjunto Urba",nominatim/nominatim_free,verificado
europa_del_sur.csv,46,Porto,Sandeman,Sandeman Cellars,Bodega,41.137548,-8.612464,41.137548,-8.612464,0,300,1,0,1,1,3,Vila Nova de Gaia,"Caves Sandeman, 47, Largo de Miguel Bombarda, Devesas, Santa Marinha, Vila Nova de Gaia, P",photon/bajo_umbral,verificado
europa_del_sur.csv,50,Porto,Bonfim,Bonfim,Barrio,41.151070,-8.593957,41.151070,-8.593957,0,1500,1,1,1,1,4,Porto,"Alameda de Cláudio Carneiro, Monte do Bonfim, Bonfim, Porto, 4300-025, Portugal",photon/photon,verificado
europa_del_sur.csv,51,Porto,Cedofeita,Cedofeita,Barrio,41.156076,-8.622714,41.156076,-8.622714,0,1500,1,1,1,1,4,Porto,"12ª - Esquadra de Cedofeita, 16, Praça de Pedro Nunes, Carvalhosa, Cedofeita, Cedofeita, S",nominatim/nominatim_free,verificado
europa_del_sur.csv,52,Porto,Foz do Douro,Foz do Douro,Barrio,41.150846,-8.669108,41.150846,-8.669108,0,1500,1,1,1,1,4,Porto,"Quinta do Monte, 47, Travessa Alegre, Burgal, Foz do Douro, Aldoar, Foz do Douro e Nevogil",nominatim/nominatim_free,verificado
europa_del_sur.csv,53,Porto,Matosinhos,Matosinhos,Barrio,41.180681,-8.682200,41.180681,-8.682200,0,1500,1,1,1,1,4,Matosinhos,"Avenida da República, Basílio Teles, Matosinhos, Porto, 4450-243, Portugal",photon/photon,verificado
europa_del_sur.csv,54,Porto,Vila Nova de Gaia,Vila Nova de Gaia,Barrio,41.129226,-8.605740,41.129226,-8.605740,0,1500,1,1,1,1,4,Vila Nova de Gaia,"Rua das Camélias, Mafamude, Vila Nova de Gaia, Porto, 4430-038, Portugal",photon/photon,verificado
europa_del_sur.csv,55,Porto,Jardim das Virtudes,Jardim das Virtudes,Parque,41.145192,-8.619123,41.145192,-8.619123,0,600,1,0,1,1,3,Porto,"Calçada das Virtudes, Virtudes, Conjunto Urbano da Ribeira, Zona Histórica do Porto, Cedof",nominatim/nominatim_free,verificado
europa_del_sur.csv,56,Porto,Jardins do Palácio de Cristal,Jardins do Palácio de Cristal,Parque,41.147034,-8.626276,41.147034,-8.626276,0,600,1,0,1,1,3,Porto,"Rua de Dom Manuel II, Vilar, Massarelos, Lordelo do Ouro e Massarelos, Porto, 4050-346, Po",nominatim/nominatim_free,verificado
europa_del_sur.csv,57,Porto,Miradouro da Serra do Pilar,Miradouro da Serra do Pilar,Mirador,41.138312,-8.608659,41.138312,-8.608659,0,150,1,0,1,1,3,Vila Nova de Gaia,"Largo de Aviz, Santa Marinha, Vila Nova de Gaia, Porto, 4430-647, Portugal",nominatim/nominatim_bounded,verificado
europa_del_sur.csv,60,Porto,Museu Soares dos Reis,Museu Nacional Soares dos Reis,Museo,41.148277,-8.621397,41.148277,-8.621397,0,150,1,0,1,1,3,Porto,"44, Rua de Dom Manuel II, Palácio, Conjunto Urbano da Ribeira, Cedofeita, Cedofeita, Santo",nominatim/nominatim_free,verificado
europa_del_sur.csv,61,Porto,Serralves,Museu de Arte Contemporânea de Serralves,Museo,41.159132,-8.659406,41.159132,-8.659406,0,150,1,1,1,1,4,Porto,"Museu de Arte Contemporânea de Serralves, 1052, Rua de Serralves, Serralves, Lordelo do Ou",nominatim/nominatim_free,verificado
europa_del_sur.csv,63,Porto,Casa da Música,Casa da Música,Música,41.158903,-8.630775,41.158903,-8.630775,0,300,1,1,1,1,4,Porto,"Casa da Música, 604-610, Avenida da Boavista, Cedofeita, Cedofeita, Santo Ildefonso, Sé, M",nominatim/nominatim_bounded,verificado
europa_del_sur.csv,64,Porto,Museu do Carro Eléctrico,Museu do Carro Eléctrico,Museo,41.147979,-8.632638,41.147979,-8.632638,0,150,1,0,1,1,3,Porto,"51, Alameda de Basílio Teles, Gólgota, Massarelos, Lordelo do Ouro e Massarelos, Porto, 41",photon/photon,verificado
europa_del_sur.csv,66,Florencia,Ponte Vecchio,Ponte Vecchio,Sitio,43.768025,11.253158,43.768025,11.253158,0,300,1,1,1,1,4,Firenze,"Ponte Vecchio, Oltrarno, Quartiere 1, Firenze, Toscana, 50125, Italia",nominatim/nominatim_free,verificado
europa_del_sur.csv,67,Florencia,Piazza della Signoria,Piazza della Signoria,Sitio,43.769574,11.255864,43.769574,11.255864,0,300,1,1,1,1,4,Firenze,"13, Piazza della Signoria, Oltrarno, Quartiere 1, Firenze, Toscana, 50122, Italia",nominatim/nominatim_free,verificado
europa_del_sur.csv,68,Florencia,Piazzale Michelangelo,Piazzale Michelangiolo,Sitio,43.762828,11.264993,43.762828,11.264993,0,300,1,1,1,1,4,Firenze,"Piazzale Michelangiolo, San Niccolò, Quartiere 1, Firenze, Toscana, 50122, Italia",nominatim/nominatim_bounded,verificado
europa_del_sur.csv,70,Florencia,Mercato di Sant'Ambrogio,Mercato di Sant'Ambrogio,Sitio,43.770482,11.266782,43.770482,11.266782,0,300,1,0,1,1,3,Firenze,"Il Cernacchino, Piazza Lorenzo Ghiberti, Quartiere 1, Firenze, Toscana, 50121, Italia",nominatim/nominatim_bounded,verificado
europa_del_sur.csv,71,Florencia,Galleria degli Uffizi,Galleria degli Uffizi,Museo,43.768313,11.255801,43.768313,11.255801,0,150,1,0,1,1,3,Firenze,"2, Piazzale degli Uffizi, Oltrarno, Quartiere 1, Firenze, Toscana, 50122, Italia",nominatim/nominatim_free,verificado
europa_del_sur.csv,72,Florencia,Galleria dell'Accademia (David),Galleria dell'Accademia,Museo,43.776917,11.258758,43.776917,11.258758,0,150,1,1,1,1,4,Firenze,"Galleria dell'Accademia, 58/60, Via Ricasoli, Quartiere 1, Firenze, Toscana, 50122, Italia",nominatim/nominatim_free,verificado
europa_del_sur.csv,74,Florencia,Museo del Bargello,Palazzo del Bargello,Museo,43.770379,11.258262,43.770379,11.258262,0,150,1,0,1,1,3,Firenze,"16, Via della Vigna Vecchia, Quartiere 1, Firenze, Toscana, 50122, Italia",nominatim/nominatim_free,verificado
europa_del_sur.csv,75,Florencia,Officina Profumo-Farmaceutica di Santa Maria Novella,Museo dell'Officina Profumo - Farmaceutica di Santa Maria Novella,Museo,43.774139,11.247779,43.774139,11.247779,0,150,1,1,1,1,4,Firenze,"Museo dell'Officina Profumo - Farmaceutica di Santa Maria Novella, Via della Scala, San Fr",nominatim/nominatim_free,verificado
europa_del_sur.csv,76,Florencia,Basilica di Santa Croce,Basilica di Santa Croce,Museo,43.768365,11.263020,43.768365,11.263020,0,150,1,1,1,1,4,Firenze,"Basilica di Santa Croce, 16, Piazza Santa Croce, Quartiere 1, Firenze, Toscana, 50122, Ita",nominatim/nominatim_bounded,verificado
europa_del_sur.csv,77,Florencia,Oltrarno (Santo Spirito + San Frediano),Oltrarno,Barrio,43.766103,11.250474,43.766103,11.250474,0,1500,1,1,1,1,4,Firenze,"JENNIFER TATTANELLI, 32r, Piazza dei Pitti, Oltrarno, Quartiere 1, Firenze, Toscana, 50125",nominatim/nominatim_free,verificado
europa_del_sur.csv,78,Florencia,San Miniato al Monte,Basilica di San Miniato al Monte,Sitio,43.759432,11.265143,43.759432,11.265143,0,300,1,1,1,1,4,Firenze,"Basilica di San Miniato al Monte, Via delle Porte Sante, San Niccolò, Quartiere 1, Firenze",nominatim/nominatim_bounded,verificado
europa_del_sur.csv,79,Florencia,Mercato Nuovo (Il Porcellino),Piazza del Mercato Nuovo,Sitio,43.770011,11.254052,43.770011,11.254052,0,300,1,1,1,1,4,Firenze,"19 R, Piazza del Mercato Nuovo, Oltrarno, Quartiere 1, Firenze, Toscana, 50123, Italia",nominatim/nominatim_bounded,verificado
europa_del_sur.csv,80,Florencia,Piazza della Repubblica,Piazza della Repubblica,Sitio,43.771519,11.254011,43.771519,11.254011,0,300,1,1,1,1,4,Firenze,"6, Piazza della Repubblica, Quartiere 1, Firenze, Toscana, 50123, Italia",nominatim/nominatim_bounded,verificado
europa_del_sur.csv,81,Roma,Coliseo,Colosseo,Sitio histórico,41.890942,12.491903,41.890942,12.491903,0,200,1,1,1,1,4,Roma,"Piazza del Colosseo, Celio, Municipio Roma I, Roma, Roma Capitale, Lazio, 00184, Italia",nominatim/nominatim_free,verificado
europa_del_sur.csv,83,Roma,Arco de Constantino,Arco di Costantino,Sitio histórico,41.889762,12.490667,41.889762,12.490667,0,200,1,1,1,1,4,Roma,"Arco di Costantino, Piazza dell'Arco di Costantino, Campitelli, Municipio Roma I, Roma, Ro",nominatim/nominatim_bounded,verificado
europa_del_sur.csv,84,Roma,Circus Maximus,Circo Massimo,Sitio histórico,41.886158,12.485309,41.886158,12.485309,0,200,1,0,1,1,3,Roma,"Belvedere Romolo e Remo, Ripa, Municipio Roma I, Roma, Roma Capitale, Lazio, 00153, Italia",nominatim/nominatim_bounded,verificado
europa_del_sur.csv,85,Roma,Panteón,Pantheon,Sitio histórico,41.898616,12.476833,41.898616,12.476833,0,200,1,1,1,1,4,Roma,"Billetteria Pantheon, Piazza della Rotonda, Colonna, Municipio Roma I, Roma, Roma Capitale",nominatim/nominatim_free,verificado
europa_del_sur.csv,86,Roma,Fontana di Trevi,Fontana di Trevi,Sitio histórico,41.900978,12.483285,41.900978,12.483285,0,200,1,0,1,1,3,Roma,"Oceano, Piazza di Trevi, Trevi, Municipio Roma I, Roma, Roma Capitale, Lazio, 00187, Itali",nominatim/nominatim_bounded,verificado
europa_del_sur.csv,89,Roma,Castel Sant'Angelo,Castel Sant'Angelo,Sitio,41.903118,12.466343,41.903118,12.466343,0,300,1,1,1,1,4,Roma,"Caffetteria Ristorante Le Terrazze Castel Sant’Angelo, Lungotevere Vaticano, Borgo, Munici",nominatim/nominatim_bounded,verificado
europa_del_sur.csv,90,Roma,Galleria Borghese,Galleria Borghese,Museo,41.914113,12.492105,41.914113,12.492105,0,150,1,1,1,1,4,Roma,"Galleria Borghese, 5, Piazzale Scipione Borghese, Pinciano, Municipio Roma II, Roma, Roma ",nominatim/nominatim_free,verificado
europa_del_sur.csv,91,Roma,Monumento a Vittorio Emanuele II (Vittoriano / Altare della Patria),Altare della Patria,Museo,41.894687,12.483066,41.894687,12.483066,0,150,1,1,1,1,4,Roma,"Dea Roma, La terrazza dell'Altare della Patria, Campitelli, Municipio Roma I, Roma, Roma C",nominatim/nominatim_free,verificado
europa_del_sur.csv,92,Roma,Musei Capitolini,Musei Capitolini,Museo,41.892666,12.482201,41.892666,12.482201,0,150,1,0,1,1,3,Roma,"Statua equestre di Marco Aurelio, Piazzale Caffarelli, Campitelli, Municipio Roma I, Roma,",nominatim/nominatim_free,verificado
europa_del_sur.csv,93,Roma,Palazzo Doria Pamphilj,Palazzo Doria Pamphilj,Museo,41.897824,12.481561,41.897824,12.481561,0,150,1,1,1,1,4,Roma,"Palazzo Doria Pamphilj, 305, Via del Corso, Pigna, Municipio Roma I, Roma, Roma Capitale, ",nominatim/nominatim_free,verificado
europa_del_sur.csv,94,Roma,Trastevere,Trastevere,Barrio,41.891159,12.466846,41.891159,12.466846,0,1500,1,1,1,1,4,Roma,"70, Via Garibaldi, Trastevere, Municipio Roma I, Roma, Roma Capitale, Lazio, 00153, Italia",nominatim/nominatim_free,verificado
europa_del_sur.csv,95,Roma,Testaccio,Testaccio,Barrio,41.878818,12.476769,41.878818,12.476769,0,1500,1,1,1,1,4,Roma,"Paladina, Via Aldo Manuzio, Testaccio, Municipio Roma I, Roma, Roma Capitale, Lazio, 00153",nominatim/nominatim_free,verificado
europa_del_sur.csv,96,Roma,Monti,Monti,Barrio,41.891973,12.495658,41.891973,12.495658,0,1500,1,1,1,1,4,Roma,"Via degli Orti di Mecenate, Monti, Municipio Roma I, Roma, Roma Capitale, Lazio, 00184, It",nominatim/nominatim_free,verificado
europa_del_sur.csv,97,Roma,Campo de' Fiori,Campo de' Fiori,Barrio,41.895577,12.472159,41.895577,12.472159,0,1500,1,0,1,1,3,Roma,"Parione, Municipio Roma I, Roma, Roma Capitale, Lazio, 00186, Italia",nominatim/nominatim_free,verificado
europa_del_sur.csv,98,Roma,Piazza Navona,Piazza Navona,Barrio,41.898928,12.473118,41.898928,12.473118,0,1500,1,1,1,1,4,Roma,"Gange, Piazza Navona, Parione, Municipio Roma I, Roma, Roma Capitale, Lazio, 00186, Italia",nominatim/nominatim_free,verificado
europa_del_sur.csv,99,Roma,Aventino,Aventino,Barrio,41.883694,12.479417,41.883694,12.479417,0,1500,1,0,1,1,3,Roma,"Via di Santa Sabina, Ripa, Municipio Roma I, Roma, Roma Capitale, Lazio, 00153, Italia",nominatim/nominatim_bounded,verificado
europa_del_sur.csv,100,Roma,Pigneto,Pigneto,Barrio,41.888534,12.533628,41.888534,12.533628,0,1500,1,1,1,1,4,Roma,"Via Gentile da Mogliano, Pigneto, Municipio Roma V, Roma, Roma Capitale, Lazio, 00176, Ita",nominatim/nominatim_free,verificado
europa_del_sur.csv,101,Roma,Ostiense,Ostiense,Barrio,41.857283,12.477881,41.857283,12.477881,0,1500,1,1,1,1,4,Roma,"McDonald's, 273, Via Ostiense, San Paolo, Municipio Roma VIII, Roma, Roma Capitale, Lazio,",nominatim/nominatim_free,verificado
europa_del_sur.csv,102,Roma,Aventine Keyhole (Buco della serratura),Villa del Priorato di Malta,Sitio,41.883486,12.477480,41.883486,12.477480,0,300,1,0,1,1,3,Roma,"Chiesa di Santa Maria del Priorato, Lungotevere Aventino, Ripa, Municipio Roma I, Roma, Ro",nominatim/nominatim_bounded,verificado
europa_del_sur.csv,105,Roma,Quartiere Coppedè,Quartiere Coppedè,Sitio,41.918364,12.502189,41.918364,12.502189,0,300,1,1,1,1,4,Roma,"Ambasciata del Sudafrica, 14, Via Tanaro, Quartiere Coppedè, Trieste, Municipio Roma II, R",nominatim/nominatim_bounded,verificado
europa_del_sur.csv,106,Roma,Centrale Montemartini,Centrale Montemartini,Sitio,41.866547,12.478015,41.866547,12.478015,0,300,1,1,1,1,4,Roma,"Centrale Montemartini, 106, Via Ostiense, Garbatella, Municipio Roma VIII, Roma, Roma Capi",nominatim/nominatim_bounded,verificado
europa_del_sur.csv,107,Nápoles,Cappella Sansevero,Cappella Sansevero,Termas,40.849299,14.254933,40.849299,14.254933,0,150,1,0,1,1,3,Napoli,"Disinganno, 19;21, Via Francesco de Sanctis, Porto, Municipalità 2, Napoli, Campania, 8013",nominatim/nominatim_bounded,verificado
europa_del_sur.csv,109,Nápoles,Via dei Tribunali,Via dei Tribunali,Termas,40.849883,14.253935,40.849883,14.253935,0,150,1,1,1,1,4,Napoli,"Pizzeria Vesi, 338, Via dei Tribunali, San Lorenzo, Municipalità 2, Napoli, Campania, 8013",nominatim/nominatim_bounded,verificado
europa_del_sur.csv,110,Nápoles,Piazza del Gesù Nuovo e Piazza San Domenico Maggiore,Basilica di San Domenico Maggiore,Termas,40.848975,14.254270,40.848975,14.254270,0,150,1,0,1,1,3,Napoli,"Jamon, Piazza San Domenico Maggiore, Porto, Municipalità 2, Napoli, Campania, 80130, Itali",nominatim/nominatim_free,verificado
europa_del_sur.csv,111,Nápoles,Napoli Sotterranea,Napoli Sotterranea,Termas,40.851079,14.256847,40.851079,14.256847,0,150,1,1,1,1,4,Napoli,"Napoli Sotterranea, 69, Vicoletto I San Paolo, Rione Forcella, San Lorenzo, Municipalità 4",nominatim/nominatim_bounded,verificado
europa_del_sur.csv,112,Nápoles,Piazza del Plebiscito,Piazza del Plebiscito,Termas,40.835856,14.248565,40.835856,14.248565,0,150,1,0,1,1,3,Napoli,"Pizzofalcone, San Ferdinando, Municipalità 1, Napoli, Campania, 80132, Italia",nominatim/nominatim_bounded,verificado
europa_del_sur.csv,113,Nápoles,Catacumbas de San Gennaro,Catacombe di San Gennaro,Barrio,40.863784,14.247058,40.863784,14.247058,0,1500,1,1,1,1,4,Napoli,"Catacombe di San Gennaro, Penninata S. Gennaro dei Poveri, Capodimonte, Stella, Municipali",nominatim/nominatim_bounded,verificado
europa_del_sur.csv,114,Nápoles,Rione Sanità en general,Rione Sanità,Barrio,40.857644,14.251961,40.857644,14.251961,0,1500,1,1,1,1,4,Napoli,"Concettina ai Tre Santi, 7 Bis, Via Arena della Sanità, Rione Sanità, Stella, Municipalità",nominatim/nominatim_free,verificado
europa_del_sur.csv,115,Nápoles,Castel Sant'Elmo,Castel Sant'Elmo,Sitio,40.843707,14.239252,40.843707,14.239252,0,300,1,0,1,1,3,Napoli,"22, Via Tito Angelini, Vomero, Municipalità 5, Napoli, Campania, 80129, Italia",nominatim/nominatim_bounded,verificado
europa_del_sur.csv,116,Nápoles,Museo di Capodimonte,Museo Nazionale di Capodimonte,Sitio,40.867031,14.250875,40.867031,14.250875,0,300,1,0,1,1,3,Napoli,"2, Via Capodimonte, Capodimonte, Stella, Municipalità 3, Napoli, Campania, 80131, Italia",nominatim/nominatim_bounded,verificado
europa_del_sur.csv,117,Nápoles,Museo Arqueológico Nacional (MANN),Museo Archeologico Nazionale di Napoli,Museo,40.853606,14.251150,40.853606,14.251150,0,150,1,0,1,1,3,Napoli,"19, Piazza Museo Nazionale, Rione Sanità, Stella, Municipalità 3, Napoli, Campania, 80135,",nominatim/nominatim_free,verificado
europa_del_sur.csv,118,Nápoles,Palazzo Reale di Napoli,Palazzo Reale di Napoli,Museo,40.836480,14.250320,40.836480,14.250320,0,150,1,1,1,1,4,Napoli,"Biglietteria Palazzo Reale di Napoli, Piazza del Plebiscito, Pizzofalcone, San Ferdinando,",nominatim/nominatim_bounded,verificado
europa_del_sur.csv,119,Nápoles,Quartieri Spagnoli (Barrio Español),Quartieri Spagnoli,Sitio,40.841483,14.246423,40.841483,14.246423,0,300,1,1,1,1,4,Napoli,"Vico San Sepolcro, Quartieri Spagnoli, Montecalvario, Municipalità 2, Napoli, Campania, 80",nominatim/nominatim_bounded,verificado
europa_del_sur.csv,120,Nápoles,Cimitero delle Fontanelle,Cimitero delle Fontanelle,Sitio,40.858026,14.239010,40.858026,14.239010,0,300,1,0,1,1,3,Napoli,"Chiesa di Maria Santissima del Carmine, Via Fontanelle, Stella, Municipalità 2, Napoli, Ca",nominatim/nominatim_bounded,verificado
europa_del_sur.csv,121,Nápoles,Lungomare,Via Partenope,Sitio,40.830442,14.244684,40.830442,14.244684,0,300,1,1,1,1,4,Napoli,"Mammina, 15, Via Partenope, Pizzofalcone, San Ferdinando, Municipalità 1, Napoli, Campania",nominatim/nominatim_bounded,verificado
europa_del_sur.csv,122,Nápoles,Mergellina,Mergellina,Sitio,40.827476,14.220085,40.827476,14.220085,0,300,1,1,1,1,4,Napoli,"Via Francesco Caracciolo, Mergellina, Chiaia, Municipalità 1, Napoli, Campania, 80122, Ita",nominatim/nominatim_bounded,verificado
europa_del_sur.csv,123,Nápoles,Piazza Bellini,Piazza Vincenzo Bellini,Sitio,40.849940,14.252176,40.849940,14.252176,0,300,1,1,1,1,4,Napoli,"Caffè Letterario Intra Moenia, 69/70, Piazza Vincenzo Bellini, San Lorenzo, Municipalità 4",nominatim/nominatim_bounded,verificado
europa_del_sur.csv,125,Bari,Basilica di San Nicola,Basilica di San Nicola,Sitio,41.130271,16.870186,41.130271,16.870186,0,300,1,1,1,1,4,Bari,"Basilica di San Nicola, 13, Lago Abate Elia, San Nicola, Municipio 1, Bari, Puglia, 70122,",nominatim/nominatim_bounded,verificado
europa_del_sur.csv,126,Bari,Cattedrale di San Sabino,Cattedrale di San Sabino,Sitio,41.128550,16.869077,41.128550,16.869077,0,300,1,0,1,1,3,Bari,"Museo del succorpo della cattedrale, Piazza dell'Odegitria, San Nicola, Municipio 1, Bari,",nominatim/nominatim_bounded,verificado
europa_del_sur.csv,127,Bari,Castello Svevo (Normanno-Svevo),Castello Normanno-Svevo di Bari,Sitio,41.128301,16.866381,41.128301,16.866381,0,300,1,1,1,1,4,Bari,"Castello Normanno-Svevo di Bari, Piazza Federico Secondo di Svevia, San Nicola, Municipio ",nominatim/nominatim_bounded,verificado
europa_del_sur.csv,128,Bari,Teatro Petruzzelli,Teatro Petruzzelli,Sitio,41.123565,16.873161,41.123565,16.873161,0,300,1,0,1,1,3,Bari,"15, Via Alberto Sordi, Quartiere Umbertino, Municipio 1, Bari, Puglia, 70121, Italia",nominatim/nominatim_bounded,verificado
europa_del_sur.csv,129,Bari,Teatro Margherita,Teatro Margherita,Sitio,41.126362,16.872861,41.126362,16.872861,0,300,1,0,1,1,3,Bari,"2, Lungomare Araldo di Crollalanza, San Nicola, Municipio 1, Bari, Puglia, 70122, Italia",nominatim/nominatim_bounded,verificado
europa_del_sur.csv,130,Bari,Lungomare Nazario Sauro,Lungomare Nazario Sauro,Sitio,41.120972,16.883747,41.120972,16.883747,0,300,1,1,1,1,4,Bari,"Lungomare Nazario Sauro, Madonnella, Municipio 1, Bari, Puglia, 70121, Italia",nominatim/nominatim_bounded,verificado
europa_del_sur.csv,131,Bari,Pinacoteca Metropolitana Corrado Giaquinto,"Pinacoteca Metropolitana ""Corrado Giaquinto""",Sitio,41.121393,16.881230,41.121393,16.881230,0,300,1,1,1,1,4,Bari,"Pinacoteca Metropolitana ""Corrado Giaquinto"", 19, Via Spalato, Madonnella, Municipio 1, Ba",nominatim/nominatim_bounded,verificado
europa_del_sur.csv,132,Bari,Via Sparano,Via Sparano da Bari,Sitio,41.123685,16.869537,41.123685,16.869537,0,300,1,1,1,1,4,Bari,"76, Via Sparano da Bari, Murat, Municipio 1, Bari, Puglia, 70121, Italia",nominatim/nominatim_bounded,verificado
europa_del_sur.csv,133,Bari,Palazzo dell'Acquedotto Pugliese,Palazzo dell'Acquedotto Pugliese,Sitio,41.123498,16.874284,41.123498,16.874284,0,300,1,1,1,1,4,Bari,"Palazzo dell'Acquedotto Pugliese, Via Giuseppe Bozzi, Quartiere Umbertino, Municipio 1, Ba",nominatim/nominatim_bounded,verificado
europa_del_sur.csv,134,Bari,Museo Archeologico di Santa Scolastica,Museo Archeologico di Santa Scolastica,Sitio,41.132152,16.870960,41.132152,16.870960,0,300,1,1,1,1,4,Bari,"Museo Archeologico di Santa Scolastica, 73, Via Venezia, San Nicola, Municipio 1, Bari, Pu",nominatim/nominatim_bounded,verificado
europa_del_sur.csv,135,Bari,Mercato Coperto (Via Trevisani),Mercato coperto,Mercado,41.107934,16.896322,41.107934,16.896322,0,300,1,1,1,1,4,Bari,"Mercato coperto, Via dei Caduti Partigiani, Japigia, Municipio 1, Bari, Puglia, 70126, Ita",nominatim/nominatim_free,verificado
europa_del_sur.csv,136,Bari,Sgagliozze,Da Maria Sgagliozze,Mercado,41.129006,16.868999,41.129006,16.868999,0,300,1,1,1,1,4,Bari,"Da Maria Sgagliozze, Strada Filioli, San Nicola, Municipio 1, Bari, Puglia, 71123, Italia",nominatim/nominatim_free,verificado
europa_del_sur.csv,137,Bari,Parco 2 Giugno,Parco 2 Giugno,Naturaleza,41.102474,16.874768,41.102474,16.874768,0,2000,1,0,1,1,3,Bari,"Ludoteca, Municipio 2, Bari, Puglia, 70125, Italia",nominatim/nominatim_bounded,verificado
europa_del_sur.csv,138,Bari,Pane e Pomodoro (playa urbana),Pane e Pomodoro,Naturaleza,41.118344,16.891917,41.118344,16.891917,0,2000,1,0,1,1,3,Bari,"Corso Trieste, Japigia, Municipio 1, Bari, Puglia, 74126, Italia",nominatim/nominatim_bounded,verificado
europa_del_sur.csv,139,Bari,Torre Quetta,Torre Quetta,Naturaleza,41.113653,16.913671,41.113653,16.913671,0,2000,1,0,1,1,3,Bari,"Cool Beach, Via Giovanni di Cagno Abbrescia, Japigia, Municipio 1, Bari, Puglia, 70126, It",nominatim/nominatim_bounded,verificado
europa_del_sur.csv,140,Bari,San Cataldo (faro),San Cataldo,Naturaleza,41.137998,16.843545,41.137998,16.843545,0,2000,1,1,1,1,4,Bari,"Via Massaua, San Cataldo, Municipio 3, Bari, Puglia, 70123, Italia",nominatim/nominatim_bounded,verificado
europa_del_sur.csv,141,Bari,Barrio Libertà,Libertà,Sitio,41.123528,16.858067,41.123528,16.858067,0,300,1,1,1,1,4,Bari,"Via Alessandro Maria Calefati, Libertà, Municipio 1, Bari, Puglia, 70123, Italia",nominatim/nominatim_bounded,verificado
europa_del_sur.csv,142,Lecce,Basilica di Santa Croce,Basilica di Santa Croce,Iglesia,40.354689,18.173255,40.354689,18.173255,0,150,1,0,1,1,3,Lecce,"Colonna Angolare, Vico della Saponea, Lecce, Puglia, 73100, Italia",nominatim/nominatim_free,verificado
europa_del_sur.csv,143,Lecce,Piazza del Duomo,Campanile del Duomo,Iglesia,40.351989,18.169279,40.351989,18.169279,0,150,1,1,1,1,4,Lecce,"Campanile del Duomo, Piazza Duomo, Lecce, Puglia, 73100, Italia",nominatim/nominatim_bounded,verificado
europa_del_sur.csv,144,Lecce,Chiesa di San Matteo,Chiesa di San Matteo,Iglesia,40.350591,18.171962,40.350591,18.171962,0,150,1,1,1,1,4,Lecce,"Chiesa di San Matteo, Corte dei Castromediano, Lecce, Puglia, 73100, Italia",nominatim/nominatim_free,verificado
europa_del_sur.csv,146,Lecce,Palazzo dei Celestini,Palazzo dei Celestini,Iglesia,40.355172,18.173577,40.355172,18.173577,0,150,1,0,1,1,3,Lecce,"Taverna del salumiere, 1a, Viale Venticinque Luglio, Lecce, Puglia, 73100, Italia",nominatim/nominatim_free,verificado
europa_del_sur.csv,147,Lecce,Anfiteatro Romano,Anfiteatro Romano di Lecce,Cueva,40.352549,18.172479,40.352549,18.172479,0,300,1,1,1,1,4,Lecce,"Anfiteatro Romano di Lecce, Piazza Sant'Oronzo, Lecce, Puglia, 73100, Italia",nominatim/nominatim_free,verificado
europa_del_sur.csv,148,Lecce,Teatro Romano,Museo del Teatro Romano,Cueva,40.351728,18.170293,40.351728,18.170293,0,300,1,1,1,1,4,Lecce,"Museo del Teatro Romano, Via degli Ammirati, Lecce, Puglia, 73100, Italia",nominatim/nominatim_free,verificado
europa_del_sur.csv,149,Lecce,Colonna di Sant'Oronzo,Colonna di Sant'Oronzo,Cueva,40.352911,18.172757,40.352911,18.172757,0,300,1,1,1,1,4,Lecce,"Colonna di Sant'Oronzo, Piazza Sant'Oronzo, Lecce, Puglia, 73100, Italia",nominatim/nominatim_bounded,verificado
europa_del_sur.csv,150,Lecce,Museo Faggiano,Museo Archeologico Faggiano,Cueva,40.350109,18.172383,40.350109,18.172383,0,300,1,1,1,1,4,Lecce,"Museo Archeologico Faggiano, 56, Via Ascanio Grandi, Lecce, Puglia, 73100, Italia",nominatim/nominatim_free,verificado
europa_del_sur.csv,151,Lecce,Castello Carlo V,Castello di Carlo V,Castillo,40.352381,18.174646,40.352381,18.174646,0,250,1,0,1,1,3,Lecce,"Dae Castello Carlo V Info Point, Piazzale dell'Aeronautica, Lecce, Puglia, 73100, Italia",nominatim/nominatim_free,verificado
europa_del_sur.csv,152,Lecce,Porta Napoli,Porta Napoli,Castillo,40.356455,18.168549,40.356455,18.168549,0,250,1,1,1,1,4,Lecce,"Porta Napoli, Piazza Angelo Rizzo, Lecce, Puglia, 73100, Italia",nominatim/nominatim_free,verificado
europa_del_sur.csv,153,Lecce,Porta Rudiae,Porta Rudiae,Castillo,40.351338,18.164582,40.351338,18.164582,0,250,1,1,1,1,4,Lecce,"Porta Rudiae, Via Adua, Lecce, Puglia, 73100, Italia",nominatim/nominatim_free,verificado
europa_del_sur.csv,154,Lecce,Cartapesta (cartón piedra),Cartapesta Claudio Riso Presepi,Sitio,40.352521,18.169738,40.352521,18.169738,0,300,1,1,1,1,4,Lecce,"Cartapesta Claudio Riso Presepi, 27, Via Vittorio Emanuele Secondo, Lecce, Puglia, 73100, ",nominatim/nominatim_bounded,verificado
europa_del_sur.csv,155,Lecce,Museo della Cartapesta,Museo della Cartapesta,Sitio,40.352248,18.175102,40.352248,18.175102,0,300,1,1,1,1,4,Lecce,"Museo della Cartapesta, Viale venticinque luglio, Lecce, Puglia, 73100, Italia",nominatim/nominatim_bounded,verificado
europa_del_sur.csv,156,Matera,Sasso Barisano,Sasso Barisano,Barrio,40.668252,16.610145,40.668252,16.610145,0,1500,1,0,1,1,3,Matera,"Via Sant'Antonio Abate, Sassi di Matera, Rioni Sassi, Pedale della Palomba, Matera, Basili",nominatim/nominatim_free,verificado
europa_del_sur.csv,157,Matera,Sasso Caveoso,Sasso Caveoso,Barrio,40.663531,16.611301,40.663531,16.611301,0,1500,1,0,1,1,3,Matera,"Museo del pane Matera, 27, Via Purgatorio Vecchio, Sassi di Matera, Rioni Sassi, Matera, B",nominatim/nominatim_free,verificado
europa_del_sur.csv,158,Matera,Civita,Via Civita,Barrio,40.667650,16.612073,40.667650,16.612073,0,1500,1,1,1,1,4,Matera,"Via Civita, Sasso Barisano, Rioni Sassi, Pedale della Palomba, Matera, Basilicata, 75100, ",nominatim/nominatim_bounded,verificado
europa_del_sur.csv,159,Matera,Piazza Vittorio Veneto,Piazza Vittorio Veneto,Barrio,40.666645,16.606410,40.666645,16.606410,0,1500,1,1,1,1,4,Matera,"InfoMatera - Tourist Information, 39, Piazza Vittorio Veneto, Sassi di Matera, Centro stor",photon/photon,verificado
europa_del_sur.csv,160,Matera,Casa Grotta di Vico Solitario,Casa Grotta nei Sassi,Museo,40.663857,16.612310,40.663857,16.612310,0,150,1,1,1,1,4,Matera,"Casa Grotta nei Sassi, 11, Vico Solitario, Sassi di Matera, Rioni Sassi, Matera, Basilicat",nominatim/nominatim_free,verificado
europa_del_sur.csv,161,Matera,Casa Noha,Casa Noha,Museo,40.666342,16.612136,40.666342,16.612136,0,150,1,1,1,1,4,Matera,"Casa Noha, 9, Recinto Canove, Sassi di Matera, Rioni Sassi, Pedale della Palomba, Matera, ",nominatim/nominatim_free,verificado
europa_del_sur.csv,162,Matera,Palombaro Lungo,Palombaro Lungo - Cisterna Ipogea,Museo,40.666943,16.606484,40.666943,16.606484,0,150,1,1,1,1,4,Matera,"Palombaro Lungo - Cisterna Ipogea, Piazza Vittorio Veneto, Sassi di Matera, Centro storico",nominatim/nominatim_bounded,verificado
europa_del_sur.csv,163,Matera,Casa Cava,Casa Cava,Museo,40.668515,16.609247,40.668515,16.609247,0,150,1,0,1,1,3,Matera,"Rione San Biagio, Sassi di Matera, Rioni Sassi, Pedale della Palomba, Matera, Basilicata, ",nominatim/nominatim_free,verificado
europa_del_sur.csv,164,Matera,Museo Archeologico Nazionale Domenico Ridola,Museo Archeologico Nazionale Domenico Ridola,Museo,40.663891,16.609206,40.663891,16.609206,0,150,1,1,1,1,4,Matera,"Museo Archeologico Nazionale Domenico Ridola, 24, Via Domenico Ridola, Sassi di Matera, Ri",nominatim/nominatim_free,verificado
europa_del_sur.csv,165,Matera,San Pietro Barisano,San Pietro Barisano,Iglesia,40.668742,16.609250,40.668742,16.609250,0,150,1,0,1,1,3,Matera,"Belvedere, Vico Santa Cesarea, Sassi di Matera, Rioni Sassi, Pedale della Palomba, Matera,",nominatim/nominatim_free,verificado
europa_del_sur.csv,166,Matera,Santa Lucia alle Malve,Santa Lucia alle Malve,Iglesia,40.663199,16.612482,40.663199,16.612482,0,150,1,1,1,1,4,Matera,"Santa Lucia alle Malve, Rione Malve, Sassi di Matera, Rioni Sassi, Matera, Basilicata, 751",nominatim/nominatim_free,verificado
europa_del_sur.csv,167,Matera,Cripta del Peccato Originale,Cripta del Peccato Originale,Iglesia,40.620667,16.563423,40.620667,16.563423,0,150,1,1,1,1,4,Matera,"Cripta del Peccato Originale, Ciclabile Agriturismo Casal Dragone - Lago San Giuliano, Tri",nominatim/nominatim_bounded,verificado
europa_del_sur.csv,168,Matera,Cattedrale di Matera,Cattedrale della Madonna della Bruna e di Sant'Eustachio,Iglesia,40.666806,16.611330,40.666806,16.611330,0,150,1,1,1,1,4,Matera,"Cattedrale della Madonna della Bruna e di Sant'Eustachio, Piazza del Duomo, Sassi di Mater",nominatim/nominatim_free,verificado
europa_del_sur.csv,169,Matera,Belvedere di Murgia Timone,Belvedere di Murgia Timone,Naturaleza,40.664026,16.617793,40.664026,16.617793,0,2000,1,1,1,1,4,Matera,"Belvedere di Murgia Timone, Strada Belvedere Murgia Timone, Rioni Sassi, Matera, Basilicat",nominatim/nominatim_bounded,verificado
europa_del_sur.csv,170,Ostuni,Piazza della Libertà,Piazza della Libertà,Barrio,40.732169,17.578165,40.732169,17.578165,0,1500,1,1,1,1,4,Ostuni,"Bottega del Libro, 71, Piazza della Libertà, Ostuni, Brindisi, Puglia, 72017, Italia",photon/photon,verificado
europa_del_sur.csv,171,Ostuni,Chiesa dello Spirito Santo,Chiesa dello Spirito Santo,Barrio,40.731465,17.578498,40.731465,17.578498,0,1500,1,1,1,1,4,Ostuni,"Chiesa dello Spirito Santo, Piazza della Libertà, Ostuni, Brindisi, Puglia, 72017, Italia",nominatim/nominatim_bounded,verificado
europa_del_sur.csv,173,Ostuni,Torre Guaceto,Riserva Naturale Statale di Torre Guaceto,Playa,40.705729,17.783026,40.705729,17.783026,0,500,1,0,1,1,3,Carovigno,"Sentiero del Principe, Carovigno, Brindisi, Puglia, 72012, Italia",nominatim/nominatim_bounded,verificado
europa_del_sur.csv,174,Ostuni,Egnazia (Gnathia),Egnazia e delle Terme di Torre Canne,Playa,40.769108,17.624258,40.769108,17.624258,0,500,1,1,1,1,4,Ostuni,"Egnazia e delle Terme di Torre Canne, Villanova, Ostuni, Brindisi, Puglia, Italia",nominatim/fuentes discrepan 2.5 km,verificado
europa_del_sur.csv,175,Ostuni,Dune costiere di Ostuni-Fasano,Parco naturale regionale Dune costiere da Torre Canne a Torre San Leonardo,Playa,40.805951,17.514232,40.805951,17.514232,0,500,1,0,1,1,3,Ostuni,"Ostuni, Brindisi, Puglia, 72016, Italia",nominatim/nominatim_bounded,verificado
europa_del_sur.csv,176,Ostuni,Locorotondo,Ivo Locorotondo,Pueblo,40.657484,17.718164,40.657484,17.718164,0,6000,1,1,1,1,4,San Vito dei Normanni,"Ivo Locorotondo, Via Vincent Vangogh, San Vito dei Normanni, Brindisi, Puglia, 72019, Ital",photon/bajo_umbral,verificado
europa_del_sur.csv,177,Ostuni,Cisternino,Strada Provinciale 17 Ostuni-Cisternino,Pueblo,40.726671,17.519626,40.726671,17.519626,0,6000,1,1,1,1,4,Ostuni,"Strada Provinciale 17 Ostuni-Cisternino, Contrada Badessa, Ostuni, Brindisi, Puglia, 72017",nominatim/nominatim_bounded,verificado
europa_del_sur.csv,180,Ostuni,Fasano,Strada Provinciale 93 Fasano-Ostuni,Pueblo,40.761100,17.527547,40.761100,17.527547,0,6000,1,1,1,1,4,Ostuni,"Strada Provinciale 93 Fasano-Ostuni, Ostuni, Brindisi, Puglia, 72017, Italia",nominatim/nominatim_bounded,verificado
europa_del_sur.csv,181,Ostuni,Grotta di Santa Maria di Agnano,Grotta Santa Maria di Agnano,Sitio,40.747055,17.547644,40.747055,17.547644,0,300,1,1,1,1,4,Ostuni,"Grotta Santa Maria di Agnano, Strada Comunale 10, Ostuni, Brindisi, Puglia, 72017, Italia",nominatim/nominatim_bounded,verificado
europa_del_sur.csv,182,Ostuni,Villanova di Ostuni,Villanova di Ostuni,Sitio,40.790025,17.585773,40.790025,17.585773,0,300,1,1,1,1,4,Ostuni,"Viale Petrolla, Diana Marina, Villanova di Ostuni, Ostuni, Brindisi, Puglia, Italia",nominatim/nominatim_bounded,verificado
europa_del_sur.csv,183,Palermo,Palazzo Abatellis (Galleria Regionale della Sicilia),Palazzo Abatellis,Museo,38.116573,13.371174,38.116573,13.371174,0,150,1,0,1,1,3,Palermo,"Galleria Regionale, Via Alloro, Kalsa, I Circoscrizione, Palermo, Sicilia, 90133, Italia",nominatim/nominatim_free,verificado
europa_del_sur.csv,184,Palermo,Palazzo Chiaramonte-Steri,Palazzo Chiaramonte-Steri,Museo,38.117583,13.370020,38.117583,13.370020,0,150,1,0,1,1,3,Palermo,"Rettorato Università degli studi di Palermo, Piazza Marina, Kalsa, I Circoscrizione, Paler",nominatim/nominatim_free,verificado
europa_del_sur.csv,185,Palermo,Palazzo Conte Federico,Palazzo Conte Federico,Museo,38.112341,13.358453,38.112341,13.358453,0,150,1,0,1,1,3,Palermo,"Via del Fondaco, Albergheria, I Circoscrizione, Palermo, Sicilia, 90134, Italia",nominatim/nominatim_free,verificado
europa_del_sur.csv,186,Palermo,Palazzo Mirto,Palazzo Mirto,Museo,38.116507,13.368040,38.116507,13.368040,0,150,1,0,1,1,3,Palermo,"2, Via Merlo, Kalsa, I Circoscrizione, Palermo, Sicilia, 90133, Italia",nominatim/nominatim_free,verificado
europa_del_sur.csv,187,Palermo,Museo delle Marionette Antonio Pasqualino,Museo internazionale delle marionette Antonio Pasqualino,Museo,38.118540,13.370556,38.118540,13.370556,0,150,1,1,1,1,4,Palermo,"Museo internazionale delle marionette Antonio Pasqualino, 5, Piazzetta Antonio Pasqualino,",nominatim/nominatim_free,verificado
europa_del_sur.csv,188,Palermo,Cattedrale di Palermo,Cattedrale di Palermo,Iglesia,38.114331,13.355912,38.114331,13.355912,0,150,1,0,1,1,3,Palermo,"Via Vittorio Emanuele, Albergheria, I Circoscrizione, Palermo, Sicilia, 90134, Italia",nominatim/nominatim_free,verificado
europa_del_sur.csv,189,Palermo,San Cataldo,Chiesa di San Cataldo,Iglesia,38.114752,13.362470,38.114752,13.362470,0,150,1,1,1,1,4,Palermo,"Chiesa di San Cataldo, Via Maqueda, Albergheria, I Circoscrizione, Palermo, Sicilia, 90140",nominatim/nominatim_free,verificado
europa_del_sur.csv,190,Palermo,Chiesa del Gesù (Casa Professa),Chiesa del Gesù Casa Professa,Iglesia,38.112931,13.361554,38.112931,13.361554,0,150,1,0,1,1,3,Palermo,"Vicolo Casa Professa, Albergheria, I Circoscrizione, Palermo, Sicilia, 90140, Italia",nominatim/nominatim_free,verificado
europa_del_sur.csv,191,Palermo,Oratorio del Rosario di Santa Cita,Oratorio del Rosario di Santa Cita,Iglesia,38.120772,13.363085,38.120772,13.363085,0,150,1,1,1,1,4,Palermo,"Oratorio del Rosario di Santa Cita, Via Santa Maria del Piliero, La Loggia, I Circoscrizio",nominatim/nominatim_free,verificado
europa_del_sur.csv,192,Palermo,Santa Maria dello Spasimo,Santa Maria dello Spasimo,Iglesia,38.114184,13.371874,38.114184,13.371874,0,150,1,1,1,1,4,Palermo,"Santa Maria dello Spasimo, Via dello Spasimo, Kalsa, I Circoscrizione, Palermo, Sicilia, 9",nominatim/nominatim_free,verificado
europa_del_sur.csv,193,Palermo,San Giovanni degli Eremiti,Chiesa di San Giovanni degli Eremiti,Iglesia,38.109560,13.354596,38.109560,13.354596,0,150,1,1,1,1,4,Palermo,"Chiesa di San Giovanni degli Eremiti, Via Benedettini, Albergheria, I Circoscrizione, Pale",nominatim/nominatim_free,verificado
europa_del_sur.csv,194,Palermo,Santuario di Santa Rosalia (Monte Pellegrino),Santuario di Santa Rosalia,Iglesia,38.168035,13.351852,38.168035,13.351852,0,150,1,1,1,1,4,Palermo,"Santuario di Santa Rosalia, Via Monte Erta, VIII Circoscrizione, Palermo, Sicilia, 90167, ",nominatim/nominatim_free,verificado
europa_del_sur.csv,195,Palermo,Mercato del Capo,Mercato del Capo,Mercado,38.118619,13.354070,38.118619,13.354070,0,300,1,1,1,1,4,Palermo,"Mercato del Capo, Via Porta Carini, Il Capo, I Circoscrizione, Palermo, Sicilia, 90134, It",nominatim/nominatim_free,verificado
europa_del_sur.csv,196,Palermo,Mercato della Vucciria,Mercato Della Vucciria,Mercado,38.117383,13.363704,38.117383,13.363704,0,300,1,1,1,1,4,Palermo,"Mercato Della Vucciria, Piazza Caracciolo, Vucciria, I Circoscrizione, Palermo, Sicilia, 9",nominatim/nominatim_free,verificado
europa_del_sur.csv,197,Palermo,Mercato delle Pulci (Piazza Peranni),Alberto Amedeo - Mercato delle Pulci,Mercado,38.115935,13.351061,38.115935,13.351061,0,300,1,1,1,1,4,Palermo,"Alberto Amedeo - Mercato delle Pulci, Corso Alberto Amedeo, V Circoscrizione, Palermo, Sic",nominatim/nominatim_bounded,verificado
europa_del_sur.csv,198,Palermo,Teatro Massimo,Teatro Massimo Vittorio Emanuele,Teatro,38.120171,13.357154,38.120171,13.357154,0,150,1,1,1,1,4,Palermo,"Teatro Massimo Vittorio Emanuele, Piazza Giuseppe Verdi, Il Capo, I Circoscrizione, Palerm",nominatim/nominatim_free,verificado
europa_del_sur.csv,199,Palermo,Teatro Politeama Garibaldi,Politeama Garibaldi,Teatro,38.125195,13.356783,38.125195,13.356783,0,150,1,0,1,1,3,Palermo,"Quadriga con Apollo ed Euterpe, Piazza Ruggero Settimo, VIII Circoscrizione, Palermo, Sici",nominatim/nominatim_free,verificado
europa_del_sur.csv,200,Palermo,Ópera dei Pupi (teatro de marionetas),Teatro dei Pupi,Teatro,38.120813,13.359311,38.120813,13.359311,0,150,1,1,1,1,4,Palermo,"Teatro dei Pupi, 95, Via Bara All'Olivella, Il Capo, I Circoscrizione, Palermo, Sicilia, 9",nominatim/nominatim_free,verificado
europa_del_sur.csv,201,Palermo,Monte Pellegrino,Monte Pellegrino,Mirador,38.166110,13.353803,38.166110,13.353803,0,150,1,0,1,1,3,Palermo,"Sentiero 9 - Al Semaforo, VIII Circoscrizione, Palermo, Sicilia, 90167, Italia",nominatim/nominatim_free,verificado
europa_del_sur.csv,202,Palermo,Quattro Canti (Piazza Vigliena),Quattro Canti,Barrio,38.115682,13.361459,38.115682,13.361459,0,1500,1,1,1,1,4,Palermo,"Quattro Canti, La Loggia, I Circoscrizione, Palermo, Sicilia, 90140, Italia",nominatim/nominatim_bounded,verificado
europa_del_sur.csv,203,Palermo,Kalsa,Kalsa,Barrio,38.115137,13.367461,38.115137,13.367461,0,1500,1,1,1,1,4,Palermo,"A'nica, 135, Via Alloro, Kalsa, I Circoscrizione, Palermo, Sicilia, 90133, Italia",nominatim/nominatim_free,verificado
europa_del_sur.csv,204,Palermo,Albergheria / Ballarò,Ballarò,Barrio,38.111356,13.361578,38.111356,13.361578,0,1500,1,0,1,1,3,Palermo,"Piazza del Carmine, Albergheria, I Circoscrizione, Palermo, Sicilia, 90140, Italia",nominatim/nominatim_bounded,verificado
europa_del_sur.csv,205,Palermo,Foro Italico (paseo marítimo),Foro Italico,Barrio,38.117219,13.375043,38.117219,13.375043,0,1500,1,1,1,1,4,Palermo,"Foro Italico Umberto I, I Circoscrizione, Palermo, Sicilia, 90100, Italia",nominatim/nominatim_bounded,verificado
europa_del_sur.csv,206,Palermo,"Piazza Pretoria (""Piazza della Vergogna"")",Piazza Pretoria,Barrio,38.115402,13.362076,38.115402,13.362076,0,1500,1,0,1,1,3,Palermo,"Via Maqueda, Albergheria, I Circoscrizione, Palermo, Sicilia, 90140, Italia",nominatim/nominatim_free,verificado
europa_del_sur.csv,207,Palermo,Orto Botanico,Orto Botanico,Naturaleza,38.111233,13.374078,38.111233,13.374078,0,2000,1,0,1,1,3,Palermo,"Viale Giuseppe Tineo, Brancaccio, II Circoscrizione, Palermo, Sicilia, 90123, Italia",nominatim/nominatim_bounded,verificado
europa_del_sur.csv,208,Palermo,Villa Giulia,Villa Giulia,Naturaleza,38.113496,13.375608,38.113496,13.375608,0,2000,1,0,1,1,3,Palermo,"Brancaccio, II Circoscrizione, Palermo, Sicilia, 90100, Italia",nominatim/nominatim_bounded,verificado
europa_del_sur.csv,209,Palermo,Giardino Inglese,Giardino Inglese,Naturaleza,38.131251,13.352295,38.131251,13.352295,0,2000,1,1,1,1,4,Palermo,"Giardino Inglese, Via delle Croci, VIII Circoscrizione, Palermo, Sicilia, 90138, Italia",nominatim/nominatim_bounded,verificado
europa_del_sur.csv,210,Palermo,Parco della Favorita,Parco della Favorita,Naturaleza,38.159711,13.339973,38.159711,13.339973,0,2000,1,0,1,1,3,Palermo,"Viale Ercole, San Lorenzo, VI Circoscrizione, Palermo, Sicilia, 90167, Italia",nominatim/nominatim_bounded,verificado
europa_del_sur.csv,211,Palermo,Mondello,Mondello,Naturaleza,38.206214,13.324552,38.206214,13.324552,0,2000,1,1,1,1,4,Palermo,"Via Teti, Mondello, VII Circoscrizione, Palermo, Sicilia, 90151, Italia",nominatim/nominatim_bounded,verificado
europa_del_sur.csv,212,Palermo,Danisinni,Via Danisinni,Sitio,38.111911,13.347402,38.111911,13.347402,0,300,1,1,1,1,4,Palermo,"Via Danisinni, Villaggio Santa Rosalia, IV Circoscrizione, Palermo, Sicilia, 90138, Italia",photon/bajo_umbral,verificado
europa_del_sur.csv,213,Palermo,Stanze al Genio,"Museo delle maioliche ""Stanze al genio""",Sitio,38.112911,13.367352,38.112911,13.367352,0,300,1,1,1,1,4,Palermo,"Museo delle maioliche ""Stanze al genio"", 11, Via Giuseppe Garibaldi, Kalsa, I Circoscrizio",nominatim/nominatim_bounded,verificado
europa_del_sur.csv,214,Catania,Terme Achilliane,Terme Achilliane,Museo,37.502161,15.087669,37.502161,15.087669,0,150,1,1,1,1,4,Catania,"Terme Achilliane, Via Etnea, Giudecca, Centro storico, Catania, Sicilia, 95131, Italia",nominatim/nominatim_free,verificado
europa_del_sur.csv,215,Catania,Museo Diocesano,Museo Diocesano,Museo,37.501936,15.087710,37.501936,15.087710,0,150,1,1,1,1,4,Catania,"Museo Diocesano, 8, Via Etnea, Giudecca, Centro storico, Catania, Sicilia, 95131, Italia",nominatim/nominatim_free,verificado
europa_del_sur.csv,216,Catania,Anfiteatro Romano (Piazza Stesicoro),Anfiteatro Romano,Museo,37.507408,15.085427,37.507408,15.085427,0,150,1,1,1,1,4,Catania,"Anfiteatro Romano, Piazza Stesicoro, San Berillo, Centro storico, Catania, Sicilia, 95124,",nominatim/nominatim_free,verificado
europa_del_sur.csv,218,Catania,Museo dello Sbarco in Sicilia 1943,Museo storico dello sbarco in Sicilia 1943,Museo,37.508758,15.102577,37.508758,15.102577,0,150,1,1,1,1,4,Catania,"Museo storico dello sbarco in Sicilia 1943, Viale Africa, Picanello-Ognina-Barriera-Canali",nominatim/nominatim_free,verificado
europa_del_sur.csv,219,Catania,Palazzo Biscari,Palazzo Biscari,Museo,37.502049,15.090174,37.502049,15.090174,0,150,1,0,1,1,3,Catania,"Etna Rent, Via Porticello, Civita, Centro storico, Catania, Sicilia, 95131, Italia",nominatim/nominatim_free,verificado
europa_del_sur.csv,220,Catania,Museo Emilio Greco,Museo Emilio Greco,Museo,37.502739,15.084335,37.502739,15.084335,0,150,1,1,1,1,4,Catania,"Museo Emilio Greco, Piazza Francesco d'Assisi, Giudecca, Centro storico, Catania, Sicilia,",nominatim/nominatim_free,verificado
europa_del_sur.csv,221,Catania,Cattedrale di Sant'Agata,Cattedrale di Sant'Agata,Iglesia,37.502518,15.088238,37.502518,15.088238,0,150,1,0,1,1,3,Catania,"Via Vittorio Emanuele Secondo, Civita, Centro storico, Catania, Sicilia, 95131, Italia",nominatim/nominatim_free,verificado
europa_del_sur.csv,222,Catania,Via dei Crociferi,Caffè dei Crociferi,Iglesia,37.505224,15.084904,37.505224,15.084904,0,150,1,1,1,1,4,Catania,"Caffè dei Crociferi, Via Crociferi, Giudecca, Centro storico, Catania, Sicilia, 95124, Ita",nominatim/nominatim_free,verificado
europa_del_sur.csv,223,Catania,Via Etnea,Via Etnea,Barrio,37.514932,15.084382,37.514932,15.084382,0,1500,1,1,1,1,4,Catania,"375, Via Etnea, Monserrato, Borgo, Borgo-Sanzio, Catania, Sicilia, 95125, Italia",nominatim/nominatim_bounded,verificado
europa_del_sur.csv,224,Catania,Piazza Università,Piazza dell'Università,Barrio,37.503651,15.087162,37.503651,15.087162,0,1500,1,0,1,1,3,Catania,"Via Etnea, Giudecca, Centro storico, Catania, Sicilia, 95131, Italia",nominatim/nominatim_free,verificado
europa_del_sur.csv,225,Catania,San Berillo,San Berillo,Barrio,37.506342,15.090613,37.506342,15.090613,0,1500,1,1,1,1,4,Catania,"64, Via Giovanni Di Prima, San Berillo, Centro storico, Catania, Sicilia, 95131, Italia",nominatim/nominatim_free,verificado
europa_del_sur.csv,226,Catania,Ognina,Ognina,Barrio,37.529051,15.113218,37.529051,15.113218,0,1500,1,1,1,1,4,Catania,"Atelier Claraluna, Via Parrocchia, Ognina, Picanello, Picanello-Ognina-Barriera-Canalicchi",nominatim/nominatim_free,verificado
europa_del_sur.csv,227,Catania,Villa Bellini (Giardino Bellini),Villa Bellini,Naturaleza,37.509963,15.085754,37.509963,15.085754,0,2000,1,1,1,1,4,Catania,"Villa Bellini, Via Etnea, San Berillo, Borgo-Sanzio, Catania, Sicilia, 95124, Italia",nominatim/nominatim_bounded,verificado
europa_del_sur.csv,228,Catania,La Playa (Lido),Bowling La Playa,Naturaleza,37.487613,15.083752,37.487613,15.083752,0,2000,1,0,1,1,3,Catania,"Viale Presidente Kennedy, San Giorgio-Librino-San Giuseppe la Rena-Zia Lisa-Villaggio Sant",nominatim/nominatim_bounded,verificado
europa_del_sur.csv,229,Catania,Teatro Massimo Bellini,Teatro Massimo Bellini,Teatro,37.504157,15.089827,37.504157,15.089827,0,150,1,0,1,1,3,Catania,"37, Via Giuseppe Perrotta, San Berillo, Centro storico, Catania, Sicilia, 95131, Italia",nominatim/nominatim_free,verificado
europa_del_sur.csv,230,Catania,Le Ciminiere,Le Ciminiere,Sitio,37.509094,15.102486,37.509094,15.102486,0,300,1,0,1,1,3,Catania,"Museo Strumenti di Scrittura, Viale Africa, Picanello-Ognina-Barriera-Canalicchio, Catania",nominatim/nominatim_bounded,verificado
europa_del_sur.csv,231,Siracusa,Teatro Greco,Teatro Greco,Sitio histórico,37.076011,15.275025,37.076011,15.275025,0,200,1,1,1,1,4,Siracusa,"Teatro Greco, Via dei Sepolcri, Neapolis, Siracusa, Sicilia, 96100, Italia",nominatim/nominatim_bounded,verificado
europa_del_sur.csv,232,Siracusa,Orecchio di Dionisio,Orecchio di Dionisio,Sitio histórico,37.076343,15.275518,37.076343,15.275518,0,200,1,1,1,1,4,Siracusa,"Orecchio di Dionisio, Viale Giulio Emanuele Rizzo, Neapolis, Siracusa, Sicilia, 96100, Ita",nominatim/nominatim_bounded,verificado
europa_del_sur.csv,233,Siracusa,Latomia del Paradiso,Latomia del Paradiso,Sitio histórico,37.076496,15.276810,37.076496,15.276810,0,200,1,0,1,1,3,Siracusa,"Grotta del Salnitro, Viale Giulio Emanuele Rizzo, Neapolis, Siracusa, Sicilia, 96100, Ital",nominatim/nominatim_bounded,verificado
europa_del_sur.csv,234,Siracusa,Anfiteatro Romano,Anfiteatro romano,Sitio histórico,37.074222,15.279224,37.074222,15.279224,0,200,1,1,1,1,4,Siracusa,"Anfiteatro romano, Via Francesco Saverio Cavallari, Neapolis, Siracusa, Sicilia, 96100, It",nominatim/nominatim_bounded,verificado
europa_del_sur.csv,235,Siracusa,Museo Archeologico Regionale Paolo Orsi,Museo archeologico regionale Paolo Orsi,Museo,37.076461,15.286261,37.076461,15.286261,0,150,1,1,1,1,4,Siracusa,"Museo archeologico regionale Paolo Orsi, Ronco di Via Augusto Von Platen, Santa Lucia, Sir",nominatim/nominatim_free,verificado
europa_del_sur.csv,236,Siracusa,"Museo del Papiro ""Corrado Basile""",Museo del Papiro Corrado Basile,Museo,37.060495,15.298086,37.060495,15.298086,0,150,1,0,1,1,3,Siracusa,"14, Via Nizza, Ortigia, Siracusa, Sicilia, 96100, Italia",nominatim/nominatim_free,verificado
europa_del_sur.csv,237,Siracusa,Duomo di Siracusa,Ipogeo di piazza Duomo,Iglesia,37.059220,15.293168,37.059220,15.293168,0,150,1,1,1,1,4,Siracusa,"Ipogeo di piazza Duomo, Piazza Duomo, Ortigia, Siracusa, Sicilia, 96100, Italia",nominatim/nominatim_bounded,verificado
europa_del_sur.csv,238,Siracusa,Catacombe di San Giovanni,Catacombe di San Giovanni,Iglesia,37.076799,15.284856,37.076799,15.284856,0,150,1,1,1,1,4,Siracusa,"Catacombe di San Giovanni, Via Latomia del Casale, Santa Lucia, Siracusa, Sicilia, 96100, ",nominatim/nominatim_free,verificado
europa_del_sur.csv,239,Siracusa,Santa Lucia alla Badia,Chiesa di Santa Lucia alla Badia,Iglesia,37.058416,15.293281,37.058416,15.293281,0,150,1,0,1,1,3,Siracusa,"5b, Piazza Duomo, Ortigia, Siracusa, Sicilia, 96100, Italia",nominatim/nominatim_free,verificado
europa_del_sur.csv,240,Siracusa,Catacombe di Santa Lucia,Chiesa di San Giovanni alle Catacombe,Iglesia,37.077041,15.284478,37.077041,15.284478,0,150,1,1,1,1,4,Siracusa,"Chiesa di San Giovanni alle Catacombe, Via Latomia del Casale, Santa Lucia, Siracusa, Sici",nominatim/nominatim_free,verificado
europa_del_sur.csv,241,Siracusa,Chiesa di San Filippo Apostolo (Giudecca),Chiesa di San Filippo Apostolo,Iglesia,37.060248,15.296693,37.060248,15.296693,0,150,1,0,1,1,3,Siracusa,"2, Vicolo Secondo di Via della Giudecca, Ortigia, Siracusa, Sicilia, 96100, Italia",nominatim/nominatim_free,verificado
europa_del_sur.csv,242,Siracusa,Castello Maniace,Castello Maniace,Barrio,37.053415,15.295635,37.053415,15.295635,0,1500,1,1,1,1,4,Siracusa,"Castello Maniace, Via Gaetano Abela, Ortigia, Siracusa, Sicilia, 96100, Italia",nominatim/nominatim_bounded,verificado
europa_del_sur.csv,243,Siracusa,Fonte Aretusa,Fonte Aretusa,Barrio,37.057269,15.292913,37.057269,15.292913,0,1500,1,0,1,1,3,Siracusa,"Ortigia, Siracusa, Sicilia, 96100, Italia",nominatim/nominatim_bounded,verificado
europa_del_sur.csv,244,Siracusa,Tempio di Apollo,Tempio di Apollo,Barrio,37.064030,15.293019,37.064030,15.293019,0,1500,1,1,1,1,4,Siracusa,"Tempio di Apollo, Via dell'Apollonion, Ortigia, Siracusa, Sicilia, 96100, Italia",nominatim/nominatim_bounded,verificado
europa_del_sur.csv,245,Siracusa,Mercato di Ortigia,Al Mercato di Ortigia,Barrio,37.065533,15.293485,37.065533,15.293485,0,1500,1,1,1,1,4,Siracusa,"Al Mercato di Ortigia, Via Savoia, Ortigia, Siracusa, Sicilia, 96100, Italia",nominatim/nominatim_bounded,verificado
europa_del_sur.csv,246,Siracusa,Plemmirio (Area Marina Protetta),Area marina protetta Plemmirio,Naturaleza,37.016906,15.341641,37.016906,15.341641,0,2000,1,0,1,1,3,Siracusa,"Capo Murro di Porco, Siracusa, Sicilia, 96100, Italia",nominatim/nominatim_bounded,verificado
europa_del_sur.csv,247,Siracusa,Spiaggia di Fontane Bianche,Spiaggia di Fontane Bianche,Naturaleza,36.961817,15.206500,36.961817,15.206500,0,2000,1,0,1,1,3,Siracusa,"9, Via Mazzarò, Fontane Bianche, Siracusa, Sicilia, 96100, Italia",photon/bajo_umbral,verificado
europa_del_sur.csv,248,Siracusa,Castello Eurialo,Castello Eurialo,Sitio,37.092166,15.224096,37.092166,15.224096,0,300,1,0,1,1,3,Siracusa,"4, Strada Mura di Dionisio, Belvedere, Siracusa, Sicilia, 96100, Italia",nominatim/nominatim_bounded,verificado
europa_del_sur.csv,249,Siracusa,Ginnasio Romano,Ginnasio romano,Sitio,37.067586,15.280380,37.067586,15.280380,0,300,1,0,1,1,3,Siracusa,"58, Via Elorina, Santa Lucia, Siracusa, Sicilia, 96100, Italia",nominatim/nominatim_bounded,verificado
europa_del_sur.csv,250,Siracusa,Latomia dei Cappuccini,Latomia dei Cappuccini,Sitio,37.079445,15.295263,37.079445,15.295263,0,300,1,0,1,1,3,Siracusa,"1, Via Puglia, Acradina, Siracusa, Sicilia, 96100, Italia",nominatim/nominatim_bounded,verificado
europa_del_sur.csv,251,Agrigento,Tempio della Concordia,Tempio della Concordia,Sitio histórico,37.289656,13.592072,37.289656,13.592072,0,200,1,1,1,1,4,Agrigento,"Tempio della Concordia, Via Sacra, Portella, Villaggio Mosè, Agrigento, Sicilia, 92100, It",nominatim/nominatim_bounded,verificado
europa_del_sur.csv,252,Agrigento,Tempio di Giunone (Hera Lacinia),Tempio di Giunone Hera Lacinia,Sitio histórico,37.288594,13.600145,37.288594,13.600145,0,200,1,0,1,1,3,Agrigento,"Via Sacra, Portella, Villaggio Mosè, Agrigento, Sicilia, 92100, Italia",nominatim/nominatim_bounded,verificado
europa_del_sur.csv,253,Agrigento,Tempio di Ercole (Heracles),Tempio di Ercole,Sitio histórico,37.290190,13.586292,37.290190,13.586292,0,200,1,1,1,1,4,Agrigento,"Tempio di Ercole, Via Sacra, Portella, Villaggio Mosè, Agrigento, Sicilia, 92100, Italia",nominatim/nominatim_bounded,verificado
europa_del_sur.csv,254,Agrigento,Tempio di Zeus Olimpico,Tempio di Zeus Olimpico,Sitio histórico,37.290366,13.585046,37.290366,13.585046,0,200,1,1,1,1,4,Agrigento,"Tempio di Zeus Olimpico, Via Passeggiata Archeologica, Agrigento, Sicilia, 92100, Italia",nominatim/nominatim_bounded,verificado
europa_del_sur.csv,255,Agrigento,Tempio dei Dioscuri (Castore e Polluce),Tempio dei Dioscuri,Sitio histórico,37.291327,13.581560,37.291327,13.581560,0,200,1,1,1,1,4,Agrigento,"Tempio dei Dioscuri, Via Angelo Bonfiglio, Villaseta, Agrigento, Sicilia, 92100, Italia",nominatim/nominatim_bounded,verificado
europa_del_sur.csv,256,Agrigento,Quartiere Ellenistico-Romano,Quartiere Ellenistico Romano,Sitio histórico,37.297519,13.591789,37.297519,13.591789,0,200,1,0,1,1,3,Agrigento,"Casa IC, Via Passeggiata Archeologica, Bonamorone, Agrigento, Sicilia, 92100, Italia",nominatim/nominatim_bounded,verificado
europa_del_sur.csv,257,Agrigento,Santuario delle Divinità Ctonie,Santuario delle divinità Ctonie,Sitio histórico,37.291569,13.581261,37.291569,13.581261,0,200,1,1,1,1,4,Agrigento,"Santuario delle divinità Ctonie, Via Angelo Bonfiglio, Villaseta, Agrigento, Sicilia, 9210",nominatim/nominatim_bounded,verificado
europa_del_sur.csv,258,Agrigento,"Museo Archeologico Regionale ""Pietro Griffo""",Museo Archeologico Regionale Pietro Griffo,Museo,37.297076,13.589154,37.297076,13.589154,0,150,1,1,1,1,4,Agrigento,"Museo Archeologico Regionale Pietro Griffo, Via Passeggiata Archeologica, Agrigento, Sicil",nominatim/nominatim_free,verificado
europa_del_sur.csv,259,Agrigento,Museo Diocesano,Museo Diocesano,Museo,37.313694,13.577427,37.313694,13.577427,0,150,1,1,1,1,4,Agrigento,"Museo Diocesano, 100, Via Duomo, Bibirria, Calcarelle, Villaseta, Agrigento, Sicilia, 9210",nominatim/nominatim_free,verificado
europa_del_sur.csv,260,Agrigento,Cattedrale di San Gerlando,Cattedrale di San Gerlando,Barrio,37.314003,13.576383,37.314003,13.576383,0,1500,1,1,1,1,4,Agrigento,"Cattedrale di San Gerlando, Via Duomo, Bibirria, Calcarelle, Villaseta, Agrigento, Sicilia",nominatim/nominatim_bounded,verificado
europa_del_sur.csv,261,Agrigento,Chiesa di San Nicola,Chiesa di San Nicola,Barrio,37.296552,13.589222,37.296552,13.589222,0,1500,1,0,1,1,3,Agrigento,"Poggetto di San Nicola, Via Passeggiata Archeologica, Agrigento, Sicilia, 92100, Italia",nominatim/nominatim_bounded,verificado
europa_del_sur.csv,262,Agrigento,Via Atenea,Via Atenea,Barrio,37.310630,13.582753,37.310630,13.582753,0,1500,1,1,1,1,4,Agrigento,"Via Atenea, Bibirria, Calcarelle, Villaseta, Agrigento, Sicilia, 92100, Italia",nominatim/nominatim_bounded,verificado
europa_del_sur.csv,264,Agrigento,Punta Bianca,Punta Bianca,Playa,37.194384,13.661105,37.194384,13.661105,0,500,1,1,1,1,4,Agrigento,"Strada per Punta Bianca, Agrigento, Sicilia, 92100, Italia",nominatim/nominatim_bounded,verificado
europa_del_sur.csv,265,Agrigento,Realmonte / Lido Rossello,Lido Rossello,Playa,37.295947,13.457069,37.295947,13.457069,0,500,1,1,1,1,4,Lido Rossello,"9, Via Andromeda, Lido Rossello, Realmonte, Agrigento, Sicilia, 92010, Italia",nominatim/bajo_umbral,verificado
europa_del_sur.csv,266,Agrigento,Porto Empedocle,Porto Empedocle,Playa,37.288313,13.527550,37.288313,13.527550,0,500,1,1,1,1,4,Porto Empedocle,"Punto Enel, 2, Via Marconi, Piano Lanterna, Ciuccafa, Porto Empedocle, Agrigento, Sicilia,",photon/bajo_umbral,verificado
europa_del_sur.csv,268,Agrigento,Sciacca,Masseria Sciacca,Sitio,37.266643,13.753845,37.266643,13.753845,0,300,1,0,1,1,3,Naro,"Naro, Agrigento, Sicilia, 92028, Italia",photon/bajo_umbral,verificado
europa_del_sur.csv,269,Agrigento,Caltabellotta,Via Pace di Caltabellotta,Sitio,37.251105,13.612156,37.251105,13.612156,0,300,1,1,1,1,4,Agrigento,"Via Pace di Caltabellotta, Magellano Secondo, Le Dune, Cannatello, Agrigento, Sicilia, 921",photon/bajo_umbral,verificado
europa_del_sur.csv,270,Noto,Cattedrale di San Nicolò,Cattedrale di San Nicolò,Iglesia,36.891622,15.070927,36.891622,15.070927,0,150,1,0,1,1,3,Noto,"89, Via Camillo Benso Conte di Cavour, Piano Alto, Noto, Siracusa, Sicilia, 96017, Italia",nominatim/nominatim_free,verificado
europa_del_sur.csv,271,Noto,Palazzo Ducezio (Municipio),Palazzo Ducezio,Iglesia,36.890711,15.070549,36.890711,15.070549,0,150,1,0,1,1,3,Noto,"Municipio di Noto, Corso Vittorio Emanuele, Piano Alto, Noto, Siracusa, Sicilia, 96017, It",nominatim/nominatim_free,verificado
europa_del_sur.csv,272,Noto,Chiesa di San Domenico,Chiesa di San Domenico,Iglesia,36.892120,15.068133,36.892120,15.068133,0,150,1,1,1,1,4,Noto,"Chiesa di San Domenico, Via Giovanni Bovio, Piano Alto, Noto, Siracusa, Sicilia, 96017, It",nominatim/nominatim_free,verificado
europa_del_sur.csv,273,Noto,Chiesa di Santa Chiara,Chiesa di Santa Chiara,Iglesia,36.890465,15.071648,36.890465,15.071648,0,150,1,1,1,1,4,Noto,"Terrazzo Panoramico Chiesa di Santa Chiara, Corso Vittorio Emanuele, Piano Alto, Noto, Sir",nominatim/nominatim_free,verificado
europa_del_sur.csv,274,Noto,Chiesa di San Carlo al Corso (San Carlo Borromeo),Chiesa di San Carlo al Corso,Iglesia,36.890864,15.069365,36.890864,15.069365,0,150,1,0,1,1,3,Noto,"Anche gli Angeli, Via Arnaldo da Brescia, Piano Alto, Noto, Siracusa, Sicilia, 96017, Ital",nominatim/nominatim_free,verificado
europa_del_sur.csv,275,Noto,Chiesa del Santissimo Crocifisso,Chiesa del Santissimo Crocifisso,Iglesia,36.894619,15.072024,36.894619,15.072024,0,150,1,1,1,1,4,Noto,"Chiesa del Santissimo Crocifisso, Ronco Astronomo Scala, Piano Alto, Noto, Siracusa, Sicil",nominatim/nominatim_free,verificado
europa_del_sur.csv,276,Noto,Chiesa di Montevergine,Chiesa di Montevergine,Iglesia,36.892451,15.070179,36.892451,15.070179,0,150,1,1,1,1,4,Noto,"Chiesa di Montevergine, Via Camillo Benso Conte di Cavour, Piano Alto, Noto, Siracusa, Sic",nominatim/nominatim_free,verificado
europa_del_sur.csv,277,Noto,Porta Reale (Porta Ferdinandea),Porta Reale,Iglesia,36.890050,15.073751,36.890050,15.073751,0,150,1,1,1,1,4,Noto,"Porta Reale, Corso Vittorio Emanuele, Piano Alto, Noto, Siracusa, Sicilia, 96017, Italia",nominatim/nominatim_bounded,verificado
europa_del_sur.csv,278,Noto,Palazzo Nicolaci di Villadorata,Palazzo Nicolaci,Castillo,36.892030,15.069839,36.892030,15.069839,0,250,1,0,1,1,3,Noto,"1, Via Corrado Nicolaci, Piano Alto, Noto, Siracusa, Sicilia, 96017, Italia",nominatim/nominatim_free,verificado
europa_del_sur.csv,279,Noto,Via Corrado Nicolaci,Via Corrado Nicolaci,Castillo,36.891728,15.069867,36.891728,15.069867,0,250,1,1,1,1,4,Noto,"1, Via Corrado Nicolaci, Piano Alto, Noto, Siracusa, Sicilia, 96017, Italia",nominatim/nominatim_bounded,verificado
europa_del_sur.csv,280,Noto,Palazzo Castelluccio,Palazzo Di Lorenzo Castelluccio,Castillo,36.893120,15.067697,36.893120,15.067697,0,250,1,0,1,1,3,Noto,"8a, Via Camillo Benso Conte di Cavour, Piano Alto, Noto, Siracusa, Sicilia, 96017, Italia",nominatim/nominatim_free,verificado
europa_del_sur.csv,281,Noto,Palazzo Trigona,Palazzo Trigona,Castillo,36.891620,15.071767,36.891620,15.071767,0,250,1,0,1,1,3,Noto,"95, Via Camillo Benso Conte di Cavour, Piano Alto, Noto, Siracusa, Sicilia, 96017, Italia",nominatim/nominatim_free,verificado
europa_del_sur.csv,282,Noto,Palazzo Landolina,Palazzo Landolina,Castillo,36.891711,15.070574,36.891711,15.070574,0,250,1,0,1,1,3,Noto,"2, Via Rinaldo Montuoro, Piano Alto, Noto, Siracusa, Sicilia, 96017, Italia",nominatim/nominatim_free,verificado
europa_del_sur.csv,283,Noto,Noto Antica (Noto Vecchia),Noto Antica,Sitio,36.945731,15.023648,36.945731,15.023648,0,300,1,1,1,1,4,Noto,"Noto Antica, Strada provinciale Noto-Fiumara-Noto Antica-Testa dell'Acqua-Burlò, Noto, Sir",nominatim/fuentes discrepan 6.5 km,verificado
europa_del_sur.csv,284,Noto,Villa Romana del Tellaro,Villa Romana del Tellaro,Sitio,36.835293,15.079757,36.835293,15.079757,0,300,1,1,1,1,4,Noto,"Villa Romana del Tellaro, Strada di bonifica Vaddeddi, Noto, Siracusa, Sicilia, 96017, Ita",nominatim/nominatim_bounded,verificado
europa_del_sur.csv,285,Noto,Riserva Naturale di Vendicari,Riserva naturale orientata Oasi Faunistica di Vendicari,Sitio,36.804325,15.092826,36.804325,15.092826,0,300,1,0,1,1,3,Noto,"Via Bruno Ragonese, Noto, Siracusa, Sicilia, 96017, Italia",nominatim/nominatim_bounded,verificado
europa_del_sur.csv,287,Noto,Eloro (parque arqueológico),Eloro,Sitio,36.842278,15.107004,36.842278,15.107004,0,300,1,1,1,1,4,Noto,"Città di Eloro, ex Via Elorina, Lido di Noto, Noto, Siracusa, Sicilia, 96017, Italia",nominatim/fuentes discrepan 6.4 km,verificado
europa_del_sur.csv,288,Ragusa,Duomo di San Giorgio,Duomo di San Giorgio,Barrio,36.926547,14.742300,36.926547,14.742300,0,1500,1,1,1,1,4,Ragusa,"Duomo di San Giorgio, Via Capitano Bocchieri, Cappuccini, Ragusa Ibla, Ragusa, Sicilia, 97",nominatim/nominatim_bounded,verificado
europa_del_sur.csv,289,Ragusa,Piazza Duomo,Piazza Duomo,Barrio,36.926279,14.743782,36.926279,14.743782,0,1500,1,1,1,1,4,Ragusa,"24, Piazza Duomo, Ragusa Ibla, Ragusa, Sicilia, 97100, Italia",photon/photon,verificado
europa_del_sur.csv,290,Ragusa,Chiesa di San Giuseppe,Chiesa di San Giuseppe,Barrio,36.925695,14.744787,36.925695,14.744787,0,1500,1,0,1,1,3,Ragusa,"Museo Benedettino, Piazza Pola, Ragusa Ibla, Ragusa, Sicilia, 97100, Italia",nominatim/nominatim_bounded,verificado
europa_del_sur.csv,291,Ragusa,Giardino Ibleo,Giardino Ibleo,Barrio,36.925979,14.748670,36.925979,14.748670,0,1500,1,0,1,1,3,Ragusa,"Chiesa di San Giacomo Apostolo, Viale Jenny Ardiri, Ragusa Ibla, Ragusa, Sicilia, 97100, I",nominatim/nominatim_bounded,verificado
europa_del_sur.csv,292,Ragusa,Circolo di Conversazione,Circolo di Conversazione,Barrio,36.926372,14.744253,36.926372,14.744253,0,1500,1,1,1,1,4,Ragusa,"Circolo di Conversazione, Via Alloro, Ragusa Ibla, Ragusa, Sicilia, 97100, Italia",nominatim/nominatim_bounded,verificado
europa_del_sur.csv,293,Ragusa,Cattedrale di San Giovanni Battista,Cattedrale di San Giovanni Battista,Barrio,36.925673,14.728682,36.925673,14.728682,0,1500,1,0,1,1,3,Ragusa,"Museo della Cattedrale, Via Roma, Cappuccini, Ragusa Ibla, Ragusa, Sicilia, 97100, Italia",nominatim/nominatim_bounded,verificado
europa_del_sur.csv,294,Ragusa,Chiesa di Santa Maria delle Scale,Chiesa di Santa Maria delle Scale,Barrio,36.925224,14.735157,36.925224,14.735157,0,1500,1,1,1,1,4,Ragusa,"Chiesa di Santa Maria delle Scale, Via Santa Maria delle Scale, Cappuccini, Ragusa Ibla, R",nominatim/nominatim_bounded,verificado
europa_del_sur.csv,295,Ragusa,Museo Archeologico Ibleo,Museo Archeologico Ibleo,Barrio,36.923931,14.727016,36.923931,14.727016,0,1500,1,1,1,1,4,Ragusa,"Museo Archeologico Ibleo, Via Natalelli, Cappuccini, Ragusa Ibla, Ragusa, Sicilia, 97100, ",nominatim/nominatim_bounded,verificado
europa_del_sur.csv,296,Ragusa,Ragusa Ibla,Ragusa Ibla,Trekking,36.931346,14.750924,36.931346,14.750924,0,3000,1,1,1,1,4,Ragusa,"Ragusa Ibla, Strada statale Ragusana, Ragusa Ibla, Ragusa, Sicilia, 97100, Italia",nominatim/nominatim_bounded,verificado
europa_del_sur.csv,297,Ragusa,Scicli,Scicli,Trekking,36.793570,14.706964,36.793570,14.706964,0,3000,1,1,1,1,4,Scicli,"Via Francesco Mormina Penna, Balata, Scicli, Ragusa, Sicilia, 97018, Italia",photon/bajo_umbral,verificado
europa_del_sur.csv,298,Ragusa,Cava d'Ispica,Cava d'Ispica,Naturaleza,36.853772,14.837268,36.853772,14.837268,0,2000,1,0,1,1,3,Modica,"Via Comunale Crocevie Cava Ispica Ciancia, Modica, Ragusa, Sicilia, Italia",photon/bajo_umbral,verificado
europa_del_sur.csv,300,Ragusa,Castello di Donnafugata,Castello di Donnafugata,Naturaleza,36.881942,14.564122,36.881942,14.564122,0,2000,1,0,1,1,3,Ragusa,"Vialetto Corrado Arezzo de Spuches, Donnafugata, Ragusa, Sicilia, 97100, Italia",nominatim/bajo_umbral,verificado
europa_del_sur.csv,301,Barcelona,Sagrada Família,Basílica de la Sagrada Família,Sitio,41.403505,2.174428,41.403505,2.174428,0,300,1,0,1,1,3,Barcelona,"401, Carrer de Mallorca, la Sagrada Família, l'Eixample, Barcelona, Barcelonès, Barcelona,",nominatim/nominatim_bounded,verificado
europa_del_sur.csv,302,Barcelona,Park Güell (zona monumental),Parc Güell,Sitio,41.414235,2.152458,41.414235,2.152458,0,300,1,0,1,1,3,Barcelona,"la Salut, Gràcia, Barcelona, Barcelonès, Barcelona, Catalunya, 08023, España",nominatim/nominatim_bounded,verificado
europa_del_sur.csv,304,Barcelona,Bunkers del Carmel,Turó del Carmel,Sitio,41.418348,2.153273,41.418348,2.153273,0,300,1,1,1,1,4,Barcelona,"Turó del Carmel, Carrer de les Coves d'en Cimany, el Carmel, Horta-Guinardó, Barcelona, Ba",nominatim/nominatim_bounded,verificado
europa_del_sur.csv,306,Barcelona,Museu Picasso,Museu Picasso,Museo,41.385104,2.181201,41.385104,2.181201,0,150,1,0,1,1,3,Barcelona,"19, Carrer de Montcada, la Ribera, Sant Pere, Santa Caterina i la Ribera, Ciutat Vella, Ba",nominatim/nominatim_free,verificado
europa_del_sur.csv,308,Barcelona,Fundació Joan Miró,Fundació Joan Miró,Museo,41.368645,2.160084,41.368645,2.160084,0,150,1,0,1,1,3,Barcelona,"Avinguda de Miramar, Satalia, el Poble-sec, Sants-Montjuïc, Barcelona, Barcelonès, Barcelo",nominatim/nominatim_free,verificado
europa_del_sur.csv,309,Barcelona,Palau de la Música Catalana,Palau de la Música Catalana,Museo,41.387584,2.175232,41.387584,2.175232,0,150,1,1,1,1,4,Barcelona,"Palau de la Música Catalana, 4-6, Carrer del Palau de la Música, Sant Pere, Sant Pere, San",nominatim/nominatim_bounded,verificado
europa_del_sur.csv,310,Barcelona,Casa Batlló,Casa Batlló,Museo,41.391545,2.164696,41.391545,2.164696,0,150,1,0,1,1,3,Barcelona,"43, Passeig de Gràcia (lateral Llobregat), la Dreta de l'Eixample, l'Eixample, Barcelona, ",nominatim/nominatim_free,verificado
europa_del_sur.csv,311,Barcelona,La Pedrera (Casa Milà),la Pedrera,Museo,41.412749,2.146718,41.412749,2.146718,0,150,1,0,1,1,3,Barcelona,"129X, Carrer de la Mare de Déu del Coll, Vallcarca, Vallcarca i els Penitents, Gràcia, Bar",nominatim/fuentes discrepan 6.3 km,verificado
europa_del_sur.csv,312,Barcelona,MACBA (Museu d'Art Contemporani),MACBA,Museo,41.382809,2.166476,41.382809,2.166476,0,150,1,0,1,1,3,Barcelona,"1, Carrer de Montalegre, el Raval, Ciutat Vella, Barcelona, Barcelonès, Barcelona, Catalun",nominatim/nominatim_bounded,verificado
europa_del_sur.csv,313,Barcelona,Poble Espanyol,Poble Espanyol,Museo,41.368544,2.148258,41.368544,2.148258,0,150,1,0,1,1,3,Barcelona,"13, Avinguda de Francesc Ferrer i Guàrdia, Magòria, el Poble-sec, Sants-Montjuïc, Barcelon",nominatim/nominatim_free,verificado
europa_del_sur.csv,314,Barcelona,"El Born (Sant Pere, Santa Caterina i la Ribera)",El Born,Barrio,41.385712,2.183637,41.385712,2.183637,0,1500,1,1,1,1,4,Barcelona,"El Born, 12, Plaça Comercial, el Born, Sant Pere, Santa Caterina i la Ribera, Ciutat Vella",nominatim/nominatim_bounded,verificado
europa_del_sur.csv,315,Barcelona,Gràcia,Gràcia,Barrio,41.406577,2.158281,41.406577,2.158281,0,1500,1,1,1,1,4,Barcelona,"2, Carrer de Massens, Gràcia Nova, la Vila de Gràcia, Gràcia, Barcelona, Barcelonès, Barce",photon/photon,verificado
europa_del_sur.csv,316,Barcelona,Poble Sec,el Poble-sec,Barrio,41.372806,2.161972,41.372806,2.161972,0,1500,1,1,1,1,4,Barcelona,"9, Carrer de Murillo, Satalia, el Poble-sec, Sants-Montjuïc, Barcelona, Barcelonès, Barcel",photon/fuentes discrepan 18.2 km,verificado
europa_del_sur.csv,317,Barcelona,Barceloneta,la Barceloneta,Barrio,41.380653,2.189927,41.380653,2.189927,0,1500,1,1,1,1,4,Barcelona,"Nikkis Kitchen BBC, 40, Carrer de la Maquinista, la Barceloneta, Ciutat Vella, Barcelona, ",photon/photon,verificado
europa_del_sur.csv,319,Barcelona,Poblenou,el Poblenou,Barrio,41.400527,2.201729,41.400527,2.201729,0,1500,1,1,1,1,4,Barcelona,"57, Rambla del Poblenou, el Poblenou, Sant Martí, Barcelona, Barcelonès, Barcelona, Catalu",photon/photon,verificado
europa_del_sur.csv,320,Barcelona,Raval,el Raval,Barrio,41.446271,2.237569,41.446271,2.237569,0,1500,1,1,1,1,4,Badalona,"Carrer de Llefià, el Raval, Districte 5, Badalona, Barcelonès, Barcelona, Catalunya, 08912",nominatim/nominatim_free,verificado
europa_del_sur.csv,321,Barcelona,Parc de la Ciutadella,Parc de la Ciutadella,Sitio,41.388416,2.186255,41.388416,2.186255,0,300,1,1,1,1,4,Barcelona,"Barques del Parc de la Ciutadella, Plaça de Sonia Rescalvo Zafra, la Ribera, Sant Pere, Sa",nominatim/nominatim_bounded,verificado
europa_del_sur.csv,324,Barcelona,Mercat del Encants Nous (Glòries),Mercat dels Encants,Sitio,41.400950,2.186228,41.400950,2.186228,0,300,1,0,1,1,3,Barcelona,"Carrer dels Encants Vells, el Fort Pienc, l'Eixample, Barcelona, Barcelonès, Barcelona, Ca",nominatim/nominatim_bounded,verificado
europa_del_sur.csv,325,Madrid,Retiro,Retiro,Sitio,40.420463,-3.686427,40.420463,-3.686427,0,300,1,1,1,1,4,Madrid,"Retiro, Calle de Alcalá, Recoletos, Salamanca, Madrid, Comunidad de Madrid, 28009, España",nominatim/fuentes discrepan 1.4 km,verificado
europa_del_sur.csv,326,Madrid,Sol → Plaza Mayor → Mercado de San Miguel,Mercado san miguel madrid,Sitio,40.415097,-3.708010,40.415097,-3.708010,0,300,1,0,1,1,3,Madrid,"Casa de la Panadería, 27, Plaza Mayor, Barrio de los Austrias, Sol, Centro, Madrid, Comuni",nominatim/nominatim_bounded,verificado
europa_del_sur.csv,327,Madrid,Gran Vía,Gran Vía,Sitio,40.422040,-3.708713,40.422040,-3.708713,0,300,1,1,1,1,4,Madrid,"64, Gran Vía, Malasaña, Universidad, Centro, Madrid, Comunidad de Madrid, 28013, España",nominatim/nominatim_bounded,verificado
europa_del_sur.csv,328,Madrid,Barrio de La Latina,Barrio de la Latina,Sitio,40.412375,-3.711055,40.412375,-3.711055,0,300,1,1,1,1,4,Madrid,"San Isidro Labrador, 2, Plaza de San Andrés, Barrio de la Latina, Palacio, Centro, Madrid,",nominatim/nominatim_bounded,verificado
europa_del_sur.csv,329,Madrid,Malasaña,Malasaña,Sitio,40.426708,-3.704231,40.426708,-3.704231,0,300,1,1,1,1,4,Madrid,"Sinclonnison, 10, Plaza del Dos de Mayo, Malasaña, Universidad, Centro, Madrid, Comunidad ",nominatim/nominatim_bounded,verificado
europa_del_sur.csv,330,Madrid,Museo Nacional del Prado,Museo del Prado,Museo,40.413792,-3.692041,40.413792,-3.692041,0,150,1,1,1,1,4,Madrid,"Museo del Prado, Paseo del Prado, Jerónimos, Retiro, Madrid, Comunidad de Madrid, 28014, E",nominatim/nominatim_free,verificado
europa_del_sur.csv,331,Madrid,Museo Reina Sofía,Museo Nacional Centro de Arte Reina Sofía,Museo,40.408049,-3.694422,40.408049,-3.694422,0,150,1,0,1,1,3,Madrid,"52, Calle de Santa Isabel, Embajadores, Centro, Madrid, Comunidad de Madrid, 28012, España",nominatim/nominatim_free,verificado
europa_del_sur.csv,332,Madrid,Museo Thyssen-Bornemisza,Museo Thyssen-Bornemisza,Museo,40.416216,-3.694932,40.416216,-3.694932,0,150,1,0,1,1,3,Madrid,"8, Paseo del Prado, Cortes, Centro, Madrid, Comunidad de Madrid, 28014, España",nominatim/nominatim_free,verificado
europa_del_sur.csv,333,Madrid,Palacio Real de Madrid,Palacio Real de Madrid,Museo,40.416740,-3.713622,40.416740,-3.713622,0,150,1,1,1,1,4,Madrid,"Palacio Real de Madrid, Plaza de la Armería, Barrio de la Latina, Palacio, Centro, Madrid,",nominatim/nominatim_free,verificado
europa_del_sur.csv,334,Madrid,Templo de Debod,Templo de Debod,Museo,40.424069,-3.717613,40.424069,-3.717613,0,150,1,1,1,1,4,Madrid,"Templo de Debod, Calle Profesor Martín Almagro Basch, Casa de Campo, Moncloa-Aravaca, Madr",nominatim/nominatim_free,verificado
europa_del_sur.csv,335,Madrid,Palacio de Cibeles / CentroCentro,Palacio de Cibeles,Museo,40.418845,-3.691812,40.418845,-3.691812,0,150,1,1,1,1,4,Madrid,"Palacio de Cibeles - Ayuntamiento de Madrid, Pasaje de Alarcón, Jerónimos, Retiro, Madrid,",nominatim/nominatim_free,verificado
europa_del_sur.csv,336,Madrid,Barrio de Las Letras (Barrio de los Poetas),Bar Los Poetas,Museo,40.468409,-3.717550,40.468409,-3.717550,0,150,1,0,1,1,3,Madrid,"2, Calle de Valdevarnés, Ciudad de los Poetas, Valdezarza, Moncloa-Aravaca, Madrid, Comuni",nominatim/nominatim_bounded,verificado
europa_del_sur.csv,337,Madrid,Matadero Madrid,Matadero Madrid,Museo,40.391545,-3.697662,40.391545,-3.697662,0,150,1,0,1,1,3,Madrid,"Sala Fernando Arrabal, Plaza Matadero, Chopera, Arganzuela, Madrid, Comunidad de Madrid, 2",nominatim/nominatim_bounded,verificado
europa_del_sur.csv,338,Madrid,Lavapiés,Lavapiés,Barrio,40.408402,-3.700965,40.408402,-3.700965,0,1500,1,1,1,1,4,Madrid,"2, Calle de Tribulete, Lavapiés, Embajadores, Centro, Madrid, Comunidad de Madrid, 28012, ",nominatim/nominatim_free,verificado
europa_del_sur.csv,339,Madrid,Chueca,Chueca,Barrio,40.422742,-3.699327,40.422742,-3.699327,0,1500,1,1,1,1,4,Madrid,"LaKama Café, 17, Calle de Augusto Figueroa, Chueca, Justicia, Centro, Madrid, Comunidad de",nominatim/nominatim_free,verificado
europa_del_sur.csv,340,Madrid,Salamanca,Salamanca,Barrio,40.427045,-3.680602,40.427045,-3.680602,0,1500,1,1,1,1,4,Madrid,"Calle de Castelló, Recoletos, Salamanca, Madrid, Comunidad de Madrid, 28001, España",photon/photon,verificado
europa_del_sur.csv,341,Madrid,Lavapiés + El Rastro (domingo),El Rastro,Barrio,40.408633,-3.707330,40.408633,-3.707330,0,1500,1,0,1,1,3,Madrid,"Calle Ribera de Curtidores, Embajadores, Centro, Madrid, Comunidad de Madrid, 28005, Españ",nominatim/nominatim_bounded,verificado
europa_del_sur.csv,342,Madrid,Estadio Bernabéu (Real Madrid),Bernabéu,Sitio,40.453044,-3.688197,40.453044,-3.688197,0,300,1,0,1,1,3,Madrid,"Avenida de Concha Espina, El Viso, Chamartín, Madrid, Comunidad de Madrid, 28020, España",nominatim/nominatim_bounded,verificado
europa_del_sur.csv,343,Madrid,Mercado de Motores,Andén 0 - Nave de Motores de Pacífico,Sitio,40.404175,-3.674039,40.404175,-3.674039,0,300,1,0,1,1,3,Madrid,"49, Calle de Valderribas, Pacífico, Retiro, Madrid, Comunidad de Madrid, 28007, España",nominatim/nominatim_bounded,verificado
europa_del_sur.csv,344,Madrid,La Corrala de Lavapiés,Plaza de la Corrala,Sitio,40.407980,-3.702753,40.407980,-3.702753,0,300,1,1,1,1,4,Madrid,"Plaza de la Corrala, Lavapiés, Embajadores, Centro, Madrid, Comunidad de Madrid, 28012, Es",nominatim/nominatim_bounded,verificado
europa_del_sur.csv,345,Madrid,Círculo de Bellas Artes (azotea),Círculo de Bellas Artes,Sitio,40.418207,-3.696514,40.418207,-3.696514,0,300,1,1,1,1,4,Madrid,"Azotea de Círculo de Bellas Artes, 42, Calle de Alcalá, Barrio de las Letras, Cortes, Cent",nominatim/nominatim_bounded,verificado
europa_del_sur.csv,347,Florencia,Jardines de Boboli + Bardini,Giardino di Boboli,Sitio,43.763278,11.249899,43.763278,11.249899,0,300,1,0,1,1,3,Firenze,"il Viottolone, Oltrarno, Quartiere 1, Firenze, Toscana, 50125, Italia",nominatim/nominatim_bounded,verificado
europa_del_sur.csv,348,Florencia,Borghini / vía Romana,Palazzo Borghini,Barrio,43.768373,11.261553,43.768373,11.261553,0,1500,1,0,1,1,3,Firenze,"Istituto di Istruzione Superiore Alberti - Dante, 9, Via Antonio Magliabechi, San Niccolò,",nominatim/nominatim_bounded,verificado
europa_del_sur.csv,349,Bari,Piazza Mercantile y Colonna della Giustizia,Piazza Mercantile,Sitio,41.127971,16.871604,41.127971,16.871604,0,300,1,1,1,1,4,Bari,"Pizza Shop, 36, Piazza Mercantile, San Nicola, Municipio 1, Bari, Puglia, 70122, Italia",nominatim/nominatim_bounded,verificado
europa_del_sur.csv,350,Bari,Chiesa di San Marco dei Veneziani / Vallisa,Chiesa di San Marco dei veneziani,Sitio,41.129657,16.869741,41.129657,16.869741,0,300,1,1,1,1,4,Bari,"Chiesa di San Marco dei veneziani, Strada San Marco, San Nicola, Municipio 1, Bari, Puglia",nominatim/nominatim_bounded,verificado
europa_del_sur.csv,351,Bari,Mercato del Pesce / N'derr la lanz (Molo San Nicola),Mercato del pesce,Mercado,41.128318,16.874669,41.128318,16.874669,0,300,1,1,1,1,4,Bari,"Mercato del pesce, Molo Sant'Antonio, Municipio 1, Bari, Puglia, 71123, Italia",nominatim/nominatim_free,verificado
europa_del_sur.csv,352,Lecce,Chiesa di Santa Chiara / Santa Teresa / Santi Niccolò e Cataldo,Chiesa di Santa Chiara,Iglesia,40.351792,18.171262,40.351792,18.171262,0,150,1,0,1,1,3,Lecce,"9, Via degli Ammirati, Lecce, Puglia, 73100, Italia",photon/photon,verificado
europa_del_sur.csv,353,Lecce,Teatro Politeama Greco / Teatro Paisiello,Teatro Politeama Greco,Sitio,40.353127,18.174812,40.353127,18.174812,0,300,1,1,1,1,4,Lecce,"Teatro Politeama Greco, Piazzetta Colonnello De Cristoforis, Lecce, Puglia, 73100, Italia",nominatim/nominatim_bounded,verificado
europa_del_sur.csv,354,Lecce,Via Palmieri y Via Libertini,Via Palmieri,Barrio,40.332482,18.223560,40.332482,18.223560,0,1500,1,1,1,1,4,Lizzanello,"Via Palmieri, Merine, Lizzanello, Lecce, Puglia, 73023, Italia",nominatim/fuentes discrepan 5.2 km,verificado
europa_del_sur.csv,355,Matera,Santa Maria de Idris + San Giovanni in Monterrone,Chiesa di Santa Maria de Armenis,Iglesia,40.662537,16.611151,40.662537,16.611151,0,150,1,1,1,1,4,Matera,"Chiesa di Santa Maria de Armenis, Terrazza Lanfranchi, Sassi di Matera, Rioni Sassi, Mater",nominatim/nominatim_free,verificado
europa_del_sur.csv,356,Matera,Madonna delle Virtù + San Nicola dei Greci,Chiesa Madonna delle Virtù,Iglesia,40.668418,16.611220,40.668418,16.611220,0,150,1,1,1,1,4,Matera,"Chiesa Madonna delle Virtù, Via San Nicola del Sole, Sassi di Matera, Rioni Sassi, Pedale ",nominatim/nominatim_free,verificado
europa_del_sur.csv,357,Matera,Chiesa di San Francesco d'Assisi / San Giovanni Battista / Purgatorio,Chiesa di San Francesco d'Assisi,Iglesia,40.665464,16.609293,40.665464,16.609293,0,150,1,1,1,1,4,Matera,"Chiesa di San Francesco d'Assisi, Piazza San Francesco, Rioni Sassi, Matera, Basilicata, 7",nominatim/nominatim_free,verificado
europa_del_sur.csv,358,Matera,Villaggio Saraceno / Cripte del parco,Villaggio Saraceno,Naturaleza,40.616784,16.655333,40.616784,16.655333,0,2000,1,1,1,1,4,Matera,"Cripta del Vitisciulo, Sentiero per il Villaggio Saraceno, Matera, Basilicata, Italia",nominatim/nominatim_bounded,verificado
europa_del_sur.csv,359,Ostuni,Palazzo Vescovile y Arco Scoppa,Palazzo Vescovile,Barrio,40.734294,17.578535,40.734294,17.578535,0,1500,1,0,1,1,3,Ostuni,"Cremeria Borgo Antico, largo Arcidiacono Teodoro Trinchera, Ostuni, Brindisi, Puglia, 7201",nominatim/nominatim_bounded,verificado
europa_del_sur.csv,360,Ostuni,Chiesa di San Vito Martire / Museo di Civiltà Preclassiche della Murgia,Chiesa San Vito Martire,Barrio,40.733714,17.578667,40.733714,17.578667,0,1500,1,0,1,1,3,Ostuni,"Museo di Civiltà Preclassiche della Murgia Meridionale, Via Cattedrale, Ostuni, Brindisi, ",nominatim/nominatim_bounded,verificado
europa_del_sur.csv,361,Palermo,Palazzo dei Normanni + Cappella Palatina,Palazzo dei Normanni,Museo,38.111206,13.353250,38.111206,13.353250,0,150,1,0,1,1,3,Palermo,"Museo dell'Osservatorio Astronomico, 1, Piazza del Parlamento, Albergheria, I Circoscrizio",photon/photon,verificado
europa_del_sur.csv,362,Palermo,Terraza del Grand Hotel Wagner / rooftop bars,Grand Hotel Wagner,Mirador,38.123604,13.358526,38.123604,13.358526,0,150,1,1,1,1,4,Palermo,"Grand Hotel Wagner, Via Principe di Granatelli, VIII Circoscrizione, Palermo, Sicilia, 901",nominatim/nominatim_free,verificado
europa_del_sur.csv,363,Palermo,Via Maqueda + Via Vittorio Emanuele (Cassaro),Via Maqueda,Barrio,38.118456,13.359669,38.118456,13.359669,0,1500,1,1,1,1,4,Palermo,"Pedro’s Coffee & Food, 345, Via Maqueda, Il Capo, I Circoscrizione, Palermo, Sicilia, 9013",nominatim/nominatim_bounded,verificado
europa_del_sur.csv,365,Palermo,Cimitero dei Rotoli / Cimitero di Sant'Orsola,Cimitero di Santa Maria dei Rotoli,Sitio,38.160424,13.368614,38.160424,13.368614,0,300,1,0,1,1,3,Palermo,"Via della Trasfigurazione, Vergine Maria, Arenella, VII Circoscrizione, Palermo, Sicilia, ",nominatim/nominatim_bounded,verificado
europa_del_sur.csv,366,Catania,Teatro Greco-Romano + Odeon,Teatro Greco Romano,Museo,37.502879,15.083576,37.502879,15.083576,0,150,1,0,1,1,3,Catania,"Via Vittorio Emanuele Secondo, Giudecca, Centro storico, Catania, Sicilia, 95124, Italia",nominatim/nominatim_bounded,verificado
europa_del_sur.csv,367,Catania,Chiesa della Badia di Sant'Agata + cúpula,Badia di Sant'Agata,Iglesia,37.503107,15.088078,37.503107,15.088078,0,150,1,0,1,1,3,Catania,"2a, Via Francesco Raddusa, San Berillo, Centro storico, Catania, Sicilia, 95131, Italia",nominatim/nominatim_free,verificado
europa_del_sur.csv,368,Catania,"Piazza del Duomo + Fontana dell'Elefante (""u Liotru"")",Piazza Duomo,Barrio,37.502408,15.087190,37.502408,15.087190,0,1500,1,0,1,1,3,Catania,"Fontana dell'Elefante, Via Vittorio Emanuele Secondo, Giudecca, Centro storico, Catania, S",nominatim/nominatim_free,verificado
europa_del_sur.csv,369,Catania,Il Fortino / Mercato di San Berillo,Il Braciere del Fortino,Sitio,37.499884,15.074498,37.499884,15.074498,0,300,1,1,1,1,4,Catania,"Il Braciere del Fortino, Via Brancato, Fortino, Centro storico, Catania, Sicilia, 95122, I",nominatim/nominatim_bounded,verificado
europa_del_sur.csv,370,Catania,Grotta del Gelo / colata de 1669,La colata lavica del 1992,Sitio,37.702740,15.094450,37.702740,15.094450,0,300,1,1,1,1,4,Zafferana Etnea,"La colata lavica del 1992, Via Val Calanna, Zafferana Etnea, Catania, Sicilia, 95019, Ital",photon/bajo_umbral,verificado
europa_del_sur.csv,371,Siracusa,Tecnoparco Archimede / Museo di Archimede,Tecnoparco Archimede,Museo,37.074086,15.274297,37.074086,15.274297,0,150,1,1,1,1,4,Siracusa,"Tecnoparco Archimede, Viale Giuseppe Agnello, Neapolis, Siracusa, Sicilia, 96100, Italia",nominatim/nominatim_free,verificado
europa_del_sur.csv,372,Siracusa,Miqwe / Bagno Ebraico di Ortigia,Bagno ebraico - Mikveh,Iglesia,37.059618,15.297609,37.059618,15.297609,0,150,1,1,1,1,4,Siracusa,"Bagno ebraico - Mikveh, Via Giovanni Battista Alagona, Ortigia, Siracusa, Sicilia, 96100, ",nominatim/nominatim_free,verificado
europa_del_sur.csv,373,Siracusa,Lungomare di Levante y Lungomare d'Ortigia,Lungomare di Levante Elio Vittorini,Barrio,37.065543,15.294793,37.065543,15.294793,0,1500,1,1,1,1,4,Siracusa,"Lungomare di Levante Elio Vittorini, Ortigia, Siracusa, Sicilia, 96100, Italia",nominatim/nominatim_bounded,verificado
europa_del_sur.csv,374,Siracusa,Piazza Archimede + Fontana di Diana,Piazza Archimede,Barrio,37.061265,15.293874,37.061265,15.293874,0,1500,1,0,1,1,3,Siracusa,"Fontana di Diana, Corso Giacomo Matteotti, Ortigia, Siracusa, Sicilia, 96100, Italia",photon/photon,verificado
europa_del_sur.csv,375,Agrigento,Necropoli Paleocristiana y Tomba di Terone,Necropoli Paleocristiana,Sitio histórico,37.290309,13.589653,37.290309,13.589653,0,200,1,1,1,1,4,Agrigento,"Necropoli Paleocristiana, Via Sacra, Portella, Villaggio Mosè, Agrigento, Sicilia, 92100, ",nominatim/nominatim_bounded,verificado
europa_del_sur.csv,376,Noto,"Piazza Municipio, Piazza XVI Maggio y Piazza dell'Immacolata",Piazza Municipio,Iglesia,36.890718,15.070101,36.890718,15.070101,0,150,1,0,1,1,3,Noto,"15, Via Silvio Spaventa, Piano Alto, Noto, Siracusa, Sicilia, 96017, Italia",nominatim/nominatim_bounded,verificado
europa_del_sur.csv,377,Noto,Cava Carosello / Eremo di San Corrado,Cava del Carosello,Sitio,36.947343,15.019644,36.947343,15.019644,0,300,1,0,1,1,3,Noto,"Strada provinciale Noto-Fiumara-Noto Antica-Testa dell'Acqua-Burlò, Noto, Siracusa, Sicili",nominatim/nominatim_bounded,verificado
europa_del_sur.csv,378,Noto,Convento del Santissimo Salvatore + Museo Civico,Basilica del Santissimo Salvatore,Sitio,36.890800,15.071924,36.890800,15.071924,0,300,1,1,1,1,4,Noto,"Basilica del Santissimo Salvatore, Via Vincenzo Gioberti, Piano Alto, Noto, Siracusa, Sici",nominatim/nominatim_bounded,verificado
europa_del_sur.csv,379,Ragusa,Chiesa di Santa Maria dei Miracoli / San Giacomo / dei Cappuccini,Chiesa di Santa Maria dei Miracoli,Barrio,36.924434,14.741119,36.924434,14.741119,0,1500,1,1,1,1,4,Ragusa,"Chiesa di Santa Maria dei Miracoli, Via Avvocato Giovanni Ottaviano, Cappuccini, Ragusa Ib",nominatim/nominatim_bounded,verificado
europa_del_sur.csv,380,Ragusa,Corso Italia y Via Roma,Corso Italia,Barrio,36.926905,14.725545,36.926905,14.725545,0,1500,1,1,1,1,4,Ragusa,"271, Corso Italia, Cappuccini, Ragusa Ibla, Ragusa, Sicilia, 97100, Italia",nominatim/nominatim_bounded,verificado
europa_del_sur.csv,381,Ragusa,Palazzo Zacco y Palazzo Bertini,Palazzo Zacco,Barrio,36.924392,14.731286,36.924392,14.731286,0,1500,1,0,1,1,3,Ragusa,"Civica Raccolta Cappello, Via San Vito, Cappuccini, Ragusa Ibla, Ragusa, Sicilia, 97100, I",nominatim/nominatim_bounded,verificado
europa_del_sur.csv,382,Ragusa,Ponte dei Cappuccini / Ponte Nuovo,Ponte dei Cappucini,Barrio,36.923075,14.729030,36.923075,14.729030,0,1500,1,1,1,1,4,Ragusa,"Ponte dei Cappucini, Cappuccini, Ragusa Ibla, Ragusa, Sicilia, 97100, Italia",nominatim/nominatim_bounded,verificado
europa_del_sur.csv,384,Barcelona,Barri Gòtic + El Born,el Gòtic,Sitio,41.383840,2.174512,41.383840,2.174512,0,300,1,1,1,1,4,Barcelona,"Palau Castanyer, Carrer de la Portaferrissa, Santa Maria del Pi, el Gòtic, Ciutat Vella, B",nominatim/nominatim_bounded,verificado
europa_del_sur.csv,385,Florencia,Jardines Bardini,Giardino Bardini,Sitio,43.764212,11.257128,43.764212,11.257128,0,300,1,0,1,1,3,Firenze,"Via dei Bardi, San Niccolò, Quartiere 1, Firenze, Toscana, 50125, Italia",nominatim/nominatim_bounded,verificado
europa_del_sur.csv,387,Bari,Muraglia (paseo de las murallas),La Muraglia B&B,Sitio,41.131939,16.870803,41.131939,16.870803,0,300,1,1,1,1,4,Bari,"La Muraglia B&B, 2, Strada Annunziata, San Nicola, Municipio 1, Bari, Puglia, 70122, Itali",nominatim/nominatim_bounded,verificado
europa_del_sur.csv,388,Bari,Bari Sotterranea,Bari,Sitio,41.125784,16.862029,41.125784,16.862029,0,300,1,1,1,1,4,Bari,"Piazza Giuseppe Garibaldi, Libertà, Municipio 1, Bari, Puglia, 70122, Italia",nominatim/nominatim_bounded,verificado
europa_del_sur.csv,389,Lecce,MUST — Museo Storico della Città,MUST - Museo Storico della Città di Lecce,Sitio,40.351700,18.170849,40.351700,18.170849,0,300,1,0,1,1,3,Lecce,"7, Via degli Ammirati, Lecce, Puglia, 73100, Italia",nominatim/nominatim_bounded,verificado
europa_del_sur.csv,390,Matera,MUSMA — Museo della Scultura Contemporanea,Musma,Museo,40.666118,16.612251,40.666118,16.612251,0,150,1,1,1,1,4,Matera,"Musma, Via San Giacomo, Sassi di Matera, Rioni Sassi, Pedale della Palomba, Matera, Basili",nominatim/nominatim_free,verificado
europa_del_sur.csv,392,Palermo,Museo Archeologico Regionale Antonino Salinas,Museo Archeologico Regionale Antonio Salinas,Museo,38.120905,13.361146,38.120905,13.361146,0,150,1,1,1,1,4,Palermo,"Museo Archeologico Regionale Antonio Salinas, 24, Piazza All'Olivella, La Loggia, I Circos",nominatim/nominatim_free,verificado
europa_del_sur.csv,393,Palermo,Riserva Naturale di Capo Gallo,Riserva Naturale Orientata Capo Gallo,Naturaleza,38.207971,13.294616,38.207971,13.294616,0,2000,1,0,1,1,3,Palermo,"accesso occidentale a Capo Gallo, Sferracavallo, VII Circoscrizione, Palermo, Sicilia, 901",nominatim/nominatim_bounded,verificado
europa_del_sur.csv,395,Catania,Chiesa di San Nicolò l'Arena,San Nicolò l'Arena,Iglesia,37.504288,15.080049,37.504288,15.080049,0,150,1,0,1,1,3,Catania,"Cupola di San Nicola, Via Biblioteca, Antico Corso, Centro storico, Catania, Sicilia, 9512",nominatim/nominatim_free,verificado
europa_del_sur.csv,396,Catania,Santuario Basilica Maria SS. Annunziata al Carmine,Basilica Santuario di Maria Santissima Annunziata al Carmine,Iglesia,37.510071,15.088912,37.510071,15.088912,0,150,1,1,1,1,4,Catania,"Basilica Santuario di Maria Santissima Annunziata al Carmine, Via Giuseppe Verdi, San Beri",nominatim/nominatim_free,verificado
europa_katia.csv,2,Roma,Piazza Venezia,Piazza Venezia,Plaza,41.896245,12.482370,41.896245,12.482370,0,250,1,1,1,1,4,Roma,"3, Piazza Venezia, Pigna, Municipio Roma I, Roma, Roma Capitale, Lazio, 00186, Italia",nominatim/nominatim_free,verificado
europa_katia.csv,3,Roma,Villa Borghese,Villa Borghese,Parque,41.914411,12.484844,41.914411,12.484844,0,600,1,0,1,1,3,Roma,"Viale Leopoldo Torlonia, Pinciano, Municipio Roma II, Roma, Roma Capitale, Lazio, 00197, I",nominatim/nominatim_free,verificado
europa_katia.csv,4,Roma,Museo Palatino,Museo Palatino,Museo,41.888304,12.486564,41.888304,12.486564,0,150,1,0,1,1,3,Roma,"Via di San Bonaventura, Campitelli, Municipio Roma I, Roma, Roma Capitale, Lazio, 00184, I",nominatim/nominatim_free,verificado
europa_katia.csv,5,Roma,Basílica de Majencio,Basilica di Massenzio,Sitio histórico,41.891816,12.488417,41.891816,12.488417,0,200,1,0,1,1,3,Roma,"Horrea Piperataria, Via Sacra, Campitelli, Municipio Roma I, Roma, Roma Capitale, Lazio, 0",nominatim/nominatim_bounded,verificado
europa_katia.csv,6,Roma,Santa Maria Maggiore,Basilica di Santa Maria Maggiore,Iglesia,41.897627,12.498470,41.897627,12.498470,0,150,1,0,1,1,3,Roma,"Papa Francesco (1936-2025), Via Liberiana, Monti, Municipio Roma I, Roma, Roma Capitale, L",nominatim/nominatim_free,verificado
europa_katia.csv,7,Roma,Santa Maria della Vittoria,Santa Maria della Vittoria,Iglesia,41.904719,12.494189,41.904719,12.494189,0,150,1,1,1,1,4,Roma,"Santa Maria della Vittoria, 17, Via Venti Settembre, Sallustiano, Municipio Roma I, Roma, ",nominatim/nominatim_free,verificado
europa_katia.csv,9,Roma,Parioli,Parioli,Barrio,41.931050,12.488590,41.931050,12.488590,0,1500,1,1,1,1,4,Roma,"Circolo Antico Tiro A Volo, 21, Via Eugenio Vajna, Parioli, Municipio Roma II, Roma, Roma ",nominatim/nominatim_free,verificado
europa_katia.csv,10,Roma,Muralla Aureliana,Mura aureliane,Sitio histórico,41.909053,12.487409,41.909053,12.487409,0,200,1,0,1,1,3,Roma,"Porta Pinciana, Via di Porta Pinciana, Campo Marzio, Municipio Roma I, Roma, Roma Capitale",nominatim/nominatim_free,verificado
europa_katia.csv,11,Roma,Pirámide Cestia,Piramide di Caio Cestio,Sitio histórico,41.876449,12.480854,41.876449,12.480854,0,200,1,1,1,1,4,Roma,"Piramide di Caio Cestio, Via Raffaele Persichetti, Testaccio, Municipio Roma I, Roma, Roma",nominatim/nominatim_bounded,verificado
europa_katia.csv,12,Roma,Manufactus,Manufactus,Tienda,41.899829,12.472619,41.899829,12.472619,0,120,1,1,1,1,4,Roma,"Manufactus, 41, Piazza Navona, Parione, Municipio Roma I, Roma, Roma Capitale, Lazio, 0018",nominatim/nominatim_bounded,verificado
europa_katia.csv,13,Roma,Biblioteca Angelica,Biblioteca Angelica,Sitio histórico,41.900644,12.474552,41.900644,12.474552,0,200,1,0,1,1,3,Roma,"Ordine di Sant'Agostino - Sede Provinci d'Italia, 80, Via della Scrofa, Sant'Eustachio, Mu",nominatim/nominatim_bounded,verificado
europa_katia.csv,14,Roma,Auditorium Parco della Musica,Auditorium Parco della Musica Ennio Morricone,Teatro,41.929193,12.475128,41.929193,12.475128,0,150,1,0,1,1,3,Roma,"Sala Santa Cecilia, Viale Gianni Borgna, Parioli, Municipio Roma II, Roma, Roma Capitale, ",nominatim/nominatim_free,verificado
europa_katia.csv,15,Nápoles,Catedral de Nápoles,Cattedrale di Santa Maria Assunta,Catedral,40.852653,14.259870,40.852653,14.259870,0,150,1,0,1,1,3,Napoli,"Vico Sedil Capuano, Rione Forcella, San Lorenzo, Municipalità 4, Napoli, Campania, 80187, ",nominatim/nominatim_free,verificado
europa_katia.csv,16,Nápoles,Santa Chiara,Basilica di Santa Chiara,Iglesia,40.846823,14.252910,40.846823,14.252910,0,150,1,1,1,1,4,Napoli,"Basilica di Santa Chiara, Cortile Santa Chiara, San Giuseppe, Municipalità 2, Napoli, Camp",nominatim/nominatim_free,verificado
europa_katia.csv,17,Nápoles,Gesù Nuovo,Chiesa del Gesù Nuovo,Iglesia,40.847558,14.251874,40.847558,14.251874,0,150,1,1,1,1,4,Napoli,"Chiesa del Gesù Nuovo, Piazza del Gesù Nuovo, San Giuseppe, Municipalità 2, Napoli, Campan",nominatim/nominatim_free,verificado
europa_katia.csv,18,Nápoles,Via San Gregorio Armeno,Via San Gregorio Armeno,Calle,40.849777,14.257981,40.849777,14.257981,0,2000,1,1,1,1,4,Napoli,"Fulvio Forte, 26, Via San Gregorio Armeno, Rione Forcella, San Lorenzo, Municipalità 4, Na",nominatim/nominatim_bounded,verificado
europa_katia.csv,19,Nápoles,San Lorenzo Maggiore,Basilica di San Lorenzo Maggiore,Iglesia,40.850920,14.258040,40.850920,14.258040,0,150,1,1,1,1,4,Napoli,"Basilica di San Lorenzo Maggiore, Vico Scorziata, Rione Forcella, San Lorenzo, Municipalit",nominatim/nominatim_free,verificado
europa_katia.csv,20,Nápoles,Via Toledo,Via Toledo,Calle,40.841677,14.248754,40.841677,14.248754,0,2000,1,1,1,1,4,Napoli,"150, Via Toledo, Rione Carità, Montecalvario, Municipalità 2, Napoli, Campania, 80134, Ita",nominatim/nominatim_bounded,verificado
europa_katia.csv,21,Nápoles,Mural de Maradona,Murales di Maradona,Sitio histórico,40.849694,14.201474,40.849694,14.201474,0,200,1,0,1,1,3,Napoli,"Murales di Diego Armando Maradona, Traversa Vicinale Paradiso, Verdolino, Soccavo, Municip",nominatim/nominatim_bounded,verificado
europa_katia.csv,22,Nápoles,Castel Nuovo,Castel Nuovo,Castillo,40.838317,14.253731,40.838317,14.253731,0,250,1,0,1,1,3,Napoli,"Cappella Palatina, Via Ferdinando Acton, Pizzofalcone, San Ferdinando, Municipalità 1, Nap",nominatim/nominatim_free,verificado
europa_katia.csv,23,Nápoles,Galleria Umberto I,Galleria Umberto I,Sitio histórico,40.838514,14.249240,40.838514,14.249240,0,200,1,1,1,1,4,Napoli,"Antonio Barbaro, Galleria Umberto I, San Ferdinando, Municipalità 1, Napoli, Campania, 801",nominatim/nominatim_bounded,verificado
europa_katia.csv,24,Nápoles,Teatro di San Carlo,Teatro di San Carlo,Teatro,40.837374,14.249813,40.837374,14.249813,0,150,1,1,1,1,4,Napoli,"Teatro di San Carlo, 98, Via San Carlo, San Ferdinando, Municipalità 1, Napoli, Campania, ",nominatim/nominatim_free,verificado
europa_katia.csv,25,Nápoles,Palazzo Salerno,Palazzo Salerno,Palacio,40.834876,14.249748,40.834876,14.249748,0,200,1,0,1,1,3,Napoli,"Biblioteca Militare del Presidio di Napoli, Via Cesario Console, Pizzofalcone, San Ferdina",nominatim/nominatim_bounded,verificado
europa_katia.csv,26,Nápoles,San Francesco di Paola,Basilica di San Francesco di Paola,Iglesia,40.835599,14.247336,40.835599,14.247336,0,150,1,0,1,1,3,Napoli,"Caffè Reginelle, Piazza Carolina, Pizzofalcone, San Ferdinando, Municipalità 1, Napoli, Ca",nominatim/nominatim_free,verificado
europa_katia.csv,27,Nápoles,Palazzo della Prefettura,Palazzo della Prefettura,Palacio,40.836569,14.248216,40.836569,14.248216,0,200,1,0,1,1,3,Napoli,"Camiciamoci, Via Chiaia, Pizzofalcone, San Ferdinando, Municipalità 1, Napoli, Campania, 8",nominatim/nominatim_bounded,verificado
europa_katia.csv,28,Nápoles,Real Bosco di Capodimonte,Real Bosco di Capodimonte,Parque,40.874251,14.255113,40.874251,14.255113,0,600,1,0,1,1,3,Napoli,"Fontana di mezzo, Via Lucio Amelio, Stella, Municipalità 3, Napoli, Campania, 80137, Itali",nominatim/nominatim_bounded,verificado
europa_katia.csv,29,Nápoles,Piazza Dante,Piazza Dante,Plaza,40.849156,14.250303,40.849156,14.250303,0,250,1,0,1,1,3,Napoli,"Rione Montesanto, San Giuseppe, Municipalità 2, Napoli, Campania, 80135, Italia",nominatim/nominatim_free,verificado
europa_katia.csv,30,Nápoles,Vomero,Vomero,Barrio,40.843846,14.225482,40.843846,14.225482,0,1500,1,1,1,1,4,Napoli,"Via Mario de Ciccio, Rione Antignano, Vomero, Municipalità 5, Napoli, Campania, 80127, Ita",nominatim/nominatim_free,verificado
europa_katia.csv,31,Liubliana,Metelkova Mesto,Metelkova,Barrio,46.056914,14.516926,46.056914,14.516926,0,1500,1,0,1,1,3,Ljubljana,"Maistrova ulica, Tabor, Poljane, Četrtna skupnost Center, Ljubljana, Upravna Enota Ljublja",nominatim/nominatim_bounded,verificado
europa_katia.csv,32,Liubliana,Museo Etnográfico Esloveno,Slovenski etnografski muzej,Museo,46.054976,14.516175,46.054976,14.516175,0,150,1,0,1,1,3,Ljubljana,"Kavarna SEM, 2, Metelkova ulica, Tabor, Poljane, Četrtna skupnost Center, Ljubljana, Uprav",nominatim/nominatim_free,verificado
europa_katia.csv,33,Liubliana,Catedral de San Nicolás,Stolnica sv. Nikolaja,Catedral,46.050763,14.508252,46.050763,14.508252,0,150,1,1,1,1,4,Ljubljana,"Stolnica sv. Nikolaja, 1, Dolničarjeva ulica, Ledina, Grajski grič, Četrtna skupnost Cente",nominatim/nominatim_free,verificado
europa_katia.csv,34,Liubliana,Iglesia Franciscana de la Anunciación,Frančiškanska cerkev Marijinega oznanjenja,Iglesia,46.051899,14.506077,46.051899,14.506077,0,150,1,1,1,1,4,Ljubljana,"Frančiškanska cerkev Marijinega oznanjenja, Miklošičeva cesta, Ledina, Grajski grič, Četrt",nominatim/nominatim_free,verificado
europa_katia.csv,35,Liubliana,Plaza del Congreso,Kongresni trg,Plaza,46.050172,14.503852,46.050172,14.503852,0,250,1,1,1,1,4,Ljubljana,"Kongresni trg, Grajski grič, Četrtna skupnost Center, Ljubljana, Upravna Enota Ljubljana, ",nominatim/nominatim_free,verificado
europa_katia.csv,36,Liubliana,Triple Puente,Tromostovje,Puente,46.051133,14.506210,46.051133,14.506210,0,150,1,1,1,1,4,Ljubljana,"Tromostovje, Ledina, Grajski grič, Četrtna skupnost Center, Ljubljana, Upravna Enota Ljubl",nominatim/nominatim_free,verificado
europa_katia.csv,37,Liubliana,Biblioteca Nacional (NUK),Narodna in univerzitetna knjižnica,Sitio histórico,46.047533,14.503717,46.047533,14.503717,0,200,1,1,1,1,4,Ljubljana,"Narodna in univerzitetna knjižnica, 1, Turjaška ulica, Žabjak, Grajski grič, Četrtna skupn",nominatim/nominatim_bounded,verificado
europa_katia.csv,38,Liubliana,Cementerio Žale,Žale,Cementerio,46.071457,14.532351,46.071457,14.532351,0,400,1,0,1,1,3,Ljubljana,"Dedijer Steček, Pot spominov in tovarištva, Jarše, Četrtna skupnost Bežigrad, Ljubljana, U",nominatim/nominatim_free,verificado
europa_katia.csv,39,Liubliana,Velika Planina,Velika planina,Paisaje,46.295936,14.652010,46.295936,14.652010,0,2500,1,1,1,1,4,Kamnik,"Pot Dol - Gradisce, Velika Planina, Kamnik, Upravna Enota Kamnik, 1242, Slovenija",nominatim/nominatim_bounded,verificado
europa_katia.csv,40,Lagos Alpinos,Lago Bled,Blejsko jezero,Lago,46.363913,14.093807,46.363913,14.093807,0,3000,1,0,1,1,3,Bled,"Blejski otok - Severna stran, Northern Stone Staircase, Mlino, Bled, 4260, Slovenija",nominatim/nominatim_free,verificado
europa_katia.csv,41,Lagos Alpinos,Mirador Mala Osojnica,Mala Osojnica,Mirador,46.357560,14.081014,46.357560,14.081014,0,150,1,0,1,1,3,Bled,"Kidričeva cesta, Bled, 4263, Slovenija",nominatim/nominatim_free,verificado
europa_katia.csv,44,Karst y Cuevas,Mali naravni most,Mali naravni most,Naturaleza,45.791628,14.306230,45.791628,14.306230,0,2000,1,1,1,1,4,Zelše,"Mali naravni most, Rakov Škocjan, Zelše, Cerknica, 1381, Slovenija",nominatim/nominatim_bounded,verificado
europa_katia.csv,45,Valle del Soča,Gargantas de Tolmin,Tolminska korita,Naturaleza,46.198201,13.740314,46.198201,13.740314,0,2000,1,1,1,1,4,Zadlaz - Čadrg,"Tolminska korita, Zatolmin, Ralne, Zadlaz - Čadrg, Tolmin, 5220, Slovenija",nominatim/nominatim_bounded,verificado
europa_katia.csv,46,Valle del Soča,Paso de Vršič,Prelaz Vršič,Ruta,46.434779,13.743712,46.434779,13.743712,0,5000,1,0,1,1,3,Bovec,"Vršiška cesta (Ruska cesta), Bovec, Slovenija",nominatim/bajo_umbral,verificado
europa_katia.csv,47,Trieste,Piazza Unità d'Italia,Piazza Unità d'Italia,Plaza,45.650100,13.767703,45.650100,13.767703,0,250,1,1,1,1,4,Trieste,"2, Piazza Unità d'Italia, Cavana, San Vito, Città Nuova-Barriera Nuova-San Vito-Città Vecc",photon/photon,verificado
europa_katia.csv,48,Trieste,Castillo de Miramare,Castello di Miramare,Castillo,45.702532,13.712456,45.702532,13.712456,0,250,1,1,1,1,4,Trieste,"Biblioteca del Museo storico del castello di Miramare, Viale Miramare, Roiano-Gretta-Barco",nominatim/nominatim_free,verificado
europa_katia.csv,49,Trieste,Caffè degli Specchi,Caffè degli Specchi,Café,45.650106,13.768416,45.650106,13.768416,0,120,1,1,1,1,4,Trieste,"Caffè degli Specchi, 7, Piazza Unità d'Italia, Cavana, San Vito, Città Nuova-Barriera Nuov",nominatim/nominatim_bounded,verificado
europa_katia.csv,50,Trieste,Antico Caffè San Marco,Antico Caffè San Marco,Café,45.652819,13.780278,45.652819,13.780278,0,120,1,0,1,1,3,Trieste,"Caffè San Marco, 18, Via Cesare Battisti, Barriera Nuova, Città Nuova-Barriera Nuova-San V",nominatim/fuentes discrepan 5.5 km,verificado
europa_katia.csv,51,Berna,Casco Antiguo de Berna,Altstadt,Casco histórico,46.948289,7.451273,46.948289,7.451273,0,1500,1,1,1,1,4,Bern,"Kramgasse, Altstadt, Grünes Quartier, Stadtteil I, Bern, Verwaltungskreis Bern-Mittelland,",nominatim/nominatim_bounded,verificado
europa_katia.csv,52,Berna,Río Aare,Aare,Naturaleza,46.945990,7.453311,46.945990,7.453311,0,2000,1,0,1,1,3,Bern,"50, Schifflaube, Matte, Stadtteil I, Bern, Verwaltungskreis Bern-Mittelland, Verwaltungsre",nominatim/nominatim_bounded,verificado
europa_katia.csv,53,Berna,Kramgasse,Kramgasse,Calle,46.947972,7.450213,46.947972,7.450213,0,2000,1,1,1,1,4,Bern,"40, Kramgasse, Altstadt, Grünes Quartier, Stadtteil I, Bern, Verwaltungskreis Bern-Mittell",nominatim/nominatim_bounded,verificado
europa_katia.csv,55,Berna,Spitalgasse,Spitalgasse,Calle,46.947906,7.441651,46.947906,7.441651,0,2000,1,1,1,1,4,Bern,"37, Spitalgasse, Rotes Quartier, Stadtteil I, Bern, Verwaltungskreis Bern-Mittelland, Verw",nominatim/nominatim_bounded,verificado
europa_katia.csv,56,Berna,Einsteinhaus,Einsteinhaus Bern,Museo,46.947674,7.449971,46.947674,7.449971,0,150,1,0,1,1,3,Bern,"Einsteinhaus, 49, Kramgasse, Altstadt, Grünes Quartier, Stadtteil I, Bern, Verwaltungskrei",nominatim/nominatim_free,verificado
europa_katia.csv,57,Berna,Zytglogge,Zytglogge,Sitio histórico,46.947947,7.447795,46.947947,7.447795,0,200,1,1,1,1,4,Bern,"2-3011-27319, 3, Bim Zytglogge, Altstadt, Grünes Quartier, Stadtteil I, Bern, Verwaltungsk",nominatim/nominatim_bounded,verificado
europa_katia.csv,58,Berna,Catedral de Berna,Berner Münster,Catedral,46.947238,7.451579,46.947238,7.451579,0,150,1,0,1,1,3,Bern,"1, Münsterplatz, Altstadt, Grünes Quartier, Stadtteil I, Bern, Verwaltungskreis Bern-Mitte",nominatim/nominatim_free,verificado
europa_katia.csv,59,Berna,Münsterplattform,Münsterplattform,Mirador,46.946821,7.451824,46.946821,7.451824,0,150,1,1,1,1,4,Bern,"Münsterplattform, Altstadt, Grünes Quartier, Stadtteil I, Bern, Verwaltungskreis Bern-Mitt",nominatim/nominatim_bounded,verificado
europa_katia.csv,60,Berna,Bundeshaus,Bundeshaus,Sitio histórico,46.946488,7.444332,46.946488,7.444332,0,200,1,1,1,1,4,Bern,"Bundeshaus – Parlamentsgebäude, 3, Bundesplatz, Gelbes Quartier, Stadtteil I, Bern, Verwal",nominatim/nominatim_bounded,verificado
europa_katia.csv,61,Berna,Bundesplatz,Bundesplatz,Plaza,46.947009,7.444161,46.947009,7.444161,0,250,1,1,1,1,4,Bern,"Bundeshaus – Parlamentsgebäude, 3, Bundesplatz, Gelbes Quartier, Stadtteil I, Bern, Verwal",nominatim/nominatim_free,verificado
europa_katia.csv,62,Berna,Zähringerbrunnen,Zähringerbrunnen,Monumento,46.947958,7.449185,46.947958,7.449185,0,200,1,1,1,1,4,Bern,"Zähringerbrunnen, Kramgasse, Altstadt, Grünes Quartier, Stadtteil I, Bern, Verwaltungskrei",nominatim/nominatim_bounded,verificado
europa_katia.csv,63,Berna,Kindlifresserbrunnen,Kindlifresserbrunnen,Monumento,46.948463,7.447505,46.948463,7.447505,0,200,1,1,1,1,4,Bern,"Kindlifresserbrunnen, Kornhausplatz, Altstadt, Grünes Quartier, Stadtteil I, Bern, Verwalt",nominatim/nominatim_bounded,verificado
europa_katia.csv,64,Berna,Museo de Historia de Berna / Museo Einstein,Bernisches Historisches Museum,Museo,46.942968,7.448870,46.942968,7.448870,0,150,1,0,1,1,3,Bern,"Steinhalle, 5, Helvetiaplatz, Dalmazi, Kirchenfeld, Stadtteil IV, Bern, Verwaltungskreis B",nominatim/nominatim_free,verificado
europa_katia.csv,65,Berna,Nydeggbrücke,Nydeggbrücke,Puente,46.948473,7.458485,46.948473,7.458485,0,150,1,1,1,1,4,Bern,"Mattenengebrunnen, Nydeggbrücke, Matte, Stadtteil I, Bern, Verwaltungskreis Bern-Mittellan",nominatim/nominatim_free,verificado
europa_katia.csv,66,Berna,BärenPark,BärenPark,Parque,46.947682,7.459185,46.947682,7.459185,0,600,1,0,1,1,3,Bern,"Braunbär, Grosser Muristalden, Gryphenhübeli, Stadtteil IV, Bern, Verwaltungskreis Bern-Mi",nominatim/nominatim_bounded,verificado
europa_katia.csv,67,Berna,Rosengarten,Rosengarten,Mirador,46.951968,7.460298,46.951968,7.460298,0,150,1,0,1,1,3,Bern,"Laubeggstrasse, Unders Galgefeld, Schosshalde, Stadtteil IV, Bern, Verwaltungskreis Bern-M",nominatim/nominatim_bounded,verificado
europa_katia.csv,68,Kandersteg,Kandersteg,Kandersteg,Pueblo,46.497587,7.675664,46.497587,7.675664,0,6000,1,1,1,1,4,Kandersteg,"7, Bellevuestrasse, Kandersteg, Verwaltungskreis Frutigen-Niedersimmental, Verwaltungsregi",photon/photon,verificado
europa_katia.csv,69,Kandersteg,Oeschinensee,Oeschinensee,Lago,46.498495,7.726843,46.498495,7.726843,0,3000,1,0,1,1,3,Kandersteg,"Fründenschnur, Kandersteg, Verwaltungskreis Frutigen-Niedersimmental, Verwaltungsregion Ob",nominatim/nominatim_free,verificado
europa_katia.csv,70,Kandersteg,Blausee,Blausee,Lago,46.532422,7.664852,46.532422,7.664852,0,3000,1,1,1,1,4,Kandergrund,"Bistro Wasserhaus, Lötschbergstrasse, Blausee, Blausee-Mitholz, Kandergrund, Verwaltungskr",nominatim/nominatim_free,verificado
europa_katia.csv,71,York,Stonegate,Stonegate,Calle,53.960911,-1.083375,53.960911,-1.083375,0,2000,1,1,1,1,4,York,"Scribbler, 21, Stonegate, Bootham, Bishophill, York, York and North Yorkshire, England, YO",nominatim/nominatim_bounded,verificado
europa_katia.csv,72,York,Bootham Bar,Bootham Bar,Sitio histórico,53.962719,-1.085050,53.962719,-1.085050,0,200,1,0,1,1,3,York,"High Petergate, Bootham, Bishophill, York, York and North Yorkshire, England, YO30 7BN, Un",nominatim/nominatim_bounded,verificado
europa_katia.csv,73,Edimburgo,St Giles' Cathedral,St Giles' Cathedral,Catedral,55.949479,-3.190852,55.949479,-3.190852,0,150,1,1,1,1,4,City of Edinburgh,"St Giles’ Cathedral Shop, High Street, Abbeyhill, Old Town, City of Edinburgh, Alba / Scot",nominatim/nominatim_free,verificado
europa_katia.csv,75,Edimburgo,Cowgate,Cowgate,Barrio,55.948656,-3.187621,55.948656,-3.187621,0,1500,1,1,1,1,4,City of Edinburgh,"200 Cowgate, 200, Cowgate, Abbeyhill, Old Town, City of Edinburgh, Alba / Scotland, EH1 1N",nominatim/nominatim_bounded,verificado
europa_katia.csv,76,Edimburgo,Royal Yacht Britannia,Royal Yacht Britannia,Museo,55.982146,-3.177309,55.982146,-3.177309,0,150,1,0,1,1,3,City of Edinburgh,"HMY Britannia, 100, Ocean Drive, Fort, North Leith, Leith, City of Edinburgh, Alba / Scotl",nominatim/nominatim_free,verificado
europa_katia.csv,77,Edimburgo,Oink,Oink,Tienda,55.952990,-3.197360,55.952990,-3.197360,0,120,1,1,1,1,4,City of Edinburgh,"Oink, 38, Hanover Street, New Town, New Town/Broughton, City of Edinburgh, Alba / Scotland",nominatim/nominatim_bounded,verificado
europa_katia.csv,78,Londres,Leicester Square,Leicester Square,Plaza,51.510595,-0.130767,51.510595,-0.130767,0,250,1,1,1,1,4,City of Westminster,"Greggs, 1-4, Leicester Square, St. James's, East Marylebone, Covent Garden, City of Westmi",nominatim/nominatim_free,verificado
europa_katia.csv,79,Londres,Millennium Bridge,Millennium Bridge,Puente,51.509888,-0.098508,51.509888,-0.098508,0,150,1,1,1,1,4,City of London,"Millennium Bridge, St Paul's, City of London, Greater London, England, EC4V 4AU, United Ki",nominatim/nominatim_free,verificado
europa_katia.csv,80,Londres,Waterloo Bridge,Waterloo Bridge,Puente,51.508265,-0.116595,51.508265,-0.116595,0,150,1,1,1,1,4,Greater London,"Waterloo Bridge, South Bank, Waterloo, London Borough of Lambeth, Greater London, England,",nominatim/nominatim_free,verificado
europa_katia.csv,81,Londres,Brockwell Park,Brockwell Park,Parque,51.450530,-0.106093,51.450530,-0.106093,0,600,1,0,1,1,3,Greater London,"Dulwich Road, Herne Hill, London Borough of Lambeth, Greater London, England, SE24 0EH, Un",nominatim/nominatim_free,verificado
europa_katia.csv,82,Londres,Great Scotland Yard,Great Scotland Yard,Harry Potter,51.506379,-0.126358,51.506379,-0.126358,0,300,1,1,1,1,4,City of Westminster,"3-5, Great Scotland Yard, Westminster, Covent Garden, City of Westminster, Greater London,",nominatim/nominatim_bounded,verificado
europa_katia.csv,83,Londres,Prime Meridian,Prime Meridian of the World,Sitio histórico,51.477943,-0.001475,51.477943,-0.001475,0,200,1,0,1,1,3,Greater London,"Meridian Courtyard, Greenwich Town Centre, East Greenwich, Royal Borough of Greenwich, Gre",photon/bajo_umbral,verificado
europa_katia.csv,84,París,Grande Galerie de l'Évolution,Grande Galerie de l'Évolution,Museo,48.842106,2.356244,48.842106,2.356244,0,150,1,0,1,1,3,Paris,"La Galerie des Enfants, Esplanade Milne Edwards, Quartier du Jardin des Plantes, Paris 5e ",nominatim/nominatim_free,verificado
europa_katia.csv,85,París,Musée des Arts et Métiers,Musée des Arts et Métiers,Museo,48.866098,2.355414,48.866098,2.355414,0,150,1,0,1,1,3,Paris,"292, Rue Saint-Martin, Quartier des Arts-et-Métiers, Paris 3e Arrondissement, Paris, Île-d",nominatim/nominatim_free,verificado
europa_katia.csv,86,París,Musée Rodin,Musée Rodin,Museo,48.854747,2.315867,48.854747,2.315867,0,150,1,0,1,1,3,Paris,"Cariatide à la pierre, 77, Rue de Varenne, Quartier des Invalides, Paris 7e Arrondissement",nominatim/nominatim_free,verificado
europa_katia.csv,87,París,Place des Vosges,Place des Vosges,Plaza,48.856178,2.365765,48.856178,2.365765,0,250,1,1,1,1,4,Paris,"Mendes Wood DM, 25, Place des Vosges, Quartier des Archives, Paris 3e Arrondissement, Pari",photon/photon,verificado
europa_katia.csv,88,París,Jardin des Tuileries,Jardin des Tuileries,Jardín,48.863566,2.326955,48.863566,2.326955,0,400,1,0,1,1,3,Paris,"Allée Centrale, Saint-Germain-l'Auxerrois, Paris 1er Arrondissement, Paris, Île-de-France,",nominatim/nominatim_bounded,verificado
europa_katia.csv,89,París,Jardin des Plantes,Jardin des Plantes,Jardín,48.844036,2.359732,48.844036,2.359732,0,400,1,1,1,1,4,Paris,"Allée Cuvier, Quartier du Jardin des Plantes, Paris 5e Arrondissement, Paris, Île-de-Franc",nominatim/nominatim_bounded,verificado
europa_katia.csv,90,París,Parc des Buttes-Chaumont,Parc des Buttes-Chaumont,Parque,48.879555,2.382098,48.879555,2.382098,0,600,1,0,1,1,3,Paris,"Avenue des Marnes, Quartier du Combat, Paris 19e Arrondissement, Paris, Île-de-France, Fra",nominatim/nominatim_free,verificado
europa_katia.csv,91,París,Église Saint-Eustache,Église Saint-Eustache,Iglesia,48.863400,2.345128,48.863400,2.345128,0,150,1,0,1,1,3,Paris,"Impasse Saint-Eustache, Quartier Les Halles, Paris 1er Arrondissement, Paris, Île-de-Franc",nominatim/nominatim_free,verificado
europa_katia.csv,92,París,Église Saint-Sulpice,Église Saint-Sulpice,Iglesia,48.850987,2.334870,48.850987,2.334870,0,150,1,0,1,1,3,Paris,"Mausolée de Jean-Baptiste Languet de Clergy, 2, Rue Palatine, Quartier de l'Odéon, Paris 6",nominatim/nominatim_free,verificado
europa_katia.csv,93,París,Palacio de Versalles,Château de Versailles,Palacio,48.804425,2.120285,48.804425,2.120285,0,200,1,0,1,1,3,Versailles,"Grand Appartement de la Reine, Cour de la Reine, Notre-Dame, Versailles, Yvelines, Île-de-",nominatim/nominatim_bounded,verificado
europa_katia.csv,94,París,Shakespeare and Company,Shakespeare and Company,Tienda,48.852575,2.347112,48.852575,2.347112,0,120,1,1,1,1,4,Paris,"Shakespeare and Company, 37, Rue de la Bûcherie, Quartier de la Sorbonne, Paris 5e Arrondi",nominatim/nominatim_bounded,verificado
europa_katia.csv,95,París,Villa Léandre,Villa Léandre,Calle,48.888399,2.335068,48.888399,2.335068,0,2000,1,1,1,1,4,Paris,"1, Villa Léandre, Quartier des Grandes-Carrières, Paris 18e Arrondissement, Paris, Île-de-",photon/bajo_umbral,verificado
europa_katia.csv,97,París,Rue Montorgueil,Rue Montorgueil,Calle,48.863861,2.346483,48.863861,2.346483,0,2000,1,1,1,1,4,Paris,"32, Rue Montorgueil, Quartier Les Halles, Paris 1er Arrondissement, Paris, Île-de-France, ",nominatim/nominatim_bounded,verificado
europa_katia.csv,98,París,Batignolles,Batignolles,Barrio,48.886355,2.321457,48.886355,2.321457,0,1500,1,1,1,1,4,Paris,"Architecture Intérieure, Rue Truffaut, Quartier des Batignolles, Paris 17e Arrondissement,",nominatim/fuentes discrepan 8.3 km,verificado
europa_katia.csv,99,París,La Défense,La Défense,Barrio,48.891008,2.241208,48.891008,2.241208,0,1500,1,1,1,1,4,Courbevoie,"Centre - Grande Arche, 13, Rond-point de la Défense, La Défense, Quartier Gambetta, Courbe",nominatim/nominatim_free,verificado
europa_katia.csv,100,París,Moulin Rouge,Moulin Rouge,Sitio histórico,48.884109,2.332356,48.884109,2.332356,0,200,1,1,1,1,4,Paris,"Moulin Rouge, 82, Boulevard de Clichy, Quartier des Grandes-Carrières, Paris 18e Arrondiss",nominatim/nominatim_bounded,verificado
europa_katia.csv,103,París,Pont Alexandre III,Pont Alexandre III,Puente,48.863470,2.313518,48.863470,2.313518,0,150,1,1,1,1,4,Paris,"Pont Alexandre III, Quartier des Champs-Élysées, Paris 8e Arrondissement, Paris, Île-de-Fr",nominatim/nominatim_free,verificado
europa_katia.csv,106,París,Passage des Panoramas,Passage des Panoramas,Sitio histórico,48.870997,2.341671,48.870997,2.341671,0,200,1,1,1,1,4,Paris,"16, Passage des Panoramas, Vivienne, Paris 2e Arrondissement, Paris, Île-de-France, France",nominatim/nominatim_bounded,verificado
europa_katia.csv,107,París,Marché des Enfants Rouges,Marché des Enfants Rouges,Mercado,48.862795,2.361973,48.862795,2.361973,0,300,1,0,1,1,3,Paris,"Berger, 39, Rue Charlot, Quartier des Enfants-Rouges, Paris 3e Arrondissement, Paris, Île-",nominatim/nominatim_free,verificado
europa_katia.csv,108,París,Marché d'Aligre,Marché d'Aligre,Mercado,48.848875,2.378046,48.848875,2.378046,0,300,1,0,1,1,3,Paris,"Place d'Aligre, Quartier des Quinze-Vingts, Paris 12e Arrondissement, Paris, Île-de-France",nominatim/nominatim_free,verificado
europa_katia.csv,109,París,Marché Couvert Saint-Quentin,Marché Saint-Quentin,Mercado,48.877356,2.354505,48.877356,2.354505,0,300,1,1,1,1,4,Paris,"Marché Saint-Quentin, Rue des Petits Hôtels, Quartier Saint-Vincent-de-Paul, Paris 10e Arr",nominatim/nominatim_free,verificado
europa_katia.csv,110,París,Place du Trocadéro,Place du Trocadéro et du 11 Novembre,Mirador,48.862840,2.287142,48.862840,2.287142,0,150,1,1,1,1,4,Paris,"Place du Trocadéro et du 11 Novembre 1918, Chaillot, Paris 16e Arrondissement, Paris, Île-",nominatim/nominatim_bounded,verificado
europa_katia.csv,111,París,Institut du Monde Arabe,Institut du monde arabe,Mirador,48.848916,2.357147,48.848916,2.357147,0,150,1,0,1,1,3,Paris,"Place Mohammed V, Quartier Saint-Victor, Paris 5e Arrondissement, Paris, Île-de-France, Fr",nominatim/nominatim_free,verificado
europa_katia.csv,112,París,Galeries Lafayette Haussmann,Galeries Lafayette Haussmann,Mirador,48.873646,2.332127,48.873646,2.332127,0,150,1,0,1,1,3,Paris,"40, Boulevard Haussmann, Quartier de la Chaussée-d'Antin, Paris 9e Arrondissement, Paris, ",nominatim/nominatim_bounded,verificado
europa_katia.csv,113,París,Philharmonie de Paris,Philharmonie de Paris,Mirador,48.891921,2.394139,48.891921,2.394139,0,150,1,0,1,1,3,Paris,"Boulevard Sérurier, Quartier du Pont-de-Flandre, Paris 19e Arrondissement, Paris, Île-de-F",nominatim/nominatim_bounded,verificado
europa_katia.csv,114,París,Hôtel de Ville,Hôtel de Ville de Paris,Sitio histórico,48.856426,2.352528,48.856426,2.352528,0,200,1,0,1,1,3,Paris,"Quai de l'Hôtel de Ville, Quartier Saint-Merri, Paris 4e Arrondissement, Paris, Île-de-Fra",nominatim/nominatim_free,verificado
europa_katia.csv,115,París,Tour Saint-Jacques,Tour Saint-Jacques,Monumento,48.858003,2.348922,48.858003,2.348922,0,200,1,0,1,1,3,Paris,"Blaise Pascal, Allée Waslaw Nijinsky, Quartier Saint-Merri, Paris 4e Arrondissement, Paris",nominatim/nominatim_free,verificado
europa_katia.csv,116,París,Galerie Vivienne,Galerie Vivienne,Sitio histórico,48.866728,2.339757,48.866728,2.339757,0,200,1,1,1,1,4,Paris,"6, Galerie Vivienne, Vivienne, Paris 2e Arrondissement, Paris, Île-de-France, France métro",nominatim/nominatim_bounded,verificado
europa_katia.csv,117,París,BnF Richelieu,Bibliothèque nationale de France - Richelieu,Sitio histórico,48.867282,2.338164,48.867282,2.338164,0,200,1,0,1,1,3,Paris,"Bibliothèque de l'Institut national d'histoire de l'art (INHA), 58, Rue de Richelieu, Vivi",nominatim/nominatim_bounded,verificado
europa_katia.csv,118,París,Bibliothèque Mazarine,Bibliothèque Mazarine,Sitio histórico,48.857271,2.337359,48.857271,2.337359,0,200,1,1,1,1,4,Paris,"Bibliothèque Mazarine, 23, Quai de Conti, Quartier de la Monnaie, Paris 6e Arrondissement,",nominatim/nominatim_bounded,verificado
europa_katia.csv,119,París,Palais Garnier,Palais Garnier,Teatro,48.871433,2.331965,48.871433,2.331965,0,150,1,1,1,1,4,Paris,"Palais Garnier, Place de l'Opéra, Quartier de la Chaussée-d'Antin, Paris 9e Arrondissement",nominatim/nominatim_bounded,verificado
europa_katia.csv,120,París,Place de la Concorde,Place de la Concorde,Plaza,48.865572,2.321225,48.865572,2.321225,0,250,1,0,1,1,3,Paris,"Quartier des Champs-Élysées, Paris 8e Arrondissement, Paris, Île-de-France, France métropo",nominatim/nominatim_free,verificado
europa_katia.csv,121,París,Place Vendôme,Place Vendôme,Plaza,48.867463,2.329428,48.867463,2.329428,0,250,1,1,1,1,4,Paris,"Colonne Vendôme, Place Vendôme, Quartier Vendôme, Paris 1er Arrondissement, Paris, Île-de-",nominatim/nominatim_free,verificado
europa_katia.csv,122,París,Grand Palais,Grand Palais,Museo,48.866161,2.312223,48.866161,2.312223,0,150,1,0,1,1,3,Paris,"Les Galeries, Avenue du Général-Eisenhower, Quartier des Champs-Élysées, Paris 8e Arrondis",nominatim/nominatim_free,verificado
europa_katia.csv,123,París,Les Invalides,Hôtel des Invalides,Sitio histórico,48.855954,2.313343,48.855954,2.313343,0,200,1,0,1,1,3,Paris,"Musée des Plans-Reliefs, 129, Rue de Grenelle, Quartier des Invalides, Paris 7e Arrondisse",nominatim/nominatim_bounded,verificado
europa_katia.csv,124,Ámsterdam,Oosterpark,Oosterpark,Parque,52.360206,4.920543,52.360206,4.920543,0,600,1,0,1,1,3,Amsterdam,"Klaartje de Zwarte - Walvischbrug, Oost, Amsterdam, Noord-Holland, Nederland, 1092 AM, Ned",nominatim/nominatim_free,verificado
europa_katia.csv,125,Ámsterdam,De Negen Straatjes,De Negen Straatjes,Barrio,52.368851,4.884994,52.368851,4.884994,0,1500,1,0,1,1,3,Amsterdam,"Marie-Stella-Maris, 357-H, Keizersgracht, De 9 Straatjes, Grachtengordel, Centrum, Amsterd",nominatim/nominatim_bounded,verificado
europa_katia.csv,126,Ámsterdam,Singel,Singel,Paseo,52.367047,4.893523,52.367047,4.893523,0,2000,1,0,1,1,3,Amsterdam,"Muntsluis, Muntplein, Centrum, Amsterdam, Noord-Holland, Nederland, 1017 CK, Nederland",nominatim/nominatim_bounded,verificado
europa_katia.csv,128,Ámsterdam,Keizersgracht,Keizersgracht,Paseo,52.365885,4.886579,52.365885,4.886579,0,2000,1,0,1,1,3,Amsterdam,"Brug 43, Leidsestraat, Grachtengordel, Centrum, Amsterdam, Noord-Holland, Nederland, 1017 ",nominatim/nominatim_bounded,verificado
europa_katia.csv,130,Ámsterdam,Damrak,Damrak,Calle,52.376110,4.898054,52.376110,4.898054,0,2000,1,1,1,1,4,Amsterdam,"Pier 4, Damrak, Centrum, Amsterdam, Noord-Holland, Nederland, 1012 LH, Nederland",nominatim/nominatim_bounded,verificado
europa_katia.csv,132,Ámsterdam,Waterlooplein Market,Waterloopleinmarkt,Mercado,52.368622,4.901193,52.368622,4.901193,0,300,1,0,1,1,3,Amsterdam,"10, Waterlooplein, Nieuwmarkt/Lastage, Centrum, Amsterdam, Noord-Holland, Nederland, 1011 ",nominatim/nominatim_free,verificado
europa_katia.csv,133,Ámsterdam,Foodhallen,Foodhallen,Mercado,52.366948,4.868200,52.366948,4.868200,0,300,1,0,1,1,3,Amsterdam,"Fento, Hannie Dankbaarpassage, Kinkerbuurt, West, Amsterdam, Noord-Holland, Nederland, 105",nominatim/nominatim_free,verificado
europa_katia.csv,134,Ámsterdam,Zevenlandenhuizen,Zevenlandenhuizen,Sitio histórico,52.361637,4.877296,52.361637,4.877296,0,200,1,1,1,1,4,Amsterdam,"Zevenlandenhuizen, Roemer Visscherstraat, Oud-West, West, Amsterdam, Noord-Holland, Nederl",nominatim/nominatim_bounded,verificado
europa_katia.csv,135,Ámsterdam,Dam Square,Dam,Plaza,52.373116,4.892351,52.373116,4.892351,0,250,1,0,1,1,3,Amsterdam,"Normaal Amsterdams Peil, Dam, Centrum, Amsterdam, Noord-Holland, Nederland, 1012 NP, Neder",nominatim/nominatim_free,verificado
europa_katia.csv,138,Ámsterdam,Palacio Real de Ámsterdam,Koninklijk Paleis Amsterdam,Palacio,52.373145,4.891336,52.373145,4.891336,0,200,1,0,1,1,3,Amsterdam,"147, Nieuwezijds Voorburgwal, Centrum, Amsterdam, Noord-Holland, Nederland, 1012 RJ, Neder",nominatim/nominatim_bounded,verificado
europa_katia.csv,139,Ámsterdam,Leidseplein,Leidseplein,Plaza,52.363958,4.882758,52.363958,4.882758,0,250,1,1,1,1,4,Amsterdam,"Leidseplein, Centrum, Amsterdam, Noord-Holland, Nederland, 1017 PT, Nederland",nominatim/nominatim_free,verificado
europa_katia.csv,140,Ámsterdam,Museumplein,Museumplein,Plaza,52.358712,4.883441,52.358712,4.883441,0,250,1,0,1,1,3,Amsterdam,"Museumkwartier, Oud-Zuid, Zuid, Amsterdam, Noord-Holland, Nederland, 1071 DC, Nederland",nominatim/nominatim_free,verificado
europa_katia.csv,143,Ámsterdam,Plantage,Plantage,Barrio,52.365705,4.913661,52.365705,4.913661,0,1500,1,1,1,1,4,Amsterdam,"50A-7, Plantage Middenlaan, Plantage, Centrum, Amsterdam, Noord-Holland, Nederland, 1018 D",nominatim/nominatim_free,verificado
europa_katia.csv,144,Ámsterdam,Houseboat Museum,Houseboat Museum,Museo,52.370153,4.882602,52.370153,4.882602,0,150,1,1,1,1,4,Amsterdam,"Houseboat Museum, 296K, Prinsengracht, Jordaan, Centrum, Amsterdam, Noord-Holland, Nederla",nominatim/nominatim_free,verificado
europa_katia.csv,146,Grindelwald,Río Schwarze Lütschine,Schwarze Lütschine,Naturaleza,46.632128,7.998837,46.632128,7.998837,0,2000,1,0,1,1,3,Grindelwald,"Schafeyweg, Grindelwald, Verwaltungskreis Interlaken-Oberhasli, Verwaltungsregion Oberland",nominatim/nominatim_bounded,verificado
europa_katia.csv,147,Grindelwald,Alpiglen,Alpiglen,Trekking,46.600070,8.001952,46.600070,8.001952,0,3000,1,1,1,1,4,Grindelwald,"Alpiglen, Eigertrail, Grindelwald, Verwaltungskreis Interlaken-Oberhasli, Verwaltungsregio",nominatim/nominatim_bounded,verificado
europa_katia.csv,148,Grindelwald,Wilderswil,Wilderswil,Pueblo,46.663395,7.862995,46.663395,7.862995,0,6000,1,1,1,1,4,Wilderswil,"34a, Kirchgasse, Wilderswil, Verwaltungskreis Interlaken-Oberhasli, Verwaltungsregion Ober",photon/bajo_umbral,verificado
europa_katia.csv,149,Lauterbrunnen,Río Weisse Lütschine,Weisse Lütschine,Naturaleza,46.571682,7.909181,46.571682,7.909181,0,2000,1,0,1,1,3,Mürren,"244a, 222, Gydisdorf, Trümmelbach, Mürren, Lauterbrunnen, Verwaltungskreis Interlaken-Ober",nominatim/nominatim_bounded,verificado
europa_katia.csv,150,Lauterbrunnen,Grütschalp,Grütschalp,Teleférico,46.596562,7.890707,46.596562,7.890707,0,300,1,1,1,1,4,Lauterbrunnen,"Grütschalp Bistro, 898a, Grütsch, Lauterbrunnen, Verwaltungskreis Interlaken-Oberhasli, Ve",nominatim/nominatim_free,verificado
europa_katia.csv,151,Lauterbrunnen,Obersteinberg,Obersteinberg,Trekking,46.518541,7.885418,46.518541,7.885418,0,3000,1,1,1,1,4,Lauterbrunnen,"Hotel Obersteinberg, Egga / Untere Ammerte, Lauterbrunnen, Verwaltungskreis Interlaken-Obe",nominatim/nominatim_bounded,verificado
europa_katia.csv,152,Lucerna,Wasserturm,Wasserturm,Sitio histórico,47.051278,8.307295,47.051278,8.307295,0,200,1,1,1,1,4,Luzern,"Wasserturm, 1, Kapellbrücke, Bramberg, Altstadt, Luzern, 6006, Schweiz/Suisse/Svizzera/Svi",nominatim/nominatim_bounded,verificado
europa_katia.csv,153,Lucerna,Weinmarkt,Weinmarkt,Plaza,47.052009,8.304816,47.052009,8.304816,0,250,1,1,1,1,4,Luzern,"SiP, 14, Weinmarkt, Altstadt, Luzern, 6000, Schweiz/Suisse/Svizzera/Svizra",nominatim/nominatim_free,verificado
europa_katia.csv,154,Lucerna,Hirschenplatz,Hirschenplatz,Plaza,47.052360,8.305218,47.052360,8.305218,0,250,1,1,1,1,4,Luzern,"Staglio, 2, Hirschenplatz, Altstadt, Luzern, 6004, Schweiz/Suisse/Svizzera/Svizra",nominatim/nominatim_free,verificado
europa_katia.csv,155,Lucerna,Kornmarkt,Kornmarkt,Plaza,47.052115,8.305876,47.052115,8.305876,0,250,1,1,1,1,4,Luzern,"Kornmarkt, Altstadt, Luzern, 6002, Schweiz/Suisse/Svizzera/Svizra",nominatim/nominatim_free,verificado
europa_katia.csv,156,Lucerna,Rathausquai,Rathausquai,Paseo,47.051941,8.306929,47.051941,8.306929,0,2000,1,1,1,1,4,Luzern,"9, Rathausquai, Altstadt, Luzern, 6004, Schweiz/Suisse/Svizzera/Svizra",nominatim/nominatim_bounded,verificado
europa_katia.csv,157,Lucerna,Ayuntamiento de Lucerna,Rathaus Luzern,Sitio histórico,47.051882,8.306129,47.051882,8.306129,0,200,1,0,1,1,3,Luzern,"3, Kornmarkt, Altstadt, Luzern, 6004, Schweiz/Suisse/Svizzera/Svizra",nominatim/nominatim_bounded,verificado
europa_katia.csv,158,Lucerna,Río Reuss,Reuss,Naturaleza,47.051703,8.302480,47.051703,8.302480,0,2000,1,0,1,1,3,Luzern,"Mühlenplatz, Altstadt, Kleinstadt, Luzern, 6000, Schweiz/Suisse/Svizzera/Svizra",nominatim/nominatim_bounded,verificado
europa_katia.csv,159,Innsbruck,Antiguo Ayuntamiento,Altes Rathaus Innsbruck,Sitio histórico,47.268262,11.393555,47.268262,11.393555,0,200,1,0,1,1,3,Innsbruck,"Steiner, 21, Herzog-Friedrich-Straße, Altstadt, Innenstadt, Innsbruck, Tirol, 6020, Österr",nominatim/nominatim_bounded,verificado
europa_katia.csv,160,Innsbruck,Altes Landhaus,Altes Landhaus,Sitio histórico,47.264619,11.395017,47.264619,11.395017,0,200,1,0,1,1,3,Innsbruck,"Tiroler Landtag, 43, Maria-Theresien-Straße, Innenstadt, Innsbruck, Tirol, 6020, Österreic",nominatim/nominatim_bounded,verificado
europa_katia.csv,161,Innsbruck,Spitalskirche,Spitalskirche Innsbruck,Iglesia,47.266619,11.393420,47.266619,11.393420,0,150,1,0,1,1,3,Innsbruck,"2, Maria-Theresien-Straße, Innenstadt, Innsbruck, Tirol, 6020, Österreich",nominatim/nominatim_free,verificado
europa_katia.csv,162,Innsbruck,Columna de Santa Ana,Annasäule,Monumento,47.265673,11.394198,47.265673,11.394198,0,200,1,1,1,1,4,Innsbruck,"Annasäule, Maria-Theresien-Straße, Innenstadt, Innsbruck, Tirol, 6020, Österreich",nominatim/nominatim_bounded,verificado
europa_katia.csv,163,Innsbruck,Katzunghaus,Katzunghaus,Sitio histórico,47.268120,11.392895,47.268120,11.392895,0,200,1,0,1,1,3,Innsbruck,"3, Seilergasse, Altstadt, Innenstadt, Innsbruck, Tirol, 6020, Österreich",nominatim/nominatim_bounded,verificado
europa_katia.csv,164,Innsbruck,Helblinghaus,Helblinghaus,Sitio histórico,47.268414,11.392921,47.268414,11.392921,0,200,1,1,1,1,4,Innsbruck,"Helblinghaus, Herzog-Friedrich-Straße, Altstadt, Innenstadt, Innsbruck, Tirol, 6020, Öster",nominatim/nominatim_bounded,verificado
europa_katia.csv,165,Innsbruck,Herzog-Friedrich-Straße,Herzog-Friedrich-Straße,Calle,47.267507,11.393505,47.267507,11.393505,0,2000,1,1,1,1,4,Innsbruck,"32, Herzog-Friedrich-Straße, Altstadt, Innenstadt, Innsbruck, Tirol, 6020, Österreich",nominatim/nominatim_bounded,verificado
europa_katia.csv,166,Innsbruck,Hall in Tirol,Hall in Tirol,Pueblo,47.281665,11.507534,47.281665,11.507534,0,6000,1,1,1,1,4,Hall in Tirol,"Trafik, 8, Oberer Stadtplatz, Heiligkreuz, Hall in Tirol, Bezirk Innsbruck-Land, Tirol, 60",photon/photon,verificado
europa_katia.csv,167,Viena,Volksgarten,Volksgarten,Jardín,48.208035,16.361787,48.208035,16.361787,0,400,1,0,1,1,3,Wien,"Heldenplatz, Regierungsviertel, Katastralgemeinde Innere Stadt, Innere Stadt, Wien, 1010, ",nominatim/nominatim_bounded,verificado
europa_katia.csv,168,Viena,Peterskirche,Peterskirche,Iglesia,48.209437,16.370011,48.209437,16.370011,0,150,1,1,1,1,4,Wien,"Peterskirche, 6, Petersplatz, Widmerviertel, Katastralgemeinde Innere Stadt, Innere Stadt,",nominatim/nominatim_free,verificado
europa_katia.csv,169,Viena,Votivkirche,Votivkirche,Iglesia,48.215415,16.359140,48.215415,16.359140,0,150,1,1,1,1,4,Wien,"Votivkirche, Rooseveltplatz, Alservorstadt, Katastralgemeinde Alsergrund, Alsergrund, Wien",nominatim/nominatim_free,verificado
europa_katia.csv,170,Viena,Cripta Imperial,Kaisergruft,Sitio histórico,48.205773,16.370165,48.205773,16.370165,0,200,1,1,1,1,4,Wien,"Kaisergruft, Neuer Markt, Kärntner Viertel, Katastralgemeinde Innere Stadt, Innere Stadt, ",nominatim/nominatim_free,verificado
europa_katia.csv,171,Viena,Biblioteca Nacional Austriaca (Prunksaal),Prunksaal der Österreichischen Nationalbibliothek,Sitio histórico,48.206168,16.366691,48.206168,16.366691,0,200,1,1,1,1,4,Wien,"Prunksaal der Österreichischen Nationalbibliothek, Josefsplatz, Kärntner Viertel, Katastra",nominatim/nominatim_free,verificado
europa_katia.csv,172,Viena,Ayuntamiento de Viena,Wiener Rathaus,Sitio histórico,48.210826,16.356573,48.210826,16.356573,0,200,1,0,1,1,3,Wien,"1, Friedrich-Schmidt-Platz, Katastralgemeinde Innere Stadt, Innere Stadt, Wien, 1010, Öste",nominatim/nominatim_bounded,verificado
europa_katia.csv,173,Viena,Parlamento Austriaco,Parlamentsgebäude,Sitio histórico,48.208087,16.358465,48.208087,16.358465,0,200,1,0,1,1,3,Wien,"Kelsen, 3, Dr.-Karl-Renner-Ring, Regierungsviertel, Katastralgemeinde Innere Stadt, Innere",nominatim/bajo_umbral,verificado
europa_katia.csv,174,Viena,Donaukanal,Donaukanal,Paseo,48.199964,16.408192,48.199964,16.408192,0,2000,1,0,1,1,3,Wien,"Henriette-Willardt-Promenade, Pratercottage, Leopoldstadt, Katastralgemeinde Leopoldstadt,",nominatim/nominatim_bounded,verificado
europa_katia.csv,175,Viena,Brunnenmarkt,Brunnenmarkt,Mercado,48.211097,16.335979,48.211097,16.335979,0,300,1,0,1,1,3,Wien,"16er Würstelstand, Stand 57, Brunnengasse, Katastralgemeinde Neulerchenfeld, Neulerchenfel",nominatim/nominatim_free,verificado
europa_katia.csv,176,Viena,Karmelitermarkt,Karmelitermarkt,Mercado,48.217483,16.376956,48.217483,16.376956,0,300,1,0,1,1,3,Wien,"Karmeliterviertel, Leopoldstadt, Katastralgemeinde Leopoldstadt, Leopoldstadt, Wien, 1020,",nominatim/nominatim_free,verificado
europa_katia.csv,177,Viena,Hannovermarkt,Hannovermarkt,Mercado,48.231821,16.368892,48.231821,16.368892,0,300,1,0,1,1,3,Wien,"Fische & Mehr, Hannovergasse, Brigittenau, Katastralgemeinde Brigittenau, Brigittenau, Wie",nominatim/nominatim_free,verificado
europa_katia.csv,178,Viena,Meiselmarkt,Meiselmarkt,Mercado,48.198347,16.319814,48.198347,16.319814,0,300,1,0,1,1,3,Wien,"81B, Hütteldorfer Straße, Neu-Rudolfsheim, Katastralgemeinde Rudolfsheim, Rudolfsheim-Fünf",nominatim/nominatim_free,verificado
europa_katia.csv,180,Viena,Kutschkermarkt,Kutschkermarkt,Mercado,48.224507,16.344362,48.224507,16.344362,0,300,1,0,1,1,3,Wien,"Kutschkergasse, Katastralgemeinde Währing, Währing, Wien, 1180, Österreich",nominatim/nominatim_free,verificado
europa_katia.csv,181,Viena,Ópera Estatal de Viena,Wiener Staatsoper,Teatro,48.203286,16.369194,48.203286,16.369194,0,150,1,0,1,1,3,Wien,"2, Opernring, Kärntner Viertel, Katastralgemeinde Innere Stadt, Innere Stadt, Wien, 1010, ",nominatim/nominatim_free,verificado
europa_katia.csv,182,Viena,Musikverein,Wiener Musikverein,Teatro,48.200486,16.372725,48.200486,16.372725,0,150,1,0,1,1,3,Wien,"Musikverein, 1, Musikvereinsplatz, Katastralgemeinde Innere Stadt, Innere Stadt, Wien, 101",nominatim/nominatim_free,verificado
europa_katia.csv,183,Viena,Wiener Konzerthaus,Wiener Konzerthaus,Teatro,48.200649,16.377613,48.200649,16.377613,0,150,1,0,1,1,3,Wien,"Berio Saal, 20, Lothringerstraße, Katastralgemeinde Innere Stadt, Innere Stadt, Wien, 1010",nominatim/nominatim_free,verificado
europa_katia.csv,184,Viena,Ankeruhr,Ankeruhr,Sitio histórico,48.210761,16.373675,48.210761,16.373675,0,200,1,1,1,1,4,Wien,"Ankeruhr, Bauernmarkt, Stubenviertel, Katastralgemeinde Innere Stadt, Innere Stadt, Wien, ",nominatim/nominatim_bounded,verificado
europa_katia.csv,185,Viena,Grinzing,Grinzing,Barrio,48.256302,16.340623,48.256302,16.340623,0,1500,1,1,1,1,4,Wien,"Schmuck · Stein · Design, 15, Himmelstraße, Katastralgemeinde Grinzing, Döbling, Wien, 119",photon/photon,verificado
europa_katia.csv,186,Viena,Kärntner Straße,Kärntner Straße,Calle,48.206005,16.371388,48.206005,16.371388,0,2000,1,1,1,1,4,Wien,"25, Kärntner Straße, Kärntner Viertel, Katastralgemeinde Innere Stadt, Innere Stadt, Wien,",nominatim/nominatim_bounded,verificado
europa_katia.csv,187,Viena,Stephansplatz,Stephansplatz,Plaza,48.208583,16.373921,48.208583,16.373921,0,250,1,0,1,1,3,Wien,"Stubenviertel, Katastralgemeinde Innere Stadt, Innere Stadt, Wien, 1010, Österreich",nominatim/nominatim_free,verificado
europa_katia.csv,188,Praga,Catedral de San Vito,Katedrála svatého Víta,Catedral,50.090864,14.400571,50.090864,14.400571,0,150,1,0,1,1,3,Praha,"Zlatá brána, 3. nádvoří, Hradčany, obvod Praha 1, Praha, 119 00, Česko",nominatim/nominatim_free,verificado
europa_katia.csv,189,Praga,Callejón del Oro,Zlatá ulička,Calle,50.092057,14.404270,50.092057,14.404270,0,2000,1,1,1,1,4,Praha,"Zlatá ulička, Zlatá ulička u Daliborky, Malá Strana, obvod Praha 1, Praha, 119 00, Česko",nominatim/nominatim_bounded,verificado
europa_katia.csv,190,Praga,Basílica de San Jorge,Bazilika svatého Jiří,Iglesia,50.091194,14.402567,50.091194,14.402567,0,150,1,1,1,1,4,Praha,"Bazilika svatého Jiří, náměstí U Svatého Jiří, Malá Strana, obvod Praha 1, Praha, 119 00, ",nominatim/nominatim_free,verificado
europa_katia.csv,191,Praga,Iglesia de San Nicolás,Kostel svatého Mikuláše,Iglesia,50.087976,14.403222,50.087976,14.403222,0,150,1,0,1,1,3,Praha,"Vstupné, Malostranské náměstí, Malá Strana, obvod Praha 1, Praha, 118 00, Česko",nominatim/nominatim_bounded,verificado
europa_katia.csv,192,Praga,Santuario de Loreto,Loreta Praha,Iglesia,50.089277,14.391784,50.089277,14.391784,0,150,1,0,1,1,3,Praha,"Loreta, Kapucínská, Hradčany, obvod Praha 1, Praha, 160 41, Česko",nominatim/nominatim_free,verificado
europa_katia.csv,193,Praga,Monasterio de Strahov,Strahovský klášter,Sitio histórico,50.086258,14.389069,50.086258,14.389069,0,200,1,0,1,1,3,Praha,"Strahovská knihovna, 132/1, Strahovské nádvoří, Hradčany, obvod Praha 1, Praha, 118 00, Če",nominatim/nominatim_bounded,verificado
europa_katia.csv,194,Praga,Clementinum,Klementinum,Sitio histórico,50.086655,14.416119,50.086655,14.416119,0,200,1,0,1,1,3,Praha,"Vlaštovka, Karlova, Staré Město, obvod Praha 1, Praha, 116 65, Česko",nominatim/nominatim_bounded,verificado
europa_katia.csv,195,Praga,Torre de la Pólvora,Prašná brána,Sitio histórico,50.087243,14.427756,50.087243,14.427756,0,200,1,1,1,1,4,Praha,"Prašná brána, Celetná, Nové Město, obvod Praha 1, Praha, 110 05, Česko",nominatim/nominatim_bounded,verificado
europa_katia.csv,196,Praga,Casa Municipal,Obecní dům,Sitio histórico,50.087756,14.427764,50.087756,14.427764,0,200,1,0,1,1,3,Praha,"Smetanova síň, U Prašné brány, Josefov, obvod Praha 1, Praha, 110 05, Česko",nominatim/nominatim_bounded,verificado
europa_katia.csv,197,Praga,Celetná,Celetná,Calle,50.087147,14.423953,50.087147,14.423953,0,2000,1,1,1,1,4,Praha,"561/18, Celetná, Staré Město, obvod Praha 1, Praha, 110 00, Česko",nominatim/nominatim_bounded,verificado
europa_katia.csv,198,Praga,Nové Město,Nové Město,Barrio,50.078966,14.423329,50.078966,14.423329,0,1500,1,1,1,1,4,Praha,"685/17, Školská, Nové Město, obvod Praha 1, Praha, 110 00, Česko",nominatim/nominatim_free,verificado
europa_katia.csv,199,Praga,Náplavka,Náplavka,Paseo,50.093157,14.421408,50.093157,14.421408,0,2000,1,1,1,1,4,Praha,"Staroměstská náplavka, Josefov, obvod Praha 1, Praha, 110 05, Česko",nominatim/fuentes discrepan 2.4 km,verificado
europa_katia.csv,200,Praga,Plaza de San Wenceslao,Václavské náměstí,Plaza,50.081587,14.427170,50.081587,14.427170,0,250,1,1,1,1,4,Praha,"Václavské náměstí, Nové Město, obvod Praha 1, Praha, 115 20, Česko",nominatim/nominatim_free,verificado
europa_katia.csv,201,Praga,Mercado de Havelská,Havelské tržiště,Mercado,50.084772,14.420993,50.084772,14.420993,0,300,1,1,1,1,4,Praha,"Havelské tržiště, V Kotcích, Staré Město, obvod Praha 1, Praha, 110 00, Česko",nominatim/nominatim_free,verificado
europa_katia.csv,202,Praga,Dejvice Market,Farmářské trhy Dejvická,Mercado,50.101661,14.393436,50.101661,14.393436,0,300,1,0,1,1,3,Praha,"Farmářské trhy na Kulaťáku, Dejvická, Ořechovka, Praha 6, obvod Praha 6, Praha, 166 29, Če",nominatim/nominatim_bounded,verificado
europa_katia.csv,203,Praga,Torre del Ayuntamiento Viejo,Staroměstská radnice,Mirador,50.086979,14.420293,50.086979,14.420293,0,150,1,0,1,1,3,Praha,"Staroměstské náměstí, Staré Město, obvod Praha 1, Praha, 110 00, Česko",nominatim/nominatim_free,verificado
europa_katia.csv,204,Praga,Casa Danzante,Tančící dům,Sitio histórico,50.075426,14.414172,50.075426,14.414172,0,200,1,0,1,1,3,Praha,"ATM Euronet bankomat, Rašínovo nábřeží, Vyšehrad, obvod Praha 2, Praha, 120 00, Česko",nominatim/nominatim_bounded,verificado
europa_katia.csv,205,Praga,Pasaje Lucerna,Palác Lucerna,Sitio histórico,50.081132,14.426039,50.081132,14.426039,0,200,1,0,1,1,3,Praha,"Cellarius, 704/61, Štěpánská, Nové Město, obvod Praha 1, Praha, 110 00, Česko",nominatim/nominatim_bounded,verificado
europa_katia.csv,206,Cracovia,Museo de Nowa Huta,Muzeum Nowej Huty,Museo,50.069961,20.041216,50.069961,20.041216,0,150,1,1,1,1,4,Kraków,"Muzeum Nowej Huty, 1, Osiedle Centrum E, Nowa Huta, Kraków, województwo małopolskie, 31-93",nominatim/nominatim_bounded,verificado
europa_katia.csv,207,Cracovia,Museo Czartoryski,Muzeum Czartoryskich,Museo,50.064799,19.940338,50.064799,19.940338,0,150,1,0,1,1,3,Kraków,"15, Pijarska, Stare Miasto, Kraków, województwo małopolskie, 31-015, Polska",photon/photon,verificado
europa_katia.csv,209,Cracovia,Iglesia de San Pedro y San Pablo,Kościół świętych Piotra i Pawła,Iglesia,50.056927,19.939064,50.056927,19.939064,0,150,1,0,1,1,3,Kraków,"Wahadło Foucaulta, 52a, Grodzka, Stare Miasto, Kraków, województwo małopolskie, 31-044, Po",photon/photon,verificado
europa_katia.csv,210,Cracovia,Iglesia de San Francisco,Bazylika św. Franciszka z Asyżu,Iglesia,50.059219,19.936092,50.059219,19.936092,0,150,1,0,1,1,3,Kraków,"Bazylika Świętego Franciszka z Asyżu, 5, Plac Wszystkich Świętych, Stare Miasto, Kraków, w",nominatim/nominatim_free,verificado
europa_katia.csv,211,Cracovia,Iglesia de San José,Kościół św. Józefa,Iglesia,50.043274,19.949897,50.043274,19.949897,0,150,1,0,1,1,3,Kraków,"Kościół pw. Świętego Józefa, 2, Jana Zamoyskiego, Stare Podgórze, Podgórze, Kraków, wojewó",photon/photon,verificado
europa_katia.csv,212,Cracovia,Stare Miasto,Stare Miasto,Casco histórico,50.061432,19.936158,50.061432,19.936158,0,1500,1,1,1,1,4,Kraków,"Stare Miasto, Kraków, województwo małopolskie, 31-008, Polska",nominatim/nominatim_bounded,verificado
europa_katia.csv,213,Cracovia,Calle Floriańska,ulica Floriańska,Calle,50.063411,19.940262,50.063411,19.940262,0,2000,1,0,1,1,3,Kraków,"24, Floriańska, Stare Miasto, Kraków, województwo małopolskie, 31-021, Polska",nominatim/nominatim_bounded,verificado
europa_katia.csv,214,Cracovia,Mały Rynek,Mały Rynek,Plaza,50.061144,19.940262,50.061144,19.940262,0,250,1,1,1,1,4,Kraków,"9, Mały Rynek, Stare Miasto, Kraków, województwo małopolskie, 31-041, Polska",nominatim/nominatim_free,verificado
europa_katia.csv,215,Cracovia,Puente del Padre Bernatek,Kładka Ojca Bernatka,Puente,50.046558,19.947504,50.046558,19.947504,0,150,1,0,1,1,3,Kraków,"Między wodą a niebem, Bulwar Kurlandzki, Kazimierz, Stare Miasto, Kraków, województwo mało",nominatim/nominatim_free,verificado
europa_katia.csv,217,Cracovia,Nowa Huta,Nowa Huta,Barrio,50.072728,20.037512,50.072728,20.037512,0,1500,1,1,1,1,4,Kraków,"Aleja Róż, Nowa Huta, Kraków, województwo małopolskie, 31-926, Polska",nominatim/nominatim_free,verificado
europa_katia.csv,218,Cracovia,Stary Kleparz,Stary Kleparz,Mercado,50.067384,19.941086,50.067384,19.941086,0,300,1,0,1,1,3,Kraków,"Sekret Smaku, 20, Rynek Kleparski, Kleparz, Stare Miasto, Kraków, województwo małopolskie,",nominatim/nominatim_free,verificado
europa_katia.csv,219,Cracovia,Montículo Kościuszko,Kopiec Kościuszki,Mirador,50.054915,19.893354,50.054915,19.893354,0,150,1,0,1,1,3,Kraków,"Plac Paula McCartney'a, Zwierzyniec, Kraków, województwo małopolskie, 30-210, Polska",nominatim/nominatim_free,verificado
europa_katia.csv,220,Cracovia,Teatro Juliusz Słowacki,Teatr im. Juliusza Słowackiego,Teatro,50.063947,19.943066,50.063947,19.943066,0,150,1,0,1,1,3,Kraków,"Kawiarnia Teatralna, 1, Plac Świętego Ducha, Stare Miasto, Kraków, województwo małopolskie",nominatim/nominatim_free,verificado
europa_katia.csv,221,Budapest,Belváros,Belváros,Barrio,47.491918,19.054694,47.491918,19.054694,0,1500,1,1,1,1,4,Budapest,"38, Váci utca, Pest, Belváros, V. kerület, Budapest, Közép-Magyarország, 1056, Magyarorszá",photon/photon,verificado
europa_katia.csv,222,Budapest,Váci utca,Váci utca,Calle,47.489366,19.056045,47.489366,19.056045,0,2000,1,1,1,1,4,Budapest,"Salt & Pepper, 65, Váci utca, Pest, Belváros, V. kerület, Budapest, Közép-Magyarország, 10",nominatim/nominatim_bounded,verificado
europa_katia.csv,223,Budapest,Szabadság tér,Szabadság tér,Plaza,47.504582,19.050335,47.504582,19.050335,0,250,1,1,1,1,4,Budapest,"Szovjet hősi emlékmű, Szabadság tér, Lipótváros, V. kerület, Budapest, Közép-Magyarország,",nominatim/nominatim_free,verificado
europa_katia.csv,224,Budapest,Vörösmarty tér,Vörösmarty tér,Plaza,47.496630,19.050221,47.496630,19.050221,0,250,1,1,1,1,4,Budapest,"Café de Paris, 1, Vörösmarty tér, Lipótváros, V. kerület, Budapest, Közép-Magyarország, 10",nominatim/nominatim_free,verificado
europa_katia.csv,225,Budapest,Erzsébet tér,Erzsébet tér,Plaza,47.498423,19.053591,47.498423,19.053591,0,250,1,1,1,1,4,Budapest,"Fröccsterasz, 11-13, Erzsébet tér, Lipótváros, V. kerület, Budapest, Közép-Magyarország, 1",nominatim/nominatim_free,verificado
europa_katia.csv,226,Budapest,Parque Városliget,Városliget,Parque,47.514576,19.087602,47.514576,19.087602,0,600,1,1,1,1,4,Budapest,"Liezen-Mayer sétány, Városliget, XIV. kerület, Budapest, Közép-Magyarország, 1146, Magyaro",nominatim/nominatim_free,verificado
europa_katia.csv,227,Budapest,Castillo Vajdahunyad,Vajdahunyad vára,Castillo,47.515355,19.081875,47.515355,19.081875,0,250,1,0,1,1,3,Budapest,"29732/1, Vajdahunyad sétány, Városliget, XIV. kerület, Budapest, Közép-Magyarország, 1146,",nominatim/nominatim_free,verificado
europa_katia.csv,228,Budapest,Ópera Estatal Húngara,Magyar Állami Operaház,Teatro,47.502870,19.058158,47.502870,19.058158,0,150,1,0,1,1,3,Budapest,"Opera Café, 22, Andrássy út, Terézváros, VI. kerület, Budapest, Közép-Magyarország, 1061, ",nominatim/nominatim_free,verificado
europa_katia.csv,229,Budapest,Holocaust Memorial Center,Holokauszt Emlékközpont,Museo,47.483663,19.073840,47.483663,19.073840,0,150,1,1,1,1,4,Budapest,"Holokauszt Emlékközpont, 39, Páva utca, Középső-Ferencváros rehabilitációs terület, Középs",nominatim/nominatim_free,verificado
europa_katia.csv,230,Budapest,Museo Nacional de Hungría,Magyar Nemzeti Múzeum,Museo,47.491184,19.062884,47.491184,19.062884,0,150,1,0,1,1,3,Budapest,"14-16, Múzeum körút, Palotanegyed, VIII. kerület, Budapest, Közép-Magyarország, 1088, Magy",nominatim/nominatim_free,verificado
europa_katia.csv,233,Budapest,Funicular del Castillo,Budavári Sikló,Teleférico,47.497760,19.039171,47.497760,19.039171,0,300,1,0,1,1,3,Budapest,"Buda, Víziváros, I. kerület, Budapest, Közép-Magyarország, 1013, Magyarország",nominatim/nominatim_bounded,verificado
europa_katia.csv,234,Budapest,Citadella,Citadella,Mirador,47.486990,19.046266,47.486990,19.046266,0,150,1,1,1,1,4,Budapest,"1, Citadella sétány, Gellérthegy, I. kerület, Budapest, Közép-Magyarország, 1118, Magyaror",nominatim/nominatim_bounded,verificado
europa_katia.csv,235,Colmar,Koïfhus,Koïfhus,Sitio histórico,48.075868,7.358876,48.075868,7.358876,0,200,1,0,1,1,3,Colmar,"29, Grand'Rue, Colmar, Colmar-Ribeauvillé, Haut-Rhin, Collectivité européenne d'Alsace, Gr",nominatim/nominatim_bounded,verificado
europa_katia.csv,236,Colmar,Église des Dominicains,Église des Dominicains,Iglesia,48.078289,7.356542,48.078289,7.356542,0,150,1,1,1,1,4,Colmar,"Église des Dominicains, Place des Dominicains, Colmar, Colmar-Ribeauvillé, Haut-Rhin, Coll",nominatim/nominatim_free,verificado
europa_katia.csv,237,Colmar,Église Saint-Matthieu,Église Saint-Matthieu,Iglesia,48.077033,7.360729,48.077033,7.360729,0,150,1,1,1,1,4,Colmar,"Église Saint-Matthieu, Grand'Rue, Colmar, Colmar-Ribeauvillé, Haut-Rhin, Collectivité euro",nominatim/nominatim_free,verificado
europa_katia.csv,238,Colmar,Rue des Marchands,Rue des Marchands,Calle,48.077094,7.357144,48.077094,7.357144,0,2000,1,1,1,1,4,Colmar,"20a, Rue des Marchands, Colmar, Colmar-Ribeauvillé, Haut-Rhin, Collectivité européenne d'A",nominatim/nominatim_bounded,verificado
europa_katia.csv,239,Colmar,Grand'Rue,Grand'Rue,Calle,48.074962,7.357392,48.074962,7.357392,0,2000,1,1,1,1,4,Colmar,"Restaurant le Zinc, 45, Grand'Rue, Colmar, Colmar-Ribeauvillé, Haut-Rhin, Collectivité eur",nominatim/nominatim_bounded,verificado
europa_katia.csv,240,Estrasburgo,Musée Alsacien,Musée Alsacien,Museo,48.579132,7.750604,48.579132,7.750604,0,150,1,1,1,1,4,Strasbourg,"Musée Alsacien, 23, Quai Saint-Nicolas, Krutenau, Bourse-Esplanade-Krutenau, Strasbourg, B",nominatim/nominatim_free,verificado
europa_katia.csv,242,Estrasburgo,Maison des Tanneurs,Maison des Tanneurs,Sitio histórico,48.581405,7.741809,48.581405,7.741809,0,200,1,1,1,1,4,Strasbourg,"Maison des Tanneurs, Rue du Bain aux Plantes, La Petite France, Centre, Strasbourg, Bas-Rh",nominatim/nominatim_bounded,verificado
europa_katia.csv,243,Estrasburgo,Rue des Moulins,Rue des Moulins,Calle,48.580146,7.742358,48.580146,7.742358,0,2000,1,1,1,1,4,Strasbourg,"18, Rue des Moulins, La Petite France, Centre, Strasbourg, Bas-Rhin, Collectivité européen",nominatim/nominatim_bounded,verificado
europa_katia.csv,244,Estrasburgo,Maison Kammerzell,Maison Kammerzell,Sitio histórico,48.581969,7.749754,48.581969,7.749754,0,200,1,1,1,1,4,Strasbourg,"La Maison Kammerzell, 16, Place de la Cathédrale, Centre, Strasbourg, Bas-Rhin, Collectivi",nominatim/nominatim_bounded,verificado
europa_katia.csv,245,Estrasburgo,Place du Marché-aux-Cochons-de-Lait,Place du Marché-aux-Cochons-de-Lait,Plaza,48.580382,7.751119,48.580382,7.751119,0,250,1,1,1,1,4,Strasbourg,"Pfifferbriader, 14, Place du Marché aux Cochons de Lait, Centre, Strasbourg, Bas-Rhin, Col",nominatim/nominatim_free,verificado
europa_katia.csv,246,Estrasburgo,Rue du Vieux-Marché-aux-Poissons,Rue du Vieux-Marché-aux-Poissons,Calle,48.580528,7.749645,48.580528,7.749645,0,2000,1,1,1,1,4,Strasbourg,"32, Rue du Vieux Marché aux Poissons, Centre, Strasbourg, Bas-Rhin, Collectivité européenn",nominatim/nominatim_bounded,verificado
europa_katia.csv,247,Estrasburgo,Rue Mercière,Rue Mercière,Calle,48.581311,7.749507,48.581311,7.749507,0,2000,1,1,1,1,4,Strasbourg,"Rue Mercière, Centre, Strasbourg, Bas-Rhin, Collectivité européenne d'Alsace, Grand Est, F",nominatim/nominatim_bounded,verificado
europa_katia.csv,248,Estrasburgo,Biblioteca Nacional y Universitaria,Bibliothèque nationale et universitaire,Sitio histórico,48.587539,7.756261,48.587539,7.756261,0,200,1,0,1,1,3,Strasbourg,"5, Rue du Maréchal Joffre, Centre, Strasbourg, Bas-Rhin, Collectivité européenne d'Alsace,",nominatim/nominatim_bounded,verificado
europa_katia.csv,249,Estrasburgo,Palais du Rhin,Palais du Rhin,Palacio,48.587646,7.752543,48.587646,7.752543,0,200,1,0,1,1,3,Strasbourg,"Commission centrale pour la navigation du Rhin, Place de la République, Centre, Strasbourg",nominatim/nominatim_bounded,verificado
europa_katia.csv,250,Estrasburgo,Palais Universitaire,Palais Universitaire,Sitio histórico,48.584800,7.762594,48.584800,7.762594,0,200,1,0,1,1,3,Strasbourg,"Place de l'Université, Quartier des XV, Orangerie-Conseil des XV, Strasbourg, Bas-Rhin, Co",nominatim/nominatim_bounded,verificado
europa_katia.csv,251,Estrasburgo,Église Saint-Paul,Église Saint-Paul de Strasbourg,Iglesia,48.586326,7.759902,48.586326,7.759902,0,150,1,0,1,1,3,Strasbourg,"Église Saint-Paul, Quai Mullenheim, Quartier des XV, Orangerie-Conseil des XV, Strasbourg,",nominatim/nominatim_free,verificado
europa_katia.csv,252,Estrasburgo,Gare de Strasbourg,Gare de Strasbourg,Sitio histórico,48.585293,7.733925,48.585293,7.733925,0,200,1,0,1,1,3,Strasbourg,"20, Place de la Gare, Tribunal-Gare-Porte de Schirmeck, Strasbourg, Bas-Rhin, Collectivité",nominatim/nominatim_bounded,verificado
europa_katia.csv,253,Estrasburgo,Pavillon Joséphine,Pavillon Joséphine,Sitio histórico,48.592538,7.774807,48.592538,7.774807,0,200,1,0,1,1,3,Strasbourg,"Allée de l'Orangerie Joséphine, Quartier des XV, Orangerie-Conseil des XV, Strasbourg, Bas",nominatim/nominatim_bounded,verificado
europa_katia.csv,254,Friburgo,Seepark Freiburg,Seepark,Parque,48.010574,7.820720,48.010574,7.820720,0,600,1,0,1,1,3,Freiburg im Breisgau,"Anton-Dichtel-Platz, Betzenhausen-Bischofslinde, Betzenhausen, Freiburg im Breisgau, Baden",nominatim/nominatim_free,verificado
europa_katia.csv,255,Friburgo,Konviktstraße,Konviktstraße,Calle,47.994082,7.854611,47.994082,7.854611,0,2000,1,1,1,1,4,Freiburg im Breisgau,"Kreuzblume, 31, Konviktstraße, Altstadt-Mitte, Altstadt, Freiburg im Breisgau, Ballrechten",nominatim/nominatim_bounded,verificado
europa_katia.csv,256,Friburgo,Münsterplatz,Münsterplatz,Plaza,47.995596,7.852733,47.995596,7.852733,0,250,1,1,1,1,4,Freiburg im Breisgau,"1, Münsterplatz, Altstadt-Mitte, Altstadt, Freiburg im Breisgau, Baden-Württemberg, 79098,",nominatim/nominatim_free,verificado
europa_katia.csv,257,Friburgo,Historisches Kaufhaus,Historisches Kaufhaus,Sitio histórico,47.994967,7.852671,47.994967,7.852671,0,200,1,1,1,1,4,Freiburg im Breisgau,"Historisches Kaufhaus, 24, Münsterplatz, Altstadt-Mitte, Altstadt, Freiburg im Breisgau, B",nominatim/nominatim_bounded,verificado
europa_katia.csv,258,Friburgo,Schlossbergbahn,Schlossbergbahn,Teleférico,47.996615,7.858877,47.996615,7.858877,0,300,1,0,1,1,3,Freiburg im Breisgau,"Haus des Schwarzwaldvereins, Mozartstraße, Altstadt-Mitte, Neuburg, Freiburg im Breisgau, ",nominatim/nominatim_free,verificado
europa_katia.csv,259,Friburgo,Augustinerplatz,Augustinerplatz,Plaza,47.993753,7.852147,47.993753,7.852147,0,250,1,1,1,1,4,Freiburg im Breisgau,"Kien Augustinermuseum, 3, Augustinerplatz, Altstadt-Mitte, Altstadt, Freiburg im Breisgau,",nominatim/nominatim_free,verificado
europa_katia.csv,260,Friburgo,Bertoldsbrunnen,Bertoldsbrunnen,Monumento,47.994878,7.849857,47.994878,7.849857,0,200,1,1,1,1,4,Freiburg im Breisgau,"Bertoldsbrunnen, Bertoldstraße, Altstadt-Mitte, Altstadt, Freiburg im Breisgau, Baden-Würt",nominatim/nominatim_bounded,verificado
europa_katia.csv,262,Highlands,Cluanie Inn,Cluanie Inn,Sitio histórico,57.156131,-5.182119,57.156131,-5.182119,0,200,1,1,1,1,4,Highland,"Cluanie Inn, A87, Highland, Alba / Scotland, IV63 7YW, United Kingdom",nominatim/nominatim_bounded,verificado
europa_katia.csv,264,Highlands,Loch an Eilein,Loch an Eilein,Lago,57.147982,-3.819462,57.147982,-3.819462,0,3000,1,1,1,1,4,Highland,"Loch an Eilein castle, Loch an Eilean Road, Highland, Alba / Scotland, United Kingdom",nominatim/nominatim_free,verificado
europa_katia.csv,266,Highlands,River Ness,River Ness,Paseo,57.455780,-4.257835,57.455780,-4.257835,0,2000,1,0,1,1,3,Inverness,"A8082, Ness-side, Holm, Inverness, Highland, Alba / Scotland, IV2 6FU, United Kingdom",nominatim/fuentes discrepan 3.2 km,verificado
europa_katia.csv,268,Highlands,St Andrews,St Andrews,Pueblo,55.863454,-3.982368,55.863454,-3.982368,0,6000,1,1,1,1,4,Airdrie,"St Andrews, 2, Victoria Place, Whinhall, Airdrie, North Lanarkshire, Alba / Scotland, ML6 ",nominatim/bajo_umbral,verificado
